# This file uses centimeters as units for non-parametric coordinates.

mtllib Lamp.mtl
g default
v -1.786742 -1.796463 1.917714
v 1.880979 -1.796463 1.917714
v -1.786742 -1.796463 -1.750006
v 1.880979 -1.796463 -1.750006
v 0.047116 -0.166392 3.411754
v 0.047117 -1.796463 1.917714
v 3.375018 -0.166392 3.411754
v -3.280778 -0.166392 3.411754
v 0.047116 -0.166392 -3.244041
v 3.375018 -0.166392 -3.244041
v 0.047117 -1.796463 -1.750006
v -3.280778 -0.166392 -3.244041
v 0.047117 -1.796463 0.083853
v 1.880979 -1.796463 0.083853
v -1.786742 -1.796463 0.083853
v 3.375018 -0.166392 0.083851
v -3.280778 -0.166392 0.083851
v -0.869813 -0.879532 1.917714
v -1.786742 -0.879532 1.917714
v -0.869813 -1.796463 1.917714
v -1.616832 -0.166392 3.411754
v -1.616832 -0.166392 -3.244041
v -0.869813 -1.796463 -0.833076
v -1.786742 -1.796463 -0.833076
v -0.869813 -1.796463 -1.750006
v 0.047117 -1.796463 -0.833076
v -0.869813 -1.796463 0.083853
v 1.880979 -0.879532 1.000783
v 1.880979 -0.879532 1.917714
v 1.880979 -1.796463 1.000783
v 3.375018 -0.166392 1.747803
v -1.786742 -0.879532 -0.833076
v -1.786742 -0.879532 -1.750006
v -3.280778 -0.166392 -1.580095
v 0.964046 -0.879532 1.917714
v 0.964046 -1.796463 1.917714
v 1.711064 -0.166392 3.411754
v 1.711064 -0.166392 -3.244041
v 0.964046 -0.879532 -1.750006
v 1.880979 -0.879532 -1.750006
v 0.964046 -1.796463 -1.750006
v -0.869813 -0.879532 -1.750006
v 0.964046 -1.796463 -0.833076
v 1.880979 -1.796463 -0.833076
v 0.964046 -1.796463 0.083853
v 0.964046 -1.796463 1.000783
v 0.047117 -1.796463 1.000783
v -0.869813 -1.796463 1.000783
v -1.786742 -1.796463 1.000783
v 1.880979 -0.879532 -0.833076
v 3.375018 -0.166392 -1.580095
v -1.786742 -0.879532 1.000783
v -3.280778 -0.166392 1.747803
v 0.047117 -1.796463 3.097538
v 0.964046 -1.796463 3.097538
v 0.964046 -0.879532 3.097538
v -0.869813 -1.796463 3.097538
v -0.869813 -0.879532 3.097538
v 0.047116 -0.166392 5.552776
v -1.616832 -0.166392 5.552776
v 1.711064 -0.166392 5.552776
v 0.047117 -1.796463 -2.929830
v -0.869813 -1.796463 -2.929830
v -0.869813 -0.879532 -2.929830
v 0.964046 -1.796463 -2.929830
v 0.964046 -0.879532 -2.929830
v 0.047116 -0.166392 -5.385062
v 1.711064 -0.166392 -5.385062
v -1.616832 -0.166392 -5.385062
v 3.060799 -1.796463 0.083853
v 3.060799 -1.796463 -0.833076
v 3.060799 -0.879532 -0.833076
v 3.060799 -1.796463 1.000783
v 3.060799 -0.879532 1.000783
v 5.516034 -0.166392 0.083851
v 5.516034 -0.166392 1.747803
v 5.516034 -0.166392 -1.580095
v -2.966563 -1.796463 0.083853
v -2.966563 -1.796463 1.000783
v -2.966563 -0.879532 1.000783
v -2.966563 -1.796463 -0.833076
v -2.966563 -0.879532 -0.833076
v -5.421795 -0.166392 0.083851
v -5.421795 -0.166392 -1.580095
v -5.421795 -0.166392 1.747803
v 0.047117 -2.828372 4.277327
v 0.964046 -2.828372 4.277327
v 0.964046 -1.911435 4.277327
v -0.869813 -2.828372 4.277327
v -0.869813 -1.911435 4.277327
v 0.047117 -0.994507 4.277327
v -0.869813 -0.994507 4.277327
v 0.964046 -0.994507 4.277327
v 0.047117 -2.828372 -4.109622
v -0.869813 -2.828372 -4.109622
v -0.869813 -1.911435 -4.109622
v 0.964046 -2.828372 -4.109622
v 0.964046 -1.911435 -4.109622
v 0.047117 -0.994507 -4.109622
v 0.964046 -0.994507 -4.109622
v -0.869813 -0.994507 -4.109622
v 4.240593 -2.828372 0.083853
v 4.240593 -2.828372 -0.833076
v 4.240593 -1.911435 -0.833076
v 4.240593 -2.828372 1.000783
v 4.240593 -1.911435 1.000783
v 4.240593 -0.994507 0.083853
v 4.240593 -0.994507 1.000783
v 4.240593 -0.994507 -0.833076
v -4.146356 -2.828372 0.083853
v -4.146356 -2.828372 1.000783
v -4.146356 -1.911435 1.000783
v -4.146356 -2.828372 -0.833076
v -4.146356 -1.911435 -0.833076
v -4.146356 -0.994507 0.083853
v -4.146356 -0.994507 -0.833076
v -4.146356 -0.994507 1.000783
v 0.047117 -2.828372 8.778621
v 0.964046 -2.828372 8.778621
v 0.964046 -1.911435 8.778621
v -0.869813 -2.828372 8.778621
v -0.869813 -1.911435 8.778621
v 0.047117 -0.994507 8.778621
v -0.869813 -0.994507 8.778621
v 0.964046 -0.994507 8.778621
v 0.047117 -2.828372 -8.610918
v -0.869813 -2.828372 -8.610918
v -0.869813 -1.911435 -8.610918
v 0.964046 -2.828372 -8.610918
v 0.964046 -1.911435 -8.610918
v 0.047117 -0.994507 -8.610918
v 0.964046 -0.994507 -8.610918
v -0.869813 -0.994507 -8.610918
v 8.741876 -2.828372 0.083853
v 8.741876 -2.828372 -0.833076
v 8.741876 -1.911435 -0.833076
v 8.741876 -2.828372 1.000783
v 8.741876 -1.911435 1.000783
v 8.741876 -0.994507 0.083853
v 8.741876 -0.994507 1.000783
v 8.741876 -0.994507 -0.833076
v -8.647637 -2.828372 0.083853
v -8.647637 -2.828372 1.000783
v -8.647637 -1.911435 1.000783
v -8.647637 -2.828372 -0.833076
v -8.647637 -1.911435 -0.833076
v -8.647637 -0.994507 0.083853
v -8.647637 -0.994507 -0.833076
v -8.647637 -0.994507 1.000783
v 0.047117 -4.974706 9.599594
v 0.964046 -4.974706 9.599594
v 0.544030 -0.052655 5.645853
v -0.869813 -4.974706 9.599594
v -0.869813 -4.057770 9.599594
v 0.047117 -3.140846 9.599594
v -0.869813 -3.140846 9.599594
v 0.964046 -3.140846 9.599594
v 0.047117 -4.974706 -9.431885
v -0.869813 -4.974706 -9.431885
v -0.869813 -4.057770 -9.431885
v 0.964046 -4.974706 -9.431885
v 0.964046 -4.057770 -9.431885
v 0.047117 -3.140846 -9.431885
v 0.964046 -3.140846 -9.431885
v -0.869813 -3.140846 -9.431885
v 9.562868 -4.974706 0.083853
v 9.562868 -4.974706 -0.833076
v 9.562868 -4.057770 -0.833076
v 9.562868 -4.974706 1.000783
v 5.645853 -0.052655 0.544030
v 9.562868 -3.140846 0.083853
v 9.562868 -3.140846 1.000783
v 9.562868 -3.140846 -0.833076
v -9.468638 -4.974706 0.083853
v -9.468638 -4.974706 1.000783
v -9.468638 -4.057770 1.000783
v -9.468638 -4.974706 -0.833076
v -9.468638 -4.057770 -0.833076
v -9.468638 -3.140846 0.083853
v -9.468638 -3.140846 -0.833076
v -9.468638 -3.140846 1.000783
v 0.047117 -4.974706 10.140644
v 0.544030 -0.596688 5.966862
v 0.544030 -0.052655 5.966862
v -0.869813 -4.974706 10.140644
v -0.869813 -4.057770 10.140644
v 0.047117 -3.140846 10.140644
v -0.869813 -3.140846 10.140644
v 0.544030 0.491376 5.966862
v 0.047117 -4.974706 -9.972936
v -0.869813 -4.974706 -9.972936
v -0.869813 -4.057770 -9.972936
v 0.964046 -4.974706 -9.972936
v 0.964046 -4.057770 -9.972936
v 0.047117 -3.140846 -9.972936
v 0.964046 -3.140846 -9.972936
v -0.869813 -3.140846 -9.972936
v 10.103896 -4.974706 0.083853
v 10.103896 -4.974706 -0.833076
v 10.103896 -4.057770 -0.833076
v 5.966862 -0.596688 0.544030
v 5.966862 -0.052655 0.544030
v 10.103896 -3.140845 0.083853
v 5.966862 0.491376 0.544030
v 10.103896 -3.140845 -0.833076
v -10.009683 -4.974706 0.083853
v -10.009683 -4.974706 1.000783
v -10.009683 -4.057770 1.000783
v -10.009683 -4.974706 -0.833076
v -10.009683 -4.057770 -0.833076
v -10.009683 -3.140845 0.083853
v -10.009683 -3.140845 -0.833076
v -10.009683 -3.140845 1.000783
v 0.000000 -0.596688 7.166893
v 0.544030 -0.596688 7.166893
v 0.544030 -0.052655 7.166893
v -0.544030 -0.596688 7.166893
v -0.544030 -0.052655 7.166893
v 0.000000 0.491376 7.166893
v -0.544030 0.491376 7.166893
v 0.544030 0.491376 7.166893
v 0.047117 -4.974706 -11.995529
v -0.869813 -4.974706 -11.995529
v -0.869813 -4.057770 -11.995529
v 0.964046 -4.974706 -11.995529
v 0.964046 -4.057770 -11.995529
v 0.047117 -3.140846 -11.995529
v 0.964046 -3.140846 -11.995529
v -0.869813 -3.140846 -11.995529
v 7.166893 -0.596688 -0.000000
v 7.166893 -0.596688 -0.544030
v 7.166893 -0.052655 -0.544030
v 7.166893 -0.596688 0.544030
v 7.166893 -0.052655 0.544030
v 7.166893 0.491376 -0.000000
v 7.166893 0.491376 0.544030
v 7.166893 0.491376 -0.544030
v -12.032260 -4.974706 0.083852
v -12.032260 -4.974706 1.000783
v -12.032260 -4.057770 1.000783
v -12.032260 -4.974706 -0.833077
v -7.166893 -0.052655 -0.544030
v -12.032260 -3.140845 0.083852
v -12.032260 -3.140845 -0.833077
v -12.032260 -3.140845 1.000783
v -0.000000 -2.373256 7.963574
v 0.544030 -2.373256 7.963574
v 0.544030 -1.829249 7.963574
v -0.544030 -2.373256 7.963574
v -0.544030 -1.829249 7.963574
v -0.000000 -1.285219 7.963574
v -0.544030 -1.285219 7.963574
v 0.544030 -1.285219 7.963574
v 0.047117 -7.969008 -13.338265
v -0.869813 -7.969008 -13.338265
v -0.544030 -1.829249 -7.963574
v 0.964046 -7.969008 -13.338265
v 0.964046 -7.052111 -13.338265
v 0.047117 -6.135191 -13.338265
v 0.964046 -6.135191 -13.338265
v -0.869813 -6.135191 -13.338265
v 7.963574 -2.373256 -0.000000
v 7.963574 -2.373256 -0.544030
v 7.963574 -1.829249 -0.544030
v 7.963574 -2.373256 0.544030
v 7.963574 -1.829249 0.544030
v 7.963574 -1.285219 -0.000000
v 7.963574 -1.285219 0.544030
v 7.963574 -1.285219 -0.544030
v -7.963574 -2.373256 -0.000000
v -7.963574 -2.373256 0.544030
v -7.963574 -1.829249 0.544030
v -7.963574 -2.373256 -0.544030
v -7.963574 -1.829249 -0.544030
v -7.963574 -1.285219 -0.000000
v -7.963574 -1.285219 -0.544030
v -7.963574 -1.285219 0.544030
v 0.000000 -2.373256 9.732595
v 0.544030 -2.373256 9.732595
v 0.544030 -1.829249 9.732595
v -0.544030 -2.373256 9.732595
v -0.544030 -1.829249 9.732595
v 0.000000 -1.285219 9.732595
v -0.544030 -1.285219 9.732595
v 0.544030 -1.285219 9.732595
v -0.000000 -2.373256 -9.732595
v -0.544030 -2.373256 -9.732595
v -0.544030 -1.829249 -9.732595
v 0.544030 -2.373256 -9.732595
v 0.544030 -1.829249 -9.732595
v -0.000000 -1.285219 -9.732595
v 0.544030 -1.285219 -9.732595
v -0.544030 -1.285219 -9.732595
v 9.732595 -2.373256 -0.000000
v 9.732595 -2.373256 -0.544030
v 9.732595 -1.829249 -0.544030
v 9.732595 -2.373256 0.544030
v 9.732595 -1.829249 0.544030
v 9.732595 -1.285219 -0.000000
v 9.732595 -1.285219 0.544030
v 9.732595 -1.285219 -0.544030
v -9.732595 -2.373256 -0.000000
v -9.732595 -2.373256 0.544030
v -9.732595 -1.829249 0.544030
v -9.732595 -2.373256 -0.544030
v -9.732595 -1.829249 -0.544030
v -9.732595 -1.285219 -0.000000
v -9.732595 -1.285219 -0.544030
v -9.732595 -1.285219 0.544030
v 0.000000 -2.885931 10.581132
v 0.747202 -2.576429 10.581132
v 1.056702 -1.829249 10.581132
v -0.747202 -2.576429 10.581132
v -1.056702 -1.829249 10.581132
v -0.000000 -0.772542 10.581132
v -0.747202 -1.082044 10.581132
v 0.747202 -1.082044 10.581132
v -0.000000 -2.885931 -10.581132
v -0.747202 -2.576429 -10.581132
v -1.056702 -1.829249 -10.581132
v 0.747202 -2.576429 -10.581132
v 1.056702 -1.829249 -10.581132
v 0.000000 -0.772542 -10.581132
v 0.747202 -1.082044 -10.581132
v -0.747202 -1.082044 -10.581132
v 10.581132 -2.885931 -0.000000
v 10.581132 -2.576429 -0.747202
v 10.581132 -1.829249 -1.056702
v 10.581132 -2.576429 0.747202
v 10.581132 -1.829249 1.056702
v 10.581132 -0.772542 0.000000
v 10.581132 -1.082044 0.747202
v 10.581132 -1.082044 -0.747202
v -10.581132 -2.885931 -0.000000
v -10.581132 -2.576429 0.747202
v -10.581132 -1.829249 1.056702
v -10.581132 -2.576429 -0.747202
v -10.581132 -1.829249 -1.056702
v -10.581132 -0.772542 -0.000000
v -10.581132 -1.082044 -0.747202
v -10.581132 -1.082044 0.747202
v -0.000000 -4.280237 -13.096860
v -1.733107 -3.562356 -13.096860
v -2.450974 -1.829249 -13.096860
v 1.733107 -3.562356 -13.096860
v 2.450974 -1.829249 -13.096860
v -0.000000 0.621733 -13.096860
v 1.733104 -0.096142 -13.096860
v -1.733105 -0.096142 -13.096860
v 13.096861 -4.280236 -0.000000
v 13.096861 -3.562356 -1.733106
v 13.096861 -1.829250 -2.450972
v 13.096861 -3.562352 1.733106
v 13.096861 -1.829249 2.450972
v 13.096861 0.621731 0.000000
v 13.096861 -0.096142 1.733106
v 13.096861 -0.096145 -1.733106
v -13.096861 -4.280236 0.000000
v -13.096861 -3.562356 1.733106
v -13.096861 -1.829250 2.450972
v -13.096861 -3.562352 -1.733106
v -13.096861 -1.829249 -2.450972
v -13.096861 0.621731 -0.000000
v -13.096861 -0.096142 -1.733106
v -13.096861 -0.096145 1.733106
v 0.000000 -4.280237 15.462540
v 1.733107 -3.562356 15.462540
v 2.450974 -1.829249 15.462540
v -1.733107 -3.562356 15.462540
v -2.450974 -1.829249 15.462540
v -0.000000 0.621733 15.462540
v -1.733106 -0.096142 15.462540
v 1.733106 -0.096142 15.462540
v -0.000000 -4.280237 -15.462540
v -1.733107 -3.562356 -15.462540
v -2.450974 -1.829249 -15.462540
v 1.733107 -3.562356 -15.462540
v 2.450974 -1.829249 -15.462540
v 0.000000 0.621733 -15.462540
v 1.733106 -0.096142 -15.462540
v -1.733106 -0.096142 -15.462540
v 15.462541 -4.280238 -0.000000
v 15.462541 -3.562356 -1.733106
v 15.462541 -1.829250 -2.450972
v 15.462541 -3.562353 1.733106
v 15.462541 -1.829249 2.450972
v 15.462541 0.621732 0.000000
v 15.462541 -0.096142 1.733106
v 15.462541 -0.096144 -1.733106
v -15.462541 -4.280238 0.000000
v -15.462541 -3.562356 1.733106
v -15.462541 -1.829250 2.450972
v -15.462541 -3.562353 -1.733106
v -15.462541 -1.829249 -2.450972
v -15.462541 0.621732 -0.000000
v -15.462541 -0.096142 -1.733106
v -15.462541 -0.096144 1.733106
v -0.000000 -6.352144 -18.092330
v -2.788050 -4.617263 -18.092330
v -4.522912 -1.829248 -18.092330
v 2.788050 -4.617263 -18.092330
v 4.522912 -1.829248 -18.092330
v 0.000000 2.693678 -18.092330
v 2.788041 0.958805 -18.092330
v -2.788044 0.958805 -18.092330
v 18.092330 -6.352144 0.000000
v 18.092330 -4.617269 -2.788047
v 18.092330 -1.829249 -4.522906
v 18.092330 -4.617257 2.788047
v 18.092330 -1.829248 4.522906
v 18.092330 2.693677 0.000000
v 18.092330 0.958805 2.788047
v 18.092330 0.958806 -2.788047
v -18.092330 -6.352144 -0.000000
v -18.092330 -4.617269 2.788047
v -18.092330 -1.829249 4.522906
v -18.092330 -4.617257 -2.788047
v -18.092330 -1.829248 -4.522906
v -18.092330 2.693677 -0.000000
v -18.092330 0.958805 -2.788047
v -18.092330 0.958806 2.788047
v -0.595484 -10.060274 22.413869
v 3.897254 -9.077934 25.058014
v 6.707196 -7.078213 29.088609
v -5.059030 -8.222895 24.614196
v -7.822166 -5.691098 28.368626
v -0.519481 -2.709012 35.043075
v -5.012208 -3.691368 32.399078
v 3.944096 -4.546396 32.842873
v 0.730725 -10.049291 -22.424429
v -3.708684 -9.122311 -25.176321
v -6.446326 -7.148715 -29.269171
v 5.220412 -8.139609 -24.506754
v 8.038924 -5.554525 -28.182905
v 0.861898 -2.653924 -35.027336
v 5.301283 -3.580909 -32.275540
v -3.627810 -4.563618 -32.945152
v 22.402887 -10.048242 0.699162
v 24.948520 -9.013749 -3.838474
v 28.920671 -6.987092 -6.711755
v 24.707145 -8.274166 5.135806
v 28.528944 -5.787274 7.846826
v 35.046508 -2.726163 0.435907
v 32.500912 -3.760659 4.973552
v 32.742332 -4.500217 -4.000759
v -22.404937 -10.075015 -0.461626
v -24.995655 -9.064536 4.055900
v -28.994757 -7.050582 6.900468
v -24.661943 -8.272272 -4.910969
v -28.453488 -5.765239 -7.645986
v -35.043113 -2.740845 -0.283899
v -32.452408 -3.751299 -4.801382
v -32.786099 -4.543616 4.165420
v 0.031848 -5.875592 19.514257
v -0.084074 -5.733894 20.616354
v -0.325808 -7.383386 22.128942
v 2.817977 -3.885830 20.079492
v 3.003640 -3.984288 22.614591
v 3.374196 -5.834455 24.181102
v 4.572114 -1.606301 22.652771
v 4.782948 -1.990761 25.258760
v 5.295450 -3.296936 26.896068
v -2.752031 -3.818829 19.705082
v -3.091000 -3.663015 22.285265
v -3.953280 -5.408145 23.890802
v -4.453477 -1.194630 21.832067
v -4.733131 -1.244661 24.685770
v -5.573749 -2.353365 26.412254
v 0.107903 1.524329 27.364013
v 0.076368 1.017464 29.391697
v -0.064630 0.053669 31.186665
v -2.680604 0.718003 25.607520
v -2.863916 0.284012 27.681131
v -3.443940 -0.814427 29.397967
v 2.872653 0.297894 25.979866
v 2.977026 -0.224472 27.979890
v 3.233471 -1.385375 29.661172
v -0.000410 -6.333326 -18.114578
v 0.119642 -5.720425 -20.624130
v 0.412558 -7.355529 -22.135141
v -2.798423 -3.878490 -20.166412
v -2.939558 -3.996761 -22.698114
v -3.251061 -5.848160 -24.268678
v -4.514699 -1.633549 -22.810341
v -4.681979 -2.037836 -25.389656
v -5.145409 -3.357716 -27.031067
v 2.764315 -3.829854 -19.634498
v 3.144533 -3.642349 -22.210014
v 4.066768 -5.369116 -23.808340
v 4.489918 -1.168383 -21.704168
v 4.812735 -1.184392 -24.561241
v 5.708990 -2.277379 -26.284162
v 0.011912 1.544494 -27.356826
v 0.079336 1.042682 -29.382713
v 0.271943 0.084355 -31.179301
v 2.768678 0.764334 -25.519905
v 2.988100 0.342406 -27.598579
v 3.621124 -0.744426 -29.311850
v -2.769567 0.280707 -26.049162
v -2.837288 -0.241774 -28.046090
v -3.041598 -1.399185 -29.731172
v 18.155797 -6.297810 0.002149
v 20.631223 -5.729146 0.202122
v 22.126798 -7.440642 0.476837
v 20.022624 -3.876999 -2.750393
v 22.539507 -3.949632 -2.876221
v 24.092607 -5.777282 -3.254365
v 22.452520 -1.572606 -4.490271
v 25.116996 -1.923774 -4.669299
v 26.757479 -3.197194 -5.193623
v 19.745405 -3.813665 2.814395
v 22.346704 -3.672082 3.222276
v 23.967325 -5.446179 4.083978
v 21.889335 -1.216578 4.534890
v 24.773746 -1.271007 4.847208
v 26.501839 -2.365756 5.653872
v 27.353163 1.528939 -0.033475
v 29.386775 1.022068 -0.002851
v 31.176797 0.059377 0.102225
v 25.688864 0.695053 2.772269
v 27.748055 0.257624 2.960138
v 29.459047 -0.843066 3.503357
v 25.900161 0.334089 -2.787738
v 27.911637 -0.186216 -2.889368
v 29.596736 -1.352416 -3.181214
v -18.092689 -6.351849 0.000016
v -20.606409 -5.748836 -0.021943
v -22.121496 -7.403606 -0.215031
v -20.026678 -3.896672 2.851896
v -22.568258 -3.987749 3.089577
v -24.135099 -5.842822 3.502654
v -22.586664 -1.597797 4.638615
v -25.194704 -1.976403 4.891750
v -26.827581 -3.280669 5.437207
v -19.742506 -3.814946 -2.722916
v -22.318210 -3.678663 -3.009437
v -23.923961 -5.427920 -3.826015
v -21.905691 -1.210451 -4.398789
v -24.746338 -1.284416 -4.635840
v -26.474391 -2.408272 -5.444642
v -27.363231 1.508273 0.221843
v -29.390232 0.997852 0.217323
v -31.185065 0.030590 0.104569
v -25.640949 0.689199 -2.584341
v -27.714674 0.247429 -2.738709
v -29.435638 -0.858181 -3.289542
v -25.942979 0.299943 2.975601
v -27.941466 -0.222701 3.108667
v -29.618352 -1.383740 3.394019
v -0.901287 -12.519498 23.847179
v -1.192724 -15.333762 24.306480
v -1.493605 -17.913291 25.408658
v 3.591440 -11.537157 26.491342
v 3.928037 -14.214452 27.319261
v 3.839699 -16.747147 28.547468
v 6.401391 -9.537388 30.521908
v 7.129714 -11.935289 31.913303
v 7.175403 -14.373257 33.332077
v -5.364820 -10.682070 26.047554
v -6.280208 -13.239923 26.813442
v -6.792277 -15.732119 28.020653
v -8.127933 -8.150273 29.801928
v -9.428531 -10.354438 31.092776
v -10.072365 -12.726663 32.477367
v -0.825282 -5.168193 36.476387
v -1.106106 -6.955912 38.699329
v -1.403377 -9.186567 40.400787
v -5.318010 -6.150538 33.832386
v -6.226837 -8.074905 35.686504
v -6.736724 -10.352718 37.262061
v 3.638299 -7.005568 34.276203
v 3.981452 -9.049453 36.192356
v 3.895344 -11.367745 37.788928
v 1.112135 -12.526944 -23.874305
v 1.467038 -15.230256 -24.639295
v 1.833692 -17.745880 -25.836574
v -3.327278 -11.599962 -26.626272
v -3.401093 -14.213908 -27.656625
v -3.178373 -16.699329 -28.943427
v -6.064901 -9.626319 -30.719044
v -6.402718 -12.049752 -32.144527
v -6.269123 -14.471145 -33.564049
v 5.601829 -10.617178 -25.956722
v 6.390303 -13.136304 -26.922423
v 6.902533 -15.589820 -28.187516
v 8.420330 -8.032096 -29.632786
v 9.480593 -10.301601 -30.953525
v 10.084571 -12.671302 -32.337662
v 1.243306 -5.131540 -36.477225
v 1.610872 -7.121095 -38.458614
v 1.981783 -9.396562 -40.065093
v 5.682689 -6.058498 -33.725437
v 6.478967 -8.137359 -35.441352
v 6.993810 -10.443110 -36.958323
v -3.246392 -7.041214 -34.395077
v -3.312391 -9.214977 -36.175612
v -3.087029 -11.552606 -37.714312
v 23.850973 -12.540047 0.943480
v 24.575004 -15.270720 1.188002
v 25.759439 -17.808854 1.429043
v 26.396697 -11.505542 -3.594160
v 27.380435 -14.130681 -3.813350
v 28.652643 -16.633115 -3.728142
v 30.368773 -9.478847 -6.467448
v 31.758452 -11.896957 -6.979830
v 33.166965 -14.329741 -6.993741
v 26.155287 -10.765898 5.380121
v 27.114354 -13.315522 6.078063
v 28.378272 -15.792521 6.471470
v 29.977044 -8.279033 8.091120
v 31.326713 -10.574556 9.065658
v 32.721737 -12.966153 9.552590
v 36.494616 -5.217961 0.680216
v 38.509940 -7.200810 0.897855
v 40.129291 -9.487049 1.129834
v 33.949020 -6.252396 5.217873
v 35.704551 -8.340766 5.899224
v 37.236137 -10.662768 6.287063
v 34.190441 -6.991981 -3.756470
v 35.970672 -9.155884 -3.992252
v 37.510505 -11.503351 -3.912627
v -23.858303 -12.572774 -0.736409
v -24.704765 -15.253869 -1.004812
v -25.927628 -17.767059 -1.272380
v -26.449091 -11.562297 3.781132
v -27.514149 -14.158160 3.894251
v -28.810499 -16.642632 3.754562
v -30.448094 -9.548299 6.625686
v -31.850877 -11.974164 6.978782
v -33.260315 -14.401597 6.919866
v -26.115373 -10.769964 -5.185757
v -27.152240 -13.298984 -5.829931
v -28.439139 -15.760989 -6.223443
v -29.906832 -8.262983 -7.920777
v -31.263928 -10.580271 -8.795658
v -32.658031 -12.971353 -9.266838
v -36.496455 -5.238600 -0.558686
v -38.409831 -7.300559 -0.812090
v -39.990810 -9.605886 -1.074622
v -33.905750 -6.248991 -5.076175
v -35.600574 -8.396208 -5.711087
v -37.107978 -10.730241 -6.101513
v -34.239437 -7.041344 3.890648
v -35.962424 -9.255442 4.013005
v -37.479263 -11.611960 3.876425
v -1.585981 -15.754672 31.431532
v 0.795796 -14.782054 33.608452
v -3.942971 -14.329646 33.373604
v -1.561190 -13.357051 35.550563
v 2.167468 -16.811512 -31.658972
v -0.535495 -15.719132 -34.236706
v 4.919824 -15.118712 -33.827625
v 2.216867 -14.026326 -36.405299
v 31.561492 -16.709938 1.494582
v 34.000843 -15.564202 -1.279150
v 33.854256 -15.115153 4.169777
v 36.293644 -13.969472 1.396046
v -32.144222 -17.333500 -1.465417
v -34.433914 -16.282620 1.092668
v -34.245850 -15.836003 -3.961752
v -36.535579 -14.785130 -1.403666
v 3.888799 -14.375426 -35.369002
v 0.525997 -14.745538 -35.621123
v 3.858349 -16.092266 -32.443173
v 0.495530 -16.462406 -32.695293
v -33.044396 -16.982395 0.104282
v -35.751316 -15.411534 0.142335
v -32.928444 -16.707108 -3.011426
v -35.635356 -15.136222 -2.973350
v -0.120675 -15.434275 32.293873
v -0.105386 -13.956296 34.832942
v -3.026510 -13.677424 34.688206
v -3.041771 -15.155406 32.149147
v 35.431220 -14.633439 -0.264500
v 35.340861 -14.356631 3.094394
v 32.423893 -16.045906 3.155121
v 32.514202 -16.322758 -0.203748
v -40.131412 -19.725727 -5.112304
v -40.946788 -20.830413 -5.388352
v -41.434958 -22.148952 -5.283631
v -41.522914 -23.486671 -4.812812
v -41.196506 -24.648964 -4.043159
v -40.501464 -25.469379 -3.084007
v -39.981147 -25.731362 -3.454073
v -39.786811 -25.358151 -5.032517
v -39.348132 -24.570953 -6.323512
v -38.727615 -23.481418 -7.159338
v -38.023749 -22.262027 -7.425345
v -37.357696 -21.122590 -7.085314
v -39.487888 -26.057594 -3.098265
v -38.451167 -26.242153 -4.081774
v -37.296466 -25.939380 -4.872266
v -36.188716 -25.193454 -5.357432
v -35.288356 -24.114124 -5.467956
v -34.727962 -22.861484 -5.188320
v -39.194198 -26.292183 -2.519405
v -37.665999 -26.869347 -2.513525
v -36.092754 -26.890552 -2.456846
v -34.685165 -26.361869 -2.357740
v -33.651695 -25.377285 -2.232277
v -33.162487 -24.111889 -2.102257
v -39.531345 -26.160629 -1.931590
v -38.568812 -26.521324 -0.921858
v -37.477557 -26.369175 -0.007591
v -36.413451 -25.726993 0.681045
v -35.530764 -24.689590 1.044955
v -34.959415 -23.410999 1.031100
v -40.051612 -25.898727 -1.561476
v -39.976577 -25.808937 0.067905
v -39.639431 -25.262813 1.505551
v -39.089366 -24.340538 2.562683
v -38.414966 -23.191170 3.089280
v -37.733119 -22.014171 3.004085
v -40.544875 -25.572464 -1.917409
v -41.314109 -24.928193 -0.883314
v -41.703956 -23.916538 0.051792
v -41.659698 -22.682537 0.754780
v -41.189200 -21.405925 1.124495
v -40.362846 -20.275314 1.107059
v -40.838473 -25.337898 -2.496250
v -42.097293 -24.297741 -2.451189
v -42.894759 -22.943214 -2.361178
v -43.131797 -21.460114 -2.238952
v -42.786964 -20.075912 -2.103808
v -41.928317 -19.024899 -1.978991
v -0.094672 -22.873035 -34.809506
v -0.059942 -24.149452 -35.383621
v 0.370365 -25.179108 -36.248294
v 1.133130 -25.807804 -37.275256
v 2.118361 -25.941952 -38.315189
v 3.185978 -25.561058 -39.219650
v 2.805575 -25.227062 -39.782287
v 1.213995 -25.189644 -39.777289
v -0.221877 -24.694588 -39.501933
v -1.309688 -23.814613 -38.996886
v -1.893955 -22.689049 -38.342247
v -1.884793 -21.506370 -37.647762
v 3.196494 -24.903839 -40.339889
v 2.146854 -24.290268 -41.130096
v 1.176986 -23.307941 -41.535545
v 0.424805 -22.097775 -41.499438
v -0.001219 -20.836776 -41.028991
v -0.038587 -19.712623 -40.195327
v 3.662949 -24.697750 -40.569385
v 3.643318 -23.652820 -41.823016
v 3.557481 -22.296791 -42.615917
v 3.417953 -20.815689 -42.849605
v 3.247202 -19.436615 -42.502979
v 3.074807 -18.392864 -41.644423
v 4.249460 -24.815204 -40.214416
v 5.215811 -23.972015 -40.868922
v 5.973761 -22.794174 -41.160403
v 6.416034 -21.449810 -41.048221
v 6.479752 -20.133842 -40.549964
v 6.156348 -19.039943 -39.739818
v 4.612744 -25.075813 -39.673549
v 6.173941 -24.670533 -39.419448
v 7.431280 -23.859764 -38.930617
v 8.222237 -22.757771 -38.275733
v 8.439596 -21.537807 -37.557594
v 8.055516 -20.408538 -36.898982
v 4.235921 -25.416332 -39.190703
v 5.185050 -25.585266 -38.119716
v 5.928229 -25.271824 -36.936786
v 6.360285 -24.521579 -35.810225
v 6.419795 -23.444511 -34.902797
v 6.098802 -22.199832 -34.347542
v 3.645865 -25.656860 -38.934810
v 3.597316 -26.243706 -37.407706
v 3.486872 -26.275638 -35.835254
v 3.330250 -25.757419 -34.427551
v 3.152327 -24.781715 -33.393166
v 2.983811 -23.522495 -32.902592
v 34.546002 -22.732452 -1.064459
v 35.115748 -24.011512 -1.091687
v 36.000979 -25.051960 -0.742927
v 37.071353 -25.699302 -0.068979
v 38.171706 -25.857964 0.833201
v 39.144843 -25.504238 1.835180
v 39.661574 -25.240520 1.461377
v 39.570086 -25.141067 -0.166606
v 39.218936 -24.586128 -1.597512
v 38.659122 -23.657062 -2.643533
v 37.980629 -22.503921 -3.156449
v 37.300994 -21.326740 -3.057361
v 40.158748 -24.917042 1.813995
v 40.918090 -24.267437 0.775949
v 41.299545 -23.250656 -0.157073
v 41.249438 -22.012474 -0.852255
v 40.776588 -20.733204 -1.209590
v 39.951736 -19.601864 -1.177043
v 40.458526 -24.686180 2.391288
v 41.717956 -23.647071 2.339534
v 42.515891 -22.292854 2.249396
v 42.753265 -20.809307 2.133522
v 42.408614 -19.423981 2.010079
v 41.549872 -18.371358 1.900233
v 40.127361 -24.820812 2.981716
v 40.833053 -24.006801 3.938565
v 41.168555 -22.849414 4.711691
v 41.086871 -21.514404 5.191265
v 40.601249 -20.196018 5.308742
v 39.784267 -19.088883 5.047547
v 39.610671 -25.084503 3.355525
v 39.432742 -24.720417 4.938043
v 39.008105 -23.940410 6.238064
v 38.397292 -22.855213 7.086583
v 37.697486 -21.636673 7.366943
v 37.029262 -20.494572 7.040451
v 39.113452 -25.407989 3.002779
v 38.086627 -25.597305 3.995707
v 36.940368 -25.298023 4.799691
v 35.838412 -24.553867 5.300511
v 34.940410 -23.474300 5.426584
v 34.378532 -22.219440 5.160080
v 38.813637 -25.638878 2.425525
v 37.284823 -26.214458 2.431832
v 35.711055 -26.233711 2.391084
v 34.303093 -25.703003 2.309471
v 33.269459 -24.716644 2.200379
v 32.780323 -23.449982 2.082834
v -5.375850 -21.298744 33.820038
v -5.670175 -22.547974 34.377590
v -5.578516 -23.626922 35.278511
v -5.113564 -24.376343 36.390967
v -4.341390 -24.686573 37.554439
v -3.371206 -24.512535 38.603599
v -2.965464 -24.746063 38.380889
v -2.892550 -25.327980 36.830310
v -2.766707 -25.356895 35.242915
v -2.605248 -24.838558 33.826283
v -2.433305 -23.865612 32.787560
v -2.280351 -22.611648 32.297195
v -2.442906 -24.622047 38.634620
v -1.475148 -24.999264 37.685611
v -0.571359 -24.871105 36.617778
v 0.142726 -24.255627 35.579738
v 0.567513 -23.239147 34.716484
v 0.643568 -21.964351 34.148941
v -2.019235 -24.435135 39.249339
v -0.253576 -24.333583 39.178542
v 1.292151 -23.776291 38.843699
v 2.432386 -22.844371 38.293311
v 3.010059 -21.696109 37.620658
v 2.933516 -20.549026 36.952961
v -2.438493 -24.005836 39.690898
v -1.456013 -23.369694 40.483363
v -0.540356 -22.380077 40.895412
v 0.181433 -21.174591 40.870101
v 0.608762 -19.921924 40.411578
v 0.681748 -18.798325 39.584605
v -2.953836 -23.838440 39.936935
v -2.864549 -22.776500 41.211261
v -2.724872 -21.409698 42.022018
v -2.553863 -19.921287 42.271785
v -2.377975 -18.537289 41.938872
v -2.227310 -17.492066 41.090266
v -3.365554 -23.909916 39.639896
v -4.325270 -23.078422 40.317924
v -5.088459 -21.909461 40.629668
v -5.547207 -20.569607 40.531581
v -5.636332 -19.252849 40.039264
v -5.343515 -18.152568 39.225818
v -3.718318 -24.158336 39.092811
v -5.291556 -23.774406 38.878814
v -6.571676 -22.978988 38.423545
v -7.392581 -21.884769 37.791659
v -7.642031 -20.664692 37.083041
v -7.286668 -19.528469 36.419627
v -2.005493 6.935966 2.136463
v -1.499700 7.500550 1.630669
v 0.810560 7.703338 -0.811581
v -0.021515 7.703338 -0.778708
v 0.047116 7.540228 1.670002
v 0.047116 7.082679 2.250439
v -2.119470 7.082679 0.083851
v -1.539033 7.540228 0.083851
v 0.909674 7.703338 0.015220
v 2.099725 6.935966 2.136463
v 1.593938 7.500550 1.630669
v -0.848316 7.703338 -0.679593
v -0.815443 7.703338 0.152482
v 1.633270 7.540228 0.083851
v 2.213701 7.082679 0.083851
v 2.099725 6.935966 -1.968756
v 1.593938 7.500550 -1.462967
v -0.716327 7.703338 0.979285
v 0.115746 7.703338 0.946409
v 0.047116 7.540228 -1.502301
v 0.047116 7.082679 -2.082733
v -2.005493 6.935966 -1.968756
v -1.499700 7.500550 -1.462967
v 0.942549 7.703338 0.847294
v -0.708859 19.072234 -0.337118
v 0.047116 19.072232 0.083851
v 0.468084 19.072234 -0.672131
v -0.275027 19.072234 -1.047901
v -0.373852 19.072234 0.839832
v -1.084632 19.072234 0.405997
v 0.803092 19.072234 0.504820
v 0.369258 19.072234 1.215605
v 1.178864 19.072234 -0.238296
v -0.115626 19.072232 -0.487899
v -0.330872 19.072234 -0.126634
v 0.257600 19.072234 -0.294140
v 0.096529 19.072234 -0.860016
v -0.491942 19.072234 -0.692511
v -0.524631 19.072234 0.246596
v -0.163368 19.072234 0.461842
v -0.896746 19.072234 0.034439
v -0.729241 19.072234 0.622914
v 0.209857 19.072232 0.655600
v 0.425103 19.072234 0.294336
v -0.002297 19.072234 1.027718
v 0.586174 19.072234 0.860214
v 0.618863 19.072234 -0.078894
v 0.990978 19.072234 0.133263
v 0.823472 19.072234 -0.455211
v -0.442030 13.387778 0.892592
v 0.860116 7.703338 -0.398181
v -0.203181 13.387779 1.233632
v -0.680879 13.387779 0.551554
v 0.155816 13.387778 1.022738
v 0.394522 7.703338 -0.795145
v 0.514816 13.387779 0.811843
v 0.855855 13.387779 0.572992
v -0.434916 7.703338 -0.729150
v 1.196895 13.387779 0.334144
v 0.986003 13.387778 -0.024853
v -0.831881 7.703338 -0.263556
v 0.775112 13.387779 -0.383852
v 0.536261 13.387778 -0.724889
v -0.765884 7.703338 0.565883
v 0.297412 13.387779 -1.065927
v -0.061585 13.387778 -0.855034
v -0.300290 7.703338 0.962849
v -0.420584 13.387779 -0.644144
v -0.761622 13.387779 -0.405291
v 0.529147 7.703338 0.896852
v -1.102662 13.387779 -0.166442
v -0.891769 13.387778 0.192555
v 0.926113 7.703338 0.431257
v -0.411635 19.072234 -0.410333
v -0.600402 19.072234 -0.514814
v -0.519865 19.072234 -0.231877
v -0.223248 19.072232 -0.307267
v -0.303784 19.072234 -0.590207
v -0.447064 19.072234 0.542606
v -0.551548 19.072234 0.731374
v -0.268611 19.072234 0.650835
v -0.343999 19.072234 0.354218
v -0.626937 19.072234 0.434755
v 0.505867 19.072234 0.578036
v 0.694634 19.072234 0.682516
v 0.614097 19.072234 0.399580
v 0.317479 19.072232 0.474969
v 0.398016 19.072234 0.757909
v 0.541296 19.072234 -0.374904
v 0.645780 19.072234 -0.563671
v 0.362843 19.072234 -0.483134
v 0.438231 19.072234 -0.186516
v 0.721168 19.072234 -0.267054
v -0.423818 10.545571 -0.661740
v -0.229364 10.545571 -0.736074
v 0.884894 7.703338 -0.191480
v -0.618276 10.545571 -0.587403
v -0.561455 13.387778 0.722074
v -0.948590 10.545571 -0.238966
v -1.007186 10.545571 -0.438730
v 0.602541 7.703338 -0.803364
v -0.889996 10.545571 -0.039201
v -0.023683 13.387778 1.128185
v -0.698473 10.545571 0.554785
v -0.772810 10.545571 0.360329
v -0.228216 7.703338 -0.753928
v -0.624138 10.545571 0.749242
v 0.685338 13.387779 0.692419
v -0.275699 10.545571 1.079558
v -0.475462 10.545571 1.138153
v -0.840098 7.703338 -0.471573
v -0.075935 10.545571 1.020965
v 1.091447 13.387778 0.154646
v 0.518049 10.545571 0.829442
v 0.323595 10.545571 0.903778
v -0.790664 7.703338 0.359182
v 0.712507 10.545571 0.755107
v 0.655685 13.387778 -0.554372
v 1.042823 10.545571 0.406667
v 1.101419 10.545571 0.606431
v -0.508308 7.703338 0.971066
v 0.984229 10.545571 0.206903
v 0.117915 13.387778 -0.960484
v 0.792706 10.545571 -0.387083
v 0.867043 10.545571 -0.192627
v 0.322447 7.703338 0.921630
v 0.718369 10.545571 -0.581540
v -0.591105 13.387779 -0.524718
v 0.369930 10.545571 -0.911854
v 0.569694 10.545571 -0.970452
v 0.934330 7.703338 0.639276
v 0.170166 10.545571 -0.853261
v -0.997216 13.387778 0.013055
v -0.034867 19.072232 -0.204176
v -0.141878 19.072232 -0.021392
v 0.152358 19.072232 -0.105144
v 0.070988 19.072232 -0.391018
v 0.176859 19.072234 -0.577845
v 0.282306 19.072234 -0.766073
v -0.009548 19.072234 -0.673959
v -0.195951 19.072234 -0.770095
v -0.089249 19.072234 -0.953957
v -0.383484 19.072234 -0.870206
v -0.240909 19.072234 0.165835
v -0.058127 19.072232 0.272846
v -0.427750 19.072234 0.059981
v -0.614575 19.072234 -0.045891
v -0.802802 19.072234 -0.151340
v -0.710689 19.072234 0.140517
v -0.806824 19.072234 0.326921
v -0.990690 19.072234 0.220218
v -0.906937 19.072234 0.514454
v 0.129098 19.072232 0.371878
v 0.236109 19.072232 0.189094
v 0.023244 19.072232 0.558720
v -0.082627 19.072234 0.745547
v -0.188075 19.072234 0.933775
v 0.103780 19.072234 0.841659
v 0.290183 19.072234 0.937797
v 0.183480 19.072234 1.121662
v 0.477716 19.072234 1.037910
v 0.335140 19.072234 0.001866
v 0.521982 19.072234 0.107721
v 0.708808 19.072234 0.213593
v 0.897034 19.072234 0.319042
v 0.804921 19.072234 0.027185
v 0.901057 19.072234 -0.159219
v 1.084923 19.072234 -0.052516
v 1.001169 19.072234 -0.346752
v -0.812730 10.545571 -0.513066
v 0.835336 7.703338 -0.604882
v -0.322607 13.387778 1.063114
v 1.086913 16.230008 0.204147
v 1.223244 16.230008 0.046815
v 0.950583 16.230008 0.361477
v 0.814251 16.230008 0.518808
v 0.677922 16.230008 0.676138
v -0.831403 10.545571 0.160564
v 0.186503 7.703338 -0.786925
v 0.335316 13.387778 0.917292
v 0.785364 16.230008 -0.398509
v 0.639403 16.230008 -0.546952
v 0.931322 16.230008 -0.250068
v 1.077283 16.230009 -0.101627
v -0.549801 10.545571 0.943698
v -0.641617 7.703338 -0.704371
v 1.026375 13.387779 0.453571
v 0.167408 16.230008 -0.955939
v 0.010076 16.230008 -1.092270
v 0.324739 16.230008 -0.819610
v 0.482072 16.230008 -0.683281
v 0.123830 10.545571 0.962372
v -0.823660 7.703338 -0.055537
v 0.880557 13.387778 -0.204353
v -0.435248 16.230008 -0.654395
v -0.583691 16.230008 -0.508435
v -0.286807 16.230008 -0.800352
v -0.138366 16.230008 -0.946313
v 0.906962 10.545571 0.680769
v -0.741104 7.703338 0.772584
v 0.416839 13.387778 -0.895407
v -0.992680 16.230008 -0.036445
v -1.129010 16.230008 0.120886
v -0.856349 16.230008 -0.193775
v -0.720019 16.230008 -0.351105
v 0.925636 10.545571 0.007138
v -0.092272 7.703338 0.954628
v -0.241084 13.387778 -0.749586
v -0.691131 16.230008 0.566210
v -0.545172 16.230008 0.714653
v -0.837089 16.230008 0.417770
v -0.983050 16.230009 0.269330
v 0.644031 10.545571 -0.775994
v 0.735849 7.703338 0.872072
v -0.932142 13.387779 -0.285868
v -0.073176 16.230008 1.123643
v 0.084155 16.230008 1.259974
v -0.230508 16.230008 0.987312
v -0.387840 16.230008 0.850982
v -0.029599 10.545571 -0.794668
v 0.917892 7.703338 0.223239
v -0.786324 13.387778 0.372055
v 0.529480 16.230008 0.822098
v 0.381039 16.230008 0.968056
v 0.232597 16.230008 1.114012
v -0.451869 19.072234 -0.551706
v -0.397863 19.072234 -0.641359
v -0.546171 19.072234 -0.603664
v -0.506017 19.072234 -0.462573
v -0.357709 19.072234 -0.500269
v -0.588438 19.072234 0.582840
v -0.678089 19.072234 0.528834
v -0.640395 19.072234 0.677144
v -0.499306 19.072234 0.636989
v -0.537001 19.072234 0.488679
v 0.546102 19.072234 0.719409
v 0.492094 19.072234 0.809062
v 0.640404 19.072234 0.771367
v 0.600250 19.072234 0.630276
v 0.451941 19.072234 0.667971
v 0.682671 19.072234 -0.415138
v 0.772321 19.072234 -0.361131
v 0.734627 19.072234 -0.509443
v 0.593539 19.072234 -0.469286
v 0.631233 19.072234 -0.320978
v -0.799919 11.966668 -0.102952
v -0.621166 13.387778 0.636812
v -0.769423 11.966668 -0.202473
v -0.326591 10.545571 -0.698905
v -0.830418 11.966668 -0.003430
v -0.916624 11.966668 0.632041
v -0.113433 13.387778 1.180909
v -1.013399 11.966668 0.593705
v -0.977890 10.545571 -0.338846
v -0.819849 11.966668 0.670378
v -0.139688 11.966668 0.930886
v 0.600075 13.387779 0.752133
v -0.239210 11.966668 0.900389
v -0.735641 10.545571 0.457558
v -0.040165 11.966668 0.961382
v 0.595307 11.966668 1.047590
v 1.144171 13.387778 0.244396
v 0.556971 11.966668 1.144367
v -0.375579 10.545571 1.108857
v 0.633641 11.966668 0.950816
v 0.894150 11.966668 0.270653
v 0.715398 13.387778 -0.469111
v 0.863655 11.966668 0.370176
v 0.420822 10.545571 0.866608
v 0.924648 11.966668 0.171131
v 1.010857 11.966668 -0.464338
v 0.207665 13.387778 -1.013205
v 1.107632 11.966668 -0.426003
v 1.072124 10.545571 0.506548
v 0.914083 11.966668 -0.502675
v 0.233919 11.966668 -0.763182
v -0.505844 13.387779 -0.584430
v 0.333441 11.966668 -0.732686
v 0.829873 10.545571 -0.289855
v 0.134396 11.966668 -0.793681
v -0.501076 11.966668 -0.879886
v -1.049937 13.387778 -0.076695
v -0.462739 11.966668 -0.976660
v 0.469811 10.545571 -0.941154
v -0.539410 11.966668 -0.783112
v -0.182645 19.072232 -0.164606
v -0.277060 19.072232 -0.216951
v -0.236374 19.072232 -0.074014
v -0.088372 19.072232 -0.112784
v -0.129058 19.072232 -0.255722
v 0.217150 19.072232 -0.436272
v 0.164294 19.072232 -0.342579
v 0.310221 19.072234 -0.388636
v 0.269850 19.072234 -0.530491
v 0.123924 19.072232 -0.484432
v -0.049478 19.072234 -0.814249
v 0.043490 19.072234 -0.766987
v 0.003640 19.072234 -0.906986
v -0.142600 19.072234 -0.862027
v -0.102750 19.072234 -0.722027
v -0.201339 19.072234 0.313613
v -0.253685 19.072234 0.408030
v -0.110748 19.072232 0.367343
v -0.149518 19.072232 0.219340
v -0.292455 19.072234 0.260028
v -0.473004 19.072234 -0.086183
v -0.379311 19.072234 -0.033327
v -0.425368 19.072234 -0.179255
v -0.567221 19.072234 -0.138884
v -0.521163 19.072234 0.007044
v -0.850978 19.072234 0.180447
v -0.803717 19.072234 0.087478
v -0.943717 19.072234 0.127328
v -0.898755 19.072234 0.273570
v -0.758756 19.072234 0.233719
v 0.276875 19.072232 0.332308
v 0.371292 19.072232 0.384654
v 0.330605 19.072232 0.241716
v 0.182604 19.072232 0.280486
v 0.223289 19.072232 0.423424
v -0.122919 19.072232 0.603975
v -0.070062 19.072232 0.510280
v -0.215989 19.072234 0.556338
v -0.175618 19.072234 0.698192
v -0.029692 19.072232 0.652133
v 0.143710 19.072234 0.981951
v 0.050741 19.072234 0.934690
v 0.090591 19.072234 1.074689
v 0.236832 19.072234 1.029732
v 0.196982 19.072234 0.889730
v 0.295571 19.072234 -0.145912
v 0.347916 19.072234 -0.240329
v 0.204980 19.072232 -0.199641
v 0.243749 19.072232 -0.051638
v 0.386686 19.072234 -0.092325
v 0.567236 19.072234 0.253885
v 0.473544 19.072234 0.201029
v 0.519599 19.072234 0.346957
v 0.661453 19.072234 0.306586
v 0.615395 19.072234 0.160657
v 0.945210 19.072234 -0.012744
v 0.897949 19.072234 0.080224
v 1.037950 19.072234 0.040373
v 0.992988 19.072234 -0.105868
v 0.852989 19.072234 -0.066017
v 0.078000 9.124466 -0.907460
v 0.167109 9.124466 -0.853658
v 0.847726 7.703338 -0.501531
v -0.011108 9.124466 -0.961259
v -0.715502 10.545571 -0.550235
v 0.695776 14.808904 0.983049
v -0.262895 13.387778 1.148370
v 0.799728 14.808904 0.988408
v 1.155075 16.230008 0.125481
v 0.591822 14.808904 0.977686
v 0.841814 17.651145 -0.355609
v 0.821717 17.651145 -0.457740
v 0.189417 19.072234 -0.813044
v 0.861913 17.651145 -0.253478
v 0.882417 16.230008 0.440143
v -0.492995 9.124466 -0.646184
v -0.432261 9.124466 -0.730717
v 0.290512 7.703338 -0.791035
v -0.553729 9.124466 -0.561649
v -0.860701 10.545571 0.060681
v 0.895152 14.808904 0.266051
v 0.425066 13.387778 0.864567
v 0.908782 14.808904 0.162857
v 0.712384 16.230008 -0.472728
v 0.881519 14.808904 0.369245
v 0.431097 17.651145 -0.830593
v 0.327688 17.651145 -0.818701
v -0.437714 19.072234 -0.781360
v 0.534505 17.651145 -0.842483
v 1.004303 16.230008 -0.175847
v -0.944195 9.124466 0.052967
v -0.890393 9.124466 -0.036142
v -0.538266 7.703338 -0.716760
v -0.997992 9.124466 0.142076
v -0.586968 10.545571 0.846470
v 0.946306 14.808904 -0.564808
v 1.111634 13.387779 0.393858
v 0.951666 14.808904 -0.668762
v 0.088742 16.230008 -1.024103
v 0.940946 14.808904 -0.460856
v -0.392341 17.651145 -0.710842
v -0.494472 17.651145 -0.690745
v -0.849773 19.072234 -0.058451
v -0.290211 17.651145 -0.730939
v 0.403407 16.230008 -0.751447
v -0.682920 9.124466 0.623962
v -0.767451 9.124466 0.563229
v -0.827771 7.703338 -0.159546
v -0.598384 9.124466 0.684696
v 0.023948 10.545571 0.991668
v 0.229313 14.808904 -0.764186
v 0.827833 13.387778 -0.294103
v 0.126119 14.808904 -0.777820
v -0.509470 16.230008 -0.581416
v 0.332507 14.808904 -0.750555
v -0.867327 17.651145 -0.300125
v -0.855436 17.651145 -0.196716
v -0.818089 19.072234 0.568684
v -0.879217 17.651145 -0.403533
v -0.212586 16.230008 -0.873332
v 0.016231 9.124466 1.075161
v -0.072878 9.124466 1.021365
v -0.753494 7.703338 0.669232
v 0.105340 9.124466 1.128962
v 0.809735 10.545571 0.717937
v -0.601543 14.808904 -0.815345
v 0.357127 13.387778 -0.980669
v -0.705496 14.808904 -0.820703
v -1.060843 16.230008 0.042221
v -0.497590 14.808904 -0.809984
v -0.747582 17.651145 0.523312
v -0.727485 17.651145 0.625443
v -0.095186 19.072234 0.980746
v -0.767681 17.651145 0.421182
v -0.788185 16.230008 -0.272441
v 0.587226 9.124466 0.813888
v 0.526493 9.124466 0.898420
v -0.196281 7.703338 0.958739
v 0.647961 9.124466 0.729351
v 0.954932 10.545571 0.107020
v -0.800919 14.808904 -0.098349
v -0.330835 13.387778 -0.696865
v -0.814554 14.808904 0.004845
v -0.618152 16.230008 0.640430
v -0.787287 14.808904 -0.201543
v -0.336866 17.651145 0.998296
v -0.233457 17.651145 0.986405
v 0.531944 19.072234 0.949062
v -0.440273 17.651145 1.010185
v -0.910071 16.230008 0.343549
v 1.038426 9.124466 0.114735
v 0.984625 9.124466 0.203844
v 0.632499 7.703338 0.884461
v 1.092225 9.124466 0.025626
v 0.681200 10.545571 -0.678768
v -0.852074 14.808904 0.732511
v -1.017401 13.387779 -0.226156
v -0.857433 14.808904 0.836464
v 0.005489 16.230008 1.191807
v -0.846714 14.808904 0.628557
v 0.486574 17.651145 0.878545
v 0.588703 17.651145 0.858446
v 0.944005 19.072234 0.226152
v 0.384441 17.651145 0.898642
v -0.309175 16.230008 0.919148
v 0.777151 9.124466 -0.456260
v 0.861684 9.124466 -0.395525
v 0.922003 7.703338 0.327247
v 0.692616 9.124466 -0.516994
v 0.070284 10.545571 -0.823966
v -0.135082 14.808904 0.931890
v -0.733601 13.387778 0.461804
v -0.031888 14.808904 0.945525
v 0.603700 16.230008 0.749118
v -0.238275 14.808904 0.918257
v 0.961560 17.651145 0.467826
v 0.949669 17.651145 0.364418
v 0.912322 19.072234 -0.400982
v 0.973448 17.651145 0.571234
v 0.306818 16.230008 1.041034
v -0.560168 19.072234 -0.373443
v -0.654632 19.072234 -0.425966
v -0.614363 19.072234 -0.284499
v -0.465751 19.072234 -0.321104
v -0.371333 19.072234 -0.268767
v -0.317442 19.072232 -0.358800
v -0.263550 19.072234 -0.448833
v -0.169437 19.072232 -0.397582
v -0.209704 19.072232 -0.539053
v -0.410177 19.072234 0.691139
v -0.462699 19.072234 0.785603
v -0.321232 19.072234 0.745334
v -0.357837 19.072234 0.596722
v -0.305499 19.072234 0.502303
v -0.395532 19.072234 0.448413
v -0.485567 19.072234 0.394521
v -0.434316 19.072234 0.300407
v -0.575785 19.072234 0.340675
v 0.654400 19.072234 0.541144
v 0.748863 19.072234 0.593668
v 0.708594 19.072234 0.452201
v 0.559981 19.072234 0.488806
v 0.465565 19.072234 0.436468
v 0.411673 19.072232 0.526502
v 0.357782 19.072234 0.616535
v 0.263668 19.072232 0.565285
v 0.303936 19.072232 0.706756
v 0.504408 19.072234 -0.523438
v 0.556931 19.072234 -0.617901
v 0.415464 19.072234 -0.577632
v 0.452069 19.072234 -0.429019
v 0.399731 19.072234 -0.334601
v 0.489764 19.072234 -0.280711
v 0.579798 19.072234 -0.226819
v 0.528547 19.072234 -0.132705
v 0.670016 19.072234 -0.172973
v 0.434436 9.124466 -0.692261
v 0.523543 9.124466 -0.638462
v 0.897284 7.703338 -0.088131
v 0.345328 9.124466 -0.746060
v 0.256219 9.124466 -0.799858
v 0.872507 7.703338 -0.294831
v -0.521046 10.545571 -0.624572
v -0.860915 11.966668 0.096092
v -0.891410 11.966668 0.195615
v -0.501742 13.387778 0.807334
v -0.250060 9.124466 -0.984325
v -0.189326 9.124466 -1.068857
v 0.706551 7.703338 -0.807470
v -0.310794 9.124466 -0.899788
v -0.371527 9.124466 -0.815253
v 0.498529 7.703338 -0.799254
v -0.919296 10.545571 -0.139083
v -0.723077 11.966668 0.708713
v -0.626306 11.966668 0.747050
v 0.066067 13.387778 1.075460
v -0.728995 9.124466 -0.303469
v -0.675197 9.124466 -0.392577
v -0.124865 7.703338 -0.766320
v -0.782794 9.124466 -0.214361
v -0.836594 9.124466 -0.125251
v -0.331566 7.703338 -0.741540
v -0.661306 10.545571 0.652013
v 0.059357 11.966668 0.991879
v 0.158881 11.966668 1.022377
v 0.770595 13.387779 0.632706
v -1.021056 9.124467 0.381028
v -1.105592 9.124466 0.320293
v -0.844205 7.703338 -0.575583
v -0.936522 9.124466 0.441762
v -0.851987 9.124466 0.502494
v -0.835989 7.703338 -0.367563
v -0.175816 10.545571 1.050263
v 0.671978 11.966668 0.854043
v 0.710316 11.966668 0.757271
v 1.038724 13.387778 0.064896
v -0.340204 9.124466 0.859963
v -0.429313 9.124466 0.806165
v -0.803056 7.703338 0.255833
v -0.251096 9.124466 0.913763
v -0.161987 9.124466 0.967562
v -0.778274 7.703338 0.462533
v 0.615279 10.545571 0.792275
v 0.955147 11.966668 0.071609
v 0.985644 11.966668 -0.027913
v 0.595973 13.387778 -0.639632
v 0.344292 9.124466 1.152026
v 0.283557 9.124466 1.236562
v -0.612318 7.703338 0.975174
v 0.405025 9.124466 1.067491
v 0.465758 9.124466 0.982954
v -0.404299 7.703338 0.966956
v 1.013529 10.545571 0.306785
v 0.817308 11.966668 -0.541009
v 0.720537 11.966668 -0.579346
v 0.028165 13.387778 -0.907758
v 0.823227 9.124466 0.471171
v 0.769429 9.124466 0.560279
v 0.219096 7.703338 0.934022
v 0.877027 9.124466 0.382062
v 0.930826 9.124466 0.292953
v 0.425797 7.703338 0.909242
v 0.755539 10.545571 -0.484310
v 0.034874 11.966668 -0.824177
v -0.064649 11.966668 -0.854672
v -0.676366 13.387779 -0.465003
v 1.115289 9.124467 -0.213325
v 1.199827 9.124466 -0.152591
v 0.938437 7.703338 0.743286
v 1.030755 9.124466 -0.274060
v 0.946217 9.124466 -0.334791
v 0.930221 7.703338 0.535265
v 0.270048 10.545571 -0.882560
v -0.577746 11.966668 -0.686340
v -0.616083 11.966668 -0.589569
v -0.944491 13.387778 0.102805
v 0.005898 19.072234 -0.060955
v -0.047381 19.072232 0.031229
v 0.099737 19.072232 -0.010647
v 0.058746 19.072232 -0.154660
v 0.111597 19.072232 -0.248360
v 0.018060 19.072232 -0.297598
v -0.075475 19.072232 -0.346842
v -0.022319 19.072232 -0.439459
v 0.322553 19.072234 -0.624704
v 0.375196 19.072234 -0.719101
v 0.229582 19.072234 -0.671961
v 0.136612 19.072234 -0.719213
v 0.083655 19.072234 -0.625903
v 0.030697 19.072232 -0.532591
v -0.062586 19.072232 -0.580929
v -0.235720 19.072234 -0.909814
v -0.182137 19.072234 -1.000930
v -0.329256 19.072234 -0.959055
v -0.289718 19.072234 -0.820152
v -0.343719 19.072234 -0.730493
v -0.249868 19.072234 -0.680153
v -0.156017 19.072234 -0.629801
v -0.097690 19.072234 0.125069
v -0.005505 19.072232 0.178349
v -0.191393 19.072232 0.072221
v -0.285092 19.072232 0.019370
v -0.334330 19.072234 0.112908
v -0.383574 19.072234 0.206444
v -0.476191 19.072234 0.153288
v -0.661436 19.072234 -0.191587
v -0.755830 19.072234 -0.244231
v -0.708689 19.072234 -0.098616
v -0.755942 19.072234 -0.005646
v -0.662632 19.072234 0.047313
v -0.569322 19.072234 0.100272
v -0.617660 19.072234 0.193556
v -0.946546 19.072234 0.366691
v -1.037660 19.072234 0.313108
v -0.995784 19.072234 0.460227
v -0.856881 19.072234 0.420688
v -0.767223 19.072234 0.474690
v -0.716881 19.072234 0.380839
v -0.666533 19.072234 0.286987
v 0.088333 19.072234 0.228657
v 0.141612 19.072232 0.136472
v 0.035486 19.072232 0.322362
v -0.017366 19.072232 0.416062
v 0.076171 19.072232 0.465299
v 0.169706 19.072232 0.514544
v 0.116550 19.072232 0.607162
v -0.228322 19.072234 0.792407
v -0.280965 19.072234 0.886803
v -0.135351 19.072234 0.839662
v -0.042381 19.072234 0.886915
v 0.010576 19.072234 0.793604
v 0.063534 19.072232 0.700293
v 0.156818 19.072232 0.748632
v 0.329952 19.072234 1.077518
v 0.276369 19.072234 1.168633
v 0.423487 19.072234 1.126757
v 0.383950 19.072234 0.987855
v 0.437949 19.072234 0.898197
v 0.344099 19.072234 0.847852
v 0.250249 19.072234 0.797503
v 0.191921 19.072234 0.042633
v 0.285625 19.072232 0.095480
v 0.379324 19.072232 0.148332
v 0.428561 19.072234 0.054794
v 0.477806 19.072234 -0.038743
v 0.570423 19.072234 0.014414
v 0.755667 19.072234 0.359289
v 0.850062 19.072234 0.411932
v 0.802921 19.072234 0.266318
v 0.850174 19.072234 0.173347
v 0.756864 19.072234 0.120389
v 0.663554 19.072234 0.067430
v 0.711891 19.072234 -0.025855
v 1.040776 19.072234 -0.198989
v 1.131892 19.072234 -0.145405
v 1.090018 19.072234 -0.292525
v 0.951113 19.072234 -0.252987
v 0.861453 19.072234 -0.306989
v 0.811114 19.072234 -0.213136
v 0.760765 19.072234 -0.119285
v -0.100217 9.124466 -1.015057
v 0.822946 7.703338 -0.708230
v -0.909959 10.545571 -0.475897
v -0.982903 11.966668 0.494182
v -0.952407 11.966668 0.394661
v -0.921907 11.966668 0.295137
v -0.382318 13.387778 0.977852
v 0.761424 17.651145 -0.764134
v 0.741324 17.651145 -0.866262
v 0.781521 17.651145 -0.662003
v 0.801620 17.651145 -0.559872
v 1.018748 16.230008 0.282812
v 0.487870 14.808904 0.972325
v 0.383919 14.808904 0.966964
v 0.882009 17.651145 -0.151347
v 0.902109 17.651145 -0.049216
v 0.746088 16.230008 0.597472
v 0.072063 14.808904 0.950883
v 0.176015 14.808904 0.956244
v 0.279966 14.808903 0.961606
v -0.614464 9.124466 -0.477113
v 0.082494 7.703338 -0.782818
v -0.802107 10.545571 0.260447
v -0.335982 11.966668 0.862053
v -0.432756 11.966668 0.823719
v -0.529532 11.966668 0.785383
v 0.245566 13.387778 0.970014
v 0.017462 17.651145 -0.783029
v -0.085947 17.651145 -0.771137
v 0.120871 17.651145 -0.794921
v 0.224278 17.651146 -0.806810
v 0.858342 16.230008 -0.324288
v 0.867889 14.808903 0.472440
v 0.854253 14.808904 0.575631
v 0.637914 17.651145 -0.854374
v 1.150261 16.230008 -0.027405
v 0.813358 14.808904 0.885216
v 0.826992 14.808904 0.782020
v 0.840624 14.808904 0.678825
v -1.051790 9.124466 0.231185
v -0.744966 7.703338 -0.691980
v -0.512630 10.545571 1.040925
v 0.457446 11.966668 1.113866
v 0.357926 11.966668 1.083370
v 0.258402 11.966668 1.052873
v 0.941114 13.387779 0.513283
v -0.800866 17.651145 -0.630450
v -0.902997 17.651145 -0.610351
v -0.698737 17.651145 -0.650549
v -0.596603 17.651145 -0.670649
v 0.246074 16.230008 -0.887776
v 0.935586 14.808904 -0.356901
v 0.930225 14.808904 -0.252952
v -0.188079 17.651145 -0.751039
v 0.560736 16.230008 -0.615116
v 0.914146 14.808904 0.058905
v 0.919506 14.808904 -0.045048
v 0.924866 14.808904 -0.149000
v -0.513849 9.124466 0.745431
v -0.819552 7.703338 0.048473
v 0.223713 10.545571 0.933073
v 0.825318 11.966668 0.466949
v 0.786985 11.966668 0.563721
v 0.748652 11.966668 0.660496
v 0.933278 13.387778 -0.114602
v -0.819767 17.651145 0.113509
v -0.807876 17.651145 0.216918
v -0.831658 17.651145 0.010101
v -0.843546 17.651145 -0.093307
v -0.361028 16.230008 -0.727373
v 0.435700 14.808904 -0.736922
v 0.538894 14.808904 -0.723290
v -0.891109 17.651145 -0.506942
v -0.064144 16.230008 -1.019289
v 0.848472 14.808904 -0.682391
v 0.745282 14.808904 -0.696024
v 0.642088 14.808903 -0.709657
v 0.194448 9.124466 1.182762
v -0.728714 7.703338 0.875933
v 1.004191 10.545571 0.643598
v 1.077137 11.966668 -0.326480
v 1.046635 11.966668 -0.226959
v 1.016140 11.966668 -0.127436
v 0.476549 13.387778 -0.810151
v -0.667192 17.651145 0.931835
v -0.647093 17.651145 1.033966
v -0.687289 17.651145 0.829704
v -0.707387 17.651145 0.727574
v -0.924514 16.230008 -0.115110
v -0.393638 14.808904 -0.804624
v -0.289687 14.808904 -0.799264
v -0.787780 17.651145 0.319049
v -0.651856 16.230008 -0.429770
v 0.022168 14.808904 -0.783179
v -0.081783 14.808904 -0.788540
v -0.185734 14.808903 -0.793904
v 0.708694 9.124466 0.644815
v 0.011737 7.703338 0.950521
v 0.896337 10.545571 -0.092745
v 0.430215 11.966668 -0.694350
v 0.526988 11.966668 -0.656017
v 0.623763 11.966668 -0.617682
v -0.151334 13.387778 -0.802310
v 0.076769 17.651145 0.950731
v 0.180179 17.651145 0.938843
v -0.026639 17.651145 0.962622
v -0.130047 17.651146 0.974514
v -0.764110 16.230008 0.491991
v -0.773656 14.808903 -0.304738
v -0.760022 14.808904 -0.407930
v -0.543682 17.651145 1.022078
v -1.056028 16.230008 0.195107
v -0.719126 14.808904 -0.717512
v -0.732760 14.808904 -0.614319
v -0.746392 14.808904 -0.511123
v 1.146025 9.124466 -0.063483
v 0.839198 7.703338 0.859681
v 0.606861 10.545571 -0.873223
v -0.363216 11.966668 -0.946164
v -0.263695 11.966668 -0.915668
v -0.164171 11.966668 -0.885170
v -0.846882 13.387779 -0.345580
v 0.895098 17.651145 0.798151
v 0.997230 17.651145 0.778053
v 0.792968 17.651145 0.818250
v 0.690837 17.651145 0.838350
v -0.151842 16.230008 1.055480
v -0.841353 14.808904 0.524604
v -0.835993 14.808904 0.420655
v 0.282310 17.651145 0.918742
v -0.466504 16.230008 0.782817
v -0.819914 14.808904 0.108797
v -0.825274 14.808904 0.212750
v -0.830634 14.808904 0.316701
v 0.608079 9.124466 -0.577729
v 0.913784 7.703338 0.119229
v -0.129482 10.545571 -0.765372
v -0.731087 11.966668 -0.299247
v -0.692754 11.966668 -0.396019
v -0.654419 11.966668 -0.492794
v -0.839046 13.387778 0.282305
v 0.913996 17.651145 0.054192
v 0.925890 17.651145 0.157601
v 0.937779 17.651145 0.261009
v 0.455260 16.230008 0.895077
v -0.341469 14.808904 0.904626
v -0.444662 14.808904 0.890990
v 0.985341 17.651145 0.674645
v 0.158376 16.230008 1.186994
v -0.754240 14.808904 0.850092
v -0.651050 14.808904 0.863727
v -0.547857 14.808903 0.877360
v 0.003633 -6.344215 16.851807
v -0.003383 -6.350153 18.374695
v 2.789040 -4.612214 16.852221
v 2.784615 -4.618429 18.374973
v 4.521828 -1.826836 16.852821
v 4.519448 -1.832661 18.375114
v -2.781699 -4.612137 16.852032
v -2.791441 -4.617587 18.374855
v -4.514540 -1.826836 16.852785
v -4.526329 -1.831790 18.375114
v 0.003632 2.691280 16.852703
v -0.003460 2.688991 18.375207
v -2.781896 0.958704 16.852537
v -2.791485 0.954811 18.375066
v 2.789155 0.958696 16.852514
v 2.784577 0.954439 18.375066
v 0.000000 -3.229982 11.201903
v 0.000000 -4.013432 13.156299
v 0.000000 -4.280237 15.225759
v 0.990483 -2.819713 11.201903
v 1.544445 -3.373677 13.156299
v 1.733107 -3.562356 15.225759
v 1.400750 -1.829249 11.201903
v 2.184173 -1.829249 13.156298
v 2.450974 -1.829249 15.225759
v -0.990483 -2.819713 11.201903
v -1.544445 -3.373677 13.156299
v -1.733107 -3.562356 15.225760
v -1.400750 -1.829249 11.201903
v -2.184173 -1.829249 13.156298
v -2.450974 -1.829249 15.225759
v -0.000000 -0.428493 11.201903
v 0.000000 0.354932 13.156298
v -0.000000 0.621733 15.225758
v -0.990482 -0.838766 11.201903
v -1.544445 -0.284801 13.156298
v -1.733105 -0.096142 15.225758
v 0.990482 -0.838766 11.201903
v 1.544445 -0.284801 13.156298
v 1.733106 -0.096142 15.225758
v -2.738132 0.846935 21.583669
v 0.050119 2.150537 22.398857
v 2.827351 0.651780 21.756441
v 4.545790 -1.725597 20.212530
v 2.801996 -4.276449 19.018287
v 0.014867 -6.127914 18.755842
v -2.771253 -4.244908 18.844480
v -4.490619 -1.534092 19.831663
v -36.465923 -16.563652 -3.130390
v -37.773563 -17.167702 -4.052659
v -38.278423 -17.826577 -4.233912
v -38.828429 -18.426930 -4.479584
v -35.076438 -17.263431 -4.118789
v -35.658877 -18.232254 -5.556793
v -36.072150 -18.938392 -5.804059
v -36.469684 -19.614845 -6.157438
v -33.759022 -18.134530 -3.168469
v -33.654335 -19.558162 -4.110602
v -33.979729 -20.321205 -4.294379
v -34.233334 -21.093579 -4.544223
v -32.974777 -18.760937 -1.622459
v -32.460659 -20.511108 -1.757973
v -32.734249 -21.316772 -1.839343
v -32.902046 -22.156925 -1.919825
v -33.874973 -18.409828 -0.052756
v -33.830784 -19.977092 0.630649
v -34.163883 -20.758392 0.653463
v -34.430168 -21.560905 0.744800
v -35.264502 -17.710056 0.935632
v -35.945079 -18.911903 2.134832
v -36.370841 -19.647720 2.223463
v -36.788924 -20.373005 2.422623
v -36.581871 -16.838962 -0.014704
v -37.949985 -17.586659 0.688553
v -38.462573 -18.263794 0.713891
v -39.025264 -18.894298 0.809396
v -37.366138 -16.212574 -1.560707
v -39.143287 -16.633079 -1.664001
v -39.708709 -17.269371 -1.741267
v -40.356574 -17.830947 -1.814999
v 0.732310 -18.000514 -33.595371
v 0.203280 -19.442024 -33.652264
v 0.207704 -20.221958 -33.989601
v 0.140336 -21.024704 -34.262795
v -0.298432 -17.259030 -35.137855
v -1.239301 -18.399883 -35.817115
v -1.283966 -19.134670 -36.248904
v -1.431815 -19.863216 -36.678207
v 0.762795 -16.283749 -36.521342
v 0.246068 -17.031678 -37.760081
v 0.252352 -17.706543 -38.276248
v 0.188068 -18.335861 -38.844745
v 2.453664 -15.564532 -37.305468
v 2.619928 -16.021606 -38.860954
v 2.729736 -16.653210 -39.425952
v 2.836098 -17.209724 -40.073108
v 4.125641 -15.913962 -36.269317
v 4.967389 -16.512467 -37.406291
v 5.179459 -17.164898 -37.907333
v 5.455082 -17.757537 -38.451126
v 5.156692 -16.657333 -34.727985
v 6.415032 -17.555790 -35.242114
v 6.690794 -18.254615 -35.649273
v 7.070287 -18.922124 -36.037036
v 4.095175 -17.630699 -33.343437
v 4.924632 -18.922840 -33.298447
v 5.134869 -19.680466 -33.620400
v 5.407453 -20.446838 -33.868351
v 2.404211 -18.349357 -32.558888
v 2.550546 -19.931846 -32.196896
v 2.657373 -20.734497 -32.471146
v 2.758797 -21.572170 -32.639793
v 33.408859 -17.862197 -0.052807
v 33.425194 -19.299797 -0.632249
v 33.757206 -20.081283 -0.663071
v 34.021679 -20.883514 -0.761854
v 34.895537 -17.103680 -1.128209
v 35.525298 -18.227879 -2.151628
v 35.949321 -18.963592 -2.248939
v 36.364573 -19.688118 -2.456634
v 36.325923 -16.172909 -0.113559
v 37.546183 -16.913273 -0.718076
v 38.057735 -17.590774 -0.752638
v 38.618773 -18.221267 -0.857600
v 37.188255 -15.508891 1.546989
v 38.764419 -15.974908 1.627796
v 39.329890 -16.612187 1.695532
v 39.977847 -17.174866 1.759335
v 36.235568 -15.896075 3.245333
v 37.418548 -16.522220 4.027119
v 37.924579 -17.182694 4.199324
v 38.476382 -17.785046 4.435831
v 34.748913 -16.654606 4.320719
v 35.318103 -17.593464 5.546411
v 35.733115 -18.301472 5.785276
v 36.133475 -18.980423 6.130577
v 33.318527 -17.585362 3.306056
v 33.297554 -18.908721 4.112909
v 33.623981 -19.673171 4.288847
v 33.879284 -20.447266 4.531525
v 32.456112 -18.249363 1.645524
v 32.078941 -19.846507 1.767000
v 32.352463 -20.652908 1.840817
v 32.520164 -21.493713 1.914619
v -3.208105 -16.493023 32.928749
v -4.260183 -17.992996 32.752300
v -4.452948 -18.754341 33.076469
v -4.710749 -19.524750 33.328003
v -1.752305 -17.092179 32.211060
v -1.900026 -18.964134 31.588631
v -1.990001 -19.768905 31.862277
v -2.077771 -20.608341 32.030037
v -0.287265 -16.773968 33.074699
v 0.466095 -18.447281 32.988186
v 0.452773 -19.227665 33.321945
v 0.491211 -20.032623 33.590774
v 0.629710 -16.117691 34.386898
v 1.966955 -17.385017 35.116549
v 2.061321 -18.121021 35.544482
v 2.276407 -18.844281 35.964309
v -0.271975 -15.295960 35.613768
v 0.491127 -16.051159 37.104583
v 0.479617 -16.726925 37.618205
v 0.521052 -17.358715 38.184573
v -1.727523 -14.694632 36.330165
v -1.859841 -15.077092 38.266494
v -1.948054 -15.711968 38.831870
v -2.032930 -16.272011 39.479591
v -3.192847 -15.015099 35.467841
v -4.235444 -15.596961 36.868674
v -4.427130 -16.253819 37.372306
v -4.683151 -16.851692 37.920200
v -4.109306 -15.667310 34.153229
v -5.721268 -16.653996 34.737247
v -5.978233 -17.357823 35.148459
v -6.340720 -18.031354 35.542643
v 2.740860 -24.743251 -27.663750
v 2.742014 -24.920387 -27.419179
v 2.709424 -24.769344 -27.206281
v -3.460439 -23.448379 -31.507783
v -3.641757 -23.586856 -31.376346
v -3.739787 -23.422710 -31.203994
v -7.716789 -20.555622 -37.149596
v -7.578643 -20.749325 -37.261825
v -7.284565 -20.691509 -37.224830
v 9.012405 -22.075596 -30.572517
v 9.197985 -22.173698 -30.413565
v 9.231688 -21.995045 -30.231334
v 13.326205 -18.239632 -35.571536
v 13.251306 -18.456788 -35.699744
v 12.949519 -18.464553 -35.707427
v 2.899980 -14.025950 -45.514724
v 2.930640 -14.285766 -45.542297
v 2.924092 -14.412850 -45.268397
v 9.125339 -15.707726 -41.424449
v 9.314233 -15.618501 -41.584713
v 9.349146 -15.372576 -41.517116
v -3.347432 -17.080456 -42.359782
v -3.525426 -17.031609 -42.547569
v -3.622264 -16.800202 -42.489829
v -28.524287 -25.582363 -2.059560
v -28.679406 -25.145191 -2.026702
v -32.005013 -24.224736 4.009985
v -32.034656 -23.836514 3.823992
v -37.213744 -21.228229 7.507984
v -37.377822 -21.518905 7.831790
v -31.556692 -23.160244 -8.037493
v -31.602473 -22.810394 -7.789094
v -36.512763 -19.563583 -11.331228
v -36.650634 -19.791962 -11.712121
v -45.047149 -15.646683 -1.796541
v -45.504260 -15.728560 -1.820789
v -42.023483 -17.086090 -7.890281
v -41.691844 -16.955269 -7.647181
v -42.471824 -18.150661 4.157118
v -42.124006 -17.981449 3.965824
v -1.928218 -22.208316 25.904316
v -1.927173 -22.293541 25.719037
v -1.909349 -22.171272 25.594931
v 4.471631 -20.808967 29.670835
v 4.598692 -20.869686 29.558951
v 4.643387 -20.738479 29.451425
v 8.741771 -17.821820 35.330070
v 8.678326 -17.962738 35.412459
v 8.474405 -17.960357 35.412318
v -8.286487 -19.590950 29.038673
v -8.411139 -19.627639 28.914316
v -8.419511 -19.491374 28.804163
v -12.449632 -15.798695 34.279903
v -12.422323 -15.948277 34.366817
v -12.222586 -15.984429 34.386661
v -1.798492 -11.449255 44.015003
v -1.816791 -11.617462 44.060203
v -1.819947 -11.736471 43.894622
v -8.219832 -13.135836 40.128207
v -8.343165 -13.045171 40.222663
v -8.351260 -12.882047 40.158606
v 4.538407 -14.353780 40.760421
v 4.666784 -14.287142 40.867320
v 4.711756 -14.129090 40.805903
v 27.335484 -24.363395 2.011624
v 27.096788 -24.524311 2.018464
v 26.897260 -24.374646 2.000761
v 30.597269 -22.871051 -4.594556
v 30.762905 -23.034679 -4.516472
v 30.901494 -22.914249 -4.344849
v 36.370476 -19.925346 -8.770795
v 36.483211 -20.115787 -8.654376
v 36.465629 -20.075229 -8.369838
v 30.246392 -21.796031 8.449305
v 30.415241 -21.969513 8.408005
v 30.563329 -21.878166 8.226637
v 35.801127 -18.181454 12.389689
v 35.919059 -18.387875 12.312196
v 35.916892 -18.394493 12.024316
v 45.274337 -13.732219 1.618120
v 45.305446 -13.979415 1.639329
v 45.047057 -14.106385 1.642841
v 41.574382 -15.235818 8.213487
v 41.639526 -15.469321 8.174342
v 41.481059 -15.555529 7.999365
v 41.925300 -16.310753 -4.830481
v 41.987235 -16.534427 -4.750235
v 41.819247 -16.591534 -4.572221
v 3.651629 -25.156265 -39.731384
v -40.016402 -25.815017 -2.507810
v -2.909174 -24.262176 39.142673
v 39.636123 -25.162514 2.408406
v -31.235698 -23.424011 4.369707
v -27.605841 -24.839782 -1.959771
v -30.768112 -22.313922 -8.193708
v -36.080211 -18.801403 -12.025706
v -41.683169 -15.979668 -8.040179
v -45.312988 -14.563975 -1.710771
v -42.150695 -17.089817 4.523143
v -36.838557 -20.602310 8.355166
v -3.675490 -22.652702 -30.945099
v 2.609131 -23.964969 -27.049413
v 8.964941 -21.261482 -29.997264
v 12.954953 -17.601906 -35.201201
v 9.079395 -14.808026 -40.995010
v 2.794823 -13.495785 -44.890617
v -3.560965 -16.199211 -41.942928
v -7.550993 -19.858787 -36.738963
v 30.311474 -21.954288 -4.467223
v 26.730040 -23.409702 1.916741
v 29.971844 -20.913726 8.158634
v 35.348556 -17.414989 11.972739
v 40.936797 -14.563727 7.930379
v 44.518207 -13.108346 1.546359
v 41.276451 -15.604243 -4.695588
v 35.899688 -19.102989 -8.509626
v 4.501831 -20.035481 29.292209
v -1.836124 -21.421303 25.562123
v -8.132905 -18.829254 28.666163
v -12.030914 -15.257617 33.962429
v -8.066887 -12.436555 39.648433
v -1.728900 -11.050707 43.378406
v 4.567961 -13.642733 40.274517
v 8.465885 -17.214417 34.978164
v 6.620815 -21.344509 27.558712
v 6.478298 -21.132458 27.619899
v -1.841555 -22.951625 22.723377
v -1.857456 -23.198315 22.568966
v 6.605430 -22.016979 27.875996
v 6.731935 -21.896312 27.683671
v -1.914937 -23.787045 22.594701
v -1.936854 -23.884864 22.848591
v -10.107337 -19.549008 26.798085
v -10.280627 -19.730911 26.721253
v -10.505623 -20.250676 26.829582
v -10.423632 -20.391266 27.032242
v -15.224310 -14.860522 33.750465
v -15.495024 -14.953153 33.806015
v -15.823714 -15.377904 34.055237
v -15.677396 -15.577424 34.170506
v -10.020680 -11.157279 41.214606
v -10.192321 -11.179419 41.412242
v -10.415561 -11.529143 41.812743
v -10.334655 -11.775217 41.834144
v -1.700801 -9.338115 46.110831
v -1.714020 -9.325590 46.401744
v -1.768653 -9.638445 46.901512
v -1.792341 -9.907381 46.861354
v 6.565107 -12.740692 42.036441
v 6.709274 -12.792958 42.249770
v 6.822151 -13.174732 42.666866
v 6.694553 -13.400900 42.677989
v 11.681908 -17.429207 35.083838
v 11.923519 -17.570743 35.164767
v 12.140101 -18.047580 35.441070
v 11.948182 -18.214794 35.539580
v -2.769621 -29.808994 28.240989
v -2.744127 -29.242584 28.817698
v -2.687692 -28.526306 29.058886
v -2.614793 -27.844414 28.901435
v 3.937949 -26.411621 32.757889
v 3.992420 -27.065800 32.990566
v 4.285601 -27.705341 32.955543
v 4.742264 -28.166408 32.661900
v -2.637052 -29.515819 26.130537
v -2.708216 -29.987417 26.658257
v -2.757136 -30.106815 27.415462
v -2.770101 -29.839783 28.191646
v 4.777503 -28.189365 32.633595
v 5.285092 -28.347645 32.148983
v 5.699645 -28.148544 31.606491
v 5.905222 -27.647957 31.157922
v -10.232680 -26.736778 31.919946
v -9.728211 -26.367458 32.261162
v -9.324459 -25.794449 32.330730
v -9.124963 -25.164516 32.110638
v -11.123837 -26.022225 30.314164
v -11.061395 -26.548404 30.776015
v -10.747057 -26.817092 31.354648
v -10.268690 -26.752922 31.888129
v -14.852716 -22.503589 38.197204
v -14.052340 -22.405724 38.135413
v -13.433052 -22.029724 37.912845
v -13.155094 -21.471825 37.586436
v -16.377588 -21.208385 37.452433
v -16.232651 -21.810559 37.802123
v -15.694005 -22.285217 38.075175
v -14.910715 -22.499596 38.195228
v -10.154436 -19.160004 44.936385
v -9.654988 -19.276985 44.442230
v -9.254877 -19.056595 43.905978
v -9.056712 -18.555168 43.465133
v -11.034860 -17.406154 45.116107
v -10.973832 -18.067939 45.344993
v -10.663298 -18.705410 45.290035
v -10.190081 -19.140106 44.966502
v -2.642532 -17.517482 49.357294
v -2.625189 -17.739381 48.579776
v -2.574679 -17.595643 47.837363
v -2.503936 -17.122364 47.321525
v -2.492541 -15.538350 50.143317
v -2.565979 -16.229706 50.293416
v -2.621079 -16.946831 50.023771
v -2.642422 -17.489781 49.408426
v 4.820624 -20.589592 45.678420
v 4.358937 -20.614822 45.136611
v 4.062110 -20.327900 44.565860
v 4.006312 -19.802227 44.112430
v 5.994347 -19.031841 45.959907
v 5.787368 -19.668033 46.175548
v 5.369003 -20.235931 46.084483
v 4.856258 -20.576503 45.712073
v 9.440515 -24.822842 39.401069
v 8.682975 -24.576256 39.262111
v 8.170642 -24.092217 38.983455
v 8.036326 -23.494968 38.636592
v 11.247977 -23.845768 38.821506
v 10.958431 -24.406460 39.149650
v 10.315754 -24.768334 39.364158
v 9.498149 -24.829883 39.404884
v 29.037598 -22.710369 -5.899877
v 24.633663 -24.500088 1.950197
v 29.389047 -23.837730 -6.056452
v 24.839286 -25.686581 2.053513
v 28.620004 -21.430889 9.625577
v 28.957601 -22.515808 9.983008
v 35.231463 -17.128605 14.315627
v 35.788028 -18.071098 14.828335
v 42.103137 -13.622562 9.344903
v 42.887172 -14.449002 9.693025
v 46.506995 -11.832942 1.494756
v 47.436817 -12.600094 1.582997
v 42.520793 -14.902011 -6.180691
v 43.318687 -15.770816 -6.346571
v 35.909255 -19.204307 -10.870655
v 36.488112 -20.215499 -11.191781
v 29.804518 -31.151249 2.637456
v 30.362805 -30.443546 2.594151
v 30.274220 -29.650712 2.526428
v 33.919327 -28.146450 -3.851936
v 34.127777 -28.892967 -3.976982
v 33.866112 -29.480632 -4.449849
v 28.208421 -30.950391 2.577960
v 28.901395 -31.370136 2.631196
v 29.791144 -31.159775 2.637797
v 33.847824 -29.495247 -4.471977
v 33.267693 -29.580158 -5.017263
v 32.709785 -29.110981 -5.314127
v 33.489178 -28.325771 9.562640
v 33.778324 -27.822258 9.014658
v 33.580124 -27.107162 8.758221
v 32.289986 -27.824802 10.291797
v 32.860901 -28.333759 10.105911
v 33.469689 -28.336658 9.585854
v 39.455882 -24.438106 13.898504
v 39.311225 -24.219352 13.035018
v 38.952773 -23.614201 12.652464
v 38.932361 -23.491222 15.090486
v 39.299773 -24.137409 14.763866
v 39.455787 -24.437397 13.914392
v 45.658389 -21.278412 9.309294
v 45.060962 -21.288326 8.779774
v 44.531451 -20.765095 8.530235
v 45.843063 -19.976044 10.009651
v 45.994693 -20.727806 9.832496
v 45.678279 -21.266502 9.331706
v 49.724346 -19.615391 2.222658
v 48.831785 -19.747887 2.209564
v 48.186252 -19.277572 2.153441
v 50.341978 -18.132546 2.117074
v 50.362964 -18.941414 2.184297
v 49.738425 -19.608017 2.222429
v 46.035415 -22.433147 -4.703313
v 45.410510 -22.358936 -4.211980
v 44.870773 -21.804268 -4.080033
v 46.262889 -21.262100 -5.596421
v 46.401557 -21.974082 -5.290831
v 46.056487 -22.424976 -4.726279
v 40.073058 -26.328380 -9.038341
v 39.883437 -25.971950 -8.231245
v 39.507777 -25.313953 -7.972544
v 39.618072 -25.591575 -10.395375
v 39.964698 -26.173992 -9.948293
v 40.073814 -26.330265 -9.054086
v -4.830157 -23.296448 -30.007161
v 2.583130 -24.844406 -25.411910
v -4.906008 -24.204860 -30.312605
v 2.701432 -25.793220 -25.596905
v 10.080412 -21.655396 -28.889147
v 10.395010 -22.520779 -29.165254
v 14.786970 -17.338688 -35.027560
v 15.224882 -18.090846 -35.464450
v 10.215404 -14.042987 -41.862090
v 10.533573 -14.708949 -42.477809
v 2.802170 -12.495062 -46.457317
v 2.926204 -13.120463 -47.193462
v -4.695076 -15.684018 -42.980121
v -4.767380 -16.392979 -43.625388
v -9.401664 -20.000840 -36.841716
v -9.597216 -20.822789 -37.326068
v 3.572373 -30.772145 -29.903657
v 3.544381 -30.219098 -30.342101
v 3.471216 -29.599602 -30.275638
v -2.810424 -28.251251 -34.224663
v -2.887725 -28.837864 -34.392178
v -3.256663 -29.306782 -34.204041
v 3.461926 -30.615274 -28.661037
v 3.538336 -30.942411 -29.199850
v 3.572327 -30.778053 -29.894366
v -3.271212 -29.316559 -34.192917
v -3.716709 -29.393364 -33.758339
v -3.976916 -29.032009 -33.332386
v 10.480252 -27.794899 -33.173943
v 10.050482 -27.413868 -33.421963
v 9.824307 -26.860668 -33.277191
v 10.987453 -27.384999 -32.210236
v 10.877266 -27.787125 -32.663994
v 10.494735 -27.801449 -33.160675
v 14.893212 -23.809410 -38.823581
v 14.207302 -23.661007 -38.743682
v 13.878545 -23.198730 -38.475818
v 15.776282 -23.041488 -38.363780
v 15.552811 -23.553070 -38.666285
v 14.904193 -23.808555 -38.822963
v 10.604699 -20.781558 -45.125820
v 10.167693 -20.808319 -44.678935
v 9.938761 -20.410072 -44.270091
v 11.123012 -19.744992 -45.230029
v 11.009477 -20.336224 -45.361487
v 10.619452 -20.773311 -45.137744
v 3.775620 -19.316418 -49.426041
v 3.735820 -19.429111 -48.729900
v 3.658063 -19.068256 -48.222686
v 3.682995 -18.154170 -49.896808
v 3.754029 -18.784771 -49.918454
v 3.775772 -19.311157 -49.435791
v -3.132133 -22.293537 -46.155799
v -2.770436 -22.232379 -45.649009
v -2.695896 -21.800701 -45.217449
v -3.841282 -21.392044 -46.352206
v -3.584427 -21.942505 -46.455901
v -3.146435 -22.288425 -46.170032
v -7.544962 -26.278988 -40.506320
v -6.926868 -25.987056 -40.328529
v -6.749059 -25.469005 -40.022674
v -8.631139 -25.727794 -40.194244
v -8.260202 -26.173969 -40.452163
v -7.555846 -26.280540 -40.507308
v -25.961528 -27.123707 -2.100376
v -26.166311 -26.557667 -2.057988
v -30.543761 -24.850346 5.575037
v -30.502552 -25.352440 5.818175
v -29.917583 -23.963745 -9.899416
v -29.979804 -23.511512 -9.575815
v -37.300384 -21.447407 10.381276
v -37.512202 -21.822292 10.804195
v -43.706815 -17.211522 5.760077
v -44.158008 -17.427974 6.010107
v -36.563338 -19.569336 -14.693445
v -36.386020 -19.275646 -14.196950
v -43.573024 -16.039197 -9.707308
v -43.142759 -15.872834 -9.390622
v -47.520323 -14.165572 -1.757709
v -48.114185 -14.268065 -1.788865
v -34.425972 -28.263977 3.502428
v -34.663860 -29.190170 3.669972
v -34.324844 -29.902238 4.265952
v -30.334296 -31.464386 -2.646625
v -31.046166 -30.607197 -2.597376
v -30.961228 -29.622463 -2.507209
v -28.395093 -31.158218 -2.547405
v -29.231218 -31.696541 -2.626083
v -30.328097 -31.468118 -2.646721
v -34.317186 -29.908001 4.275260
v -33.599049 -29.988977 4.951316
v -32.922882 -29.390678 5.310739
v -33.814333 -28.689957 -9.454031
v -34.201000 -28.091045 -8.769217
v -33.982132 -27.210102 -8.425008
v -32.342423 -28.012586 -10.286825
v -33.039326 -28.660122 -10.088575
v -33.805874 -28.694103 -9.463611
v -39.747596 -25.589840 7.309170
v -40.213000 -26.399937 7.644082
v -40.444908 -26.823951 8.649273
v -40.445327 -26.824634 8.656473
v -40.307178 -26.613025 9.748210
v -39.878676 -25.887603 10.282300
v -44.788428 -22.250480 3.648070
v -45.470935 -22.918636 3.821863
v -46.244693 -22.984951 4.433492
v -46.253413 -22.981205 4.442990
v -46.665636 -22.406216 5.134945
v -46.474002 -21.526756 5.501186
v -39.614490 -24.851757 -13.669851
v -39.460083 -24.611847 -12.591618
v -39.025953 -23.875966 -12.086630
v -38.935337 -23.647694 -15.067429
v -39.397325 -24.452621 -14.701695
v -39.614237 -24.851242 -13.677091
v -45.734088 -21.772632 -9.286362
v -45.008017 -21.819484 -8.617210
v -44.344545 -21.196533 -8.279251
v -45.893493 -20.148594 -10.096180
v -46.105834 -21.077331 -9.904742
v -45.742049 -21.767257 -9.295671
v -47.812422 -19.843399 -2.270270
v -48.627047 -20.404660 -2.350180
v -49.725259 -20.211421 -2.373975
v -49.731643 -20.207844 -2.373886
v -50.473470 -19.369224 -2.327399
v -50.419147 -18.377212 -2.237724
v -2.454357 2.161016 -4.919094
v -2.406214 1.510518 -4.822826
v -2.266924 0.929395 -4.544232
v -2.051332 0.479592 -4.113044
v -4.955828 2.122276 -4.919094
v -4.855097 1.491333 -4.818364
v -4.561091 0.912702 -4.524358
v -4.118394 0.456261 -4.081659
v 0.047116 0.456261 -4.081659
v 0.047116 0.914354 -4.531486
v 0.047116 1.487979 -4.819819
v 0.047116 2.122276 -4.919094
v 2.548594 2.161016 5.086807
v 2.500449 1.510518 4.990516
v 2.361159 0.929395 4.711931
v 2.145565 0.479592 4.280752
v 5.050073 2.122276 5.086807
v 4.949331 1.491333 4.986066
v 4.655324 0.912702 4.692059
v 4.212626 0.456261 4.249367
v 0.047116 0.456261 4.249367
v 0.047116 0.914354 4.699188
v 0.047116 1.487979 4.987520
v 0.047116 2.122276 5.086807
v -2.454357 2.161016 5.086807
v -2.406214 1.510518 4.990516
v -2.266924 0.929395 4.711931
v -2.051332 0.479592 4.280752
v -4.118394 0.456261 4.249367
v -4.561091 0.912702 4.692059
v -4.855097 1.491333 4.986066
v -4.955828 2.122276 5.086807
v 2.548594 2.161016 -4.919094
v 2.500449 1.510518 -4.822826
v 2.361159 0.929395 -4.544232
v 2.145565 0.479592 -4.113044
v 4.212626 0.456261 -4.081659
v 4.655324 0.912702 -4.524358
v 4.949331 1.491333 -4.818364
v 5.050073 2.122276 -4.919094
v 5.050073 2.161016 -2.417620
v 4.953794 1.510518 -2.369481
v 4.675199 0.929395 -2.230189
v 4.244019 0.479592 -2.014595
v 4.212626 0.456261 0.083851
v 4.662454 0.914354 0.083851
v 4.950798 1.487979 0.083851
v 5.050073 2.122276 0.083851
v 5.050073 2.161016 2.585331
v 4.953794 1.510518 2.537191
v 4.675199 0.929395 2.397893
v 4.244019 0.479592 2.182304
v -4.955828 2.161016 2.585331
v -4.859549 1.510518 2.537191
v -4.580966 0.929395 2.397893
v -4.149788 0.479592 2.182304
v -4.118394 0.456261 0.083851
v -4.568221 0.914354 0.083851
v -4.856554 1.487979 0.083851
v -4.955828 2.122276 0.083851
v -4.955828 2.161016 -2.417620
v -4.859549 1.510518 -2.369481
v -4.580966 0.929395 -2.230189
v -4.149788 0.479592 -2.014595
v -4.372706 3.580261 4.503674
v -4.955828 2.997126 5.086807
v -2.409981 3.912040 4.795095
v -2.454357 3.140678 5.086807
v -4.372706 3.580261 -4.335966
v -4.955828 2.997126 -4.919094
v -2.409981 3.912040 -4.627395
v -2.454357 3.140678 -4.919094
v -4.664133 3.912040 2.540950
v -4.955828 3.140678 2.585331
v 4.466938 3.580261 4.503674
v 5.050073 2.997126 5.086807
v 4.758362 3.912040 2.540950
v 5.050073 3.140678 2.585331
v 0.047116 3.920198 4.811518
v 0.047116 3.142830 5.086807
v 2.504221 3.912040 4.795095
v 2.548594 3.140678 5.086807
v 4.774776 3.920198 0.083851
v 5.050073 3.142830 0.083851
v 4.758362 3.912040 -2.373244
v 5.050073 3.140678 -2.417620
v 0.047116 3.920198 -4.643808
v 0.047116 3.142830 -4.919094
v 2.504221 3.912040 -4.627395
v 2.548594 3.140678 -4.919094
v -4.680546 3.920198 0.083851
v -4.955828 3.142830 0.083851
v -4.664133 3.912040 -2.373244
v -4.955828 3.140678 -2.417620
v 4.466938 3.580261 -4.335966
v 5.050073 2.997126 -4.919094
vt 0.375000 0.000000
vt 0.625000 0.000000
vt 0.375000 0.750000
vt 0.625000 0.750000
vt 0.375000 1.000000
vt 0.625000 1.000000
vt 0.875000 0.000000
vt 0.125000 0.000000
vt 0.500000 0.000000
vt 0.625000 0.625000
vt 0.500000 0.750000
vt 0.500000 0.875000
vt 0.625000 0.875000
vt 0.500000 1.000000
vt 0.375000 0.875000
vt 0.750000 0.000000
vt 0.250000 0.000000
vt 0.125000 0.125000
vt 0.437500 0.062500
vt 0.375000 0.062500
vt 0.437500 0.000000
vt 0.437500 0.812500
vt 0.375000 0.812500
vt 0.437500 0.750000
vt 0.500000 0.812500
vt 0.437500 0.875000
vt 0.687500 0.062500
vt 0.625000 0.062500
vt 0.687500 0.000000
vt 0.187500 0.062500
vt 0.125000 0.062500
vt 0.187500 0.000000
vt 0.562500 0.062500
vt 0.562500 0.000000
vt 0.562500 0.687500
vt 0.625000 0.687500
vt 0.562500 0.750000
vt 0.437500 0.687500
vt 0.375000 0.687500
vt 0.562500 0.812500
vt 0.625000 0.812500
vt 0.562500 0.875000
vt 0.562500 0.937500
vt 0.625000 0.937500
vt 0.562500 1.000000
vt 0.500000 0.937500
vt 0.437500 0.937500
vt 0.437500 1.000000
vt 0.375000 0.937500
vt 0.812500 0.062500
vt 0.812500 0.000000
vt 0.875000 0.062500
vt 0.312500 0.062500
vt 0.312500 0.000000
vt 0.500000 0.000000
vt 0.562500 0.000000
vt 0.562500 0.062500
vt 0.500000 0.750000
vt 0.437500 0.750000
vt 0.437500 0.687500
vt 0.750000 0.000000
vt 0.812500 0.000000
vt 0.812500 0.062500
vt 0.250000 0.000000
vt 0.312500 0.000000
vt 0.312500 0.062500
vt 0.437500 0.000000
vt 0.437500 0.062500
vt 0.500000 0.125000
vt 0.437500 0.125000
vt 0.687500 0.000000
vt 0.687500 0.062500
vt 0.750000 0.125000
vt 0.687500 0.125000
vt 0.187500 0.000000
vt 0.187500 0.062500
vt 0.250000 0.125000
vt 0.187500 0.125000
vt 0.562500 0.125000
vt 0.562500 0.750000
vt 0.562500 0.687500
vt 0.500000 0.625000
vt 0.562500 0.625000
vt 0.437500 0.625000
vt 0.812500 0.125000
vt 0.312500 0.125000
vt 0.500000 0.000000
vt 0.562500 0.000000
vt 0.562500 0.062500
vt 0.500000 0.750000
vt 0.437500 0.750000
vt 0.437500 0.687500
vt 0.750000 0.000000
vt 0.812500 0.000000
vt 0.812500 0.062500
vt 0.250000 0.000000
vt 0.312500 0.000000
vt 0.312500 0.062500
vt 0.437500 0.000000
vt 0.437500 0.062500
vt 0.500000 0.125000
vt 0.437500 0.125000
vt 0.687500 0.000000
vt 0.687500 0.062500
vt 0.750000 0.125000
vt 0.687500 0.125000
vt 0.187500 0.000000
vt 0.187500 0.062500
vt 0.250000 0.125000
vt 0.187500 0.125000
vt 0.562500 0.125000
vt 0.562500 0.750000
vt 0.562500 0.687500
vt 0.500000 0.625000
vt 0.562500 0.625000
vt 0.437500 0.625000
vt 0.812500 0.125000
vt 0.312500 0.125000
vt 0.500000 0.000000
vt 0.562500 0.000000
vt 0.562500 0.062500
vt 0.500000 0.750000
vt 0.437500 0.750000
vt 0.437500 0.687500
vt 0.750000 0.000000
vt 0.812500 0.000000
vt 0.812500 0.062500
vt 0.250000 0.000000
vt 0.312500 0.000000
vt 0.312500 0.062500
vt 0.437500 0.000000
vt 0.437500 0.062500
vt 0.500000 0.125000
vt 0.437500 0.125000
vt 0.687500 0.000000
vt 0.687500 0.062500
vt 0.750000 0.125000
vt 0.687500 0.125000
vt 0.187500 0.000000
vt 0.187500 0.062500
vt 0.250000 0.125000
vt 0.187500 0.125000
vt 0.562500 0.125000
vt 0.562500 0.750000
vt 0.562500 0.687500
vt 0.500000 0.625000
vt 0.562500 0.625000
vt 0.437500 0.625000
vt 0.812500 0.125000
vt 0.312500 0.125000
vt 0.500000 0.000000
vt 0.562500 0.000000
vt 0.562500 0.062500
vt 0.500000 0.750000
vt 0.437500 0.750000
vt 0.437500 0.687500
vt 0.750000 0.000000
vt 0.812500 0.000000
vt 0.812500 0.062500
vt 0.250000 0.000000
vt 0.312500 0.000000
vt 0.312500 0.062500
vt 0.437500 0.000000
vt 0.437500 0.062500
vt 0.500000 0.125000
vt 0.437500 0.125000
vt 0.687500 0.000000
vt 0.687500 0.062500
vt 0.750000 0.125000
vt 0.687500 0.125000
vt 0.187500 0.000000
vt 0.187500 0.062500
vt 0.250000 0.125000
vt 0.187500 0.125000
vt 0.562500 0.125000
vt 0.562500 0.750000
vt 0.562500 0.687500
vt 0.500000 0.625000
vt 0.562500 0.625000
vt 0.437500 0.625000
vt 0.812500 0.125000
vt 0.312500 0.125000
vt 0.500000 0.000000
vt 0.562500 0.000000
vt 0.562500 0.062500
vt 0.500000 0.750000
vt 0.437500 0.750000
vt 0.437500 0.687500
vt 0.750000 0.000000
vt 0.812500 0.000000
vt 0.812500 0.062500
vt 0.250000 0.000000
vt 0.312500 0.000000
vt 0.312500 0.062500
vt 0.437500 0.000000
vt 0.437500 0.062500
vt 0.500000 0.125000
vt 0.437500 0.125000
vt 0.687500 0.000000
vt 0.687500 0.062500
vt 0.750000 0.125000
vt 0.687500 0.125000
vt 0.187500 0.000000
vt 0.187500 0.062500
vt 0.250000 0.125000
vt 0.187500 0.125000
vt 0.562500 0.125000
vt 0.562500 0.750000
vt 0.562500 0.687500
vt 0.500000 0.625000
vt 0.562500 0.625000
vt 0.437500 0.625000
vt 0.812500 0.125000
vt 0.312500 0.125000
vt 0.500000 0.000000
vt 0.562500 0.000000
vt 0.562500 0.062500
vt 0.500000 0.750000
vt 0.437500 0.750000
vt 0.437500 0.687500
vt 0.750000 0.000000
vt 0.812500 0.000000
vt 0.812500 0.062500
vt 0.250000 0.000000
vt 0.312500 0.000000
vt 0.312500 0.062500
vt 0.437500 0.000000
vt 0.437500 0.062500
vt 0.500000 0.125000
vt 0.437500 0.125000
vt 0.687500 0.000000
vt 0.687500 0.062500
vt 0.750000 0.125000
vt 0.687500 0.125000
vt 0.187500 0.000000
vt 0.187500 0.062500
vt 0.250000 0.125000
vt 0.187500 0.125000
vt 0.562500 0.125000
vt 0.562500 0.750000
vt 0.562500 0.687500
vt 0.500000 0.625000
vt 0.562500 0.625000
vt 0.437500 0.625000
vt 0.812500 0.125000
vt 0.312500 0.125000
vt 0.500000 0.000000
vt 0.562500 0.000000
vt 0.562500 0.062500
vt 0.500000 0.750000
vt 0.437500 0.750000
vt 0.437500 0.687500
vt 0.750000 0.000000
vt 0.812500 0.000000
vt 0.812500 0.062500
vt 0.250000 0.000000
vt 0.312500 0.000000
vt 0.312500 0.062500
vt 0.437500 0.000000
vt 0.437500 0.062500
vt 0.500000 0.125000
vt 0.437500 0.125000
vt 0.687500 0.000000
vt 0.687500 0.062500
vt 0.750000 0.125000
vt 0.687500 0.125000
vt 0.187500 0.000000
vt 0.187500 0.062500
vt 0.250000 0.125000
vt 0.187500 0.125000
vt 0.562500 0.125000
vt 0.562500 0.750000
vt 0.562500 0.687500
vt 0.500000 0.625000
vt 0.562500 0.625000
vt 0.437500 0.625000
vt 0.812500 0.125000
vt 0.312500 0.125000
vt 0.500000 0.000000
vt 0.562500 0.000000
vt 0.562500 0.062500
vt 0.500000 0.750000
vt 0.437500 0.750000
vt 0.437500 0.687500
vt 0.750000 0.000000
vt 0.812500 0.000000
vt 0.812500 0.062500
vt 0.250000 0.000000
vt 0.312500 0.000000
vt 0.312500 0.062500
vt 0.437500 0.000000
vt 0.437500 0.062500
vt 0.500000 0.125000
vt 0.437500 0.125000
vt 0.687500 0.000000
vt 0.687500 0.062500
vt 0.750000 0.125000
vt 0.687500 0.125000
vt 0.187500 0.000000
vt 0.187500 0.062500
vt 0.250000 0.125000
vt 0.187500 0.125000
vt 0.562500 0.125000
vt 0.562500 0.750000
vt 0.562500 0.687500
vt 0.500000 0.625000
vt 0.562500 0.625000
vt 0.437500 0.625000
vt 0.812500 0.125000
vt 0.312500 0.125000
vt 0.500000 0.000000
vt 0.562500 0.062500
vt 0.500000 0.750000
vt 0.437500 0.750000
vt 0.437500 0.687500
vt 0.750000 0.000000
vt 0.812500 0.062500
vt 0.250000 0.000000
vt 0.312500 0.000000
vt 0.312500 0.062500
vt 0.437500 0.000000
vt 0.437500 0.062500
vt 0.500000 0.125000
vt 0.437500 0.125000
vt 0.687500 0.000000
vt 0.687500 0.062500
vt 0.750000 0.125000
vt 0.687500 0.125000
vt 0.187500 0.000000
vt 0.187500 0.062500
vt 0.250000 0.125000
vt 0.187500 0.125000
vt 0.562500 0.125000
vt 0.562500 0.750000
vt 0.562500 0.687500
vt 0.500000 0.625000
vt 0.562500 0.625000
vt 0.437500 0.625000
vt 0.812500 0.125000
vt 0.312500 0.125000
vt 0.500000 0.000000
vt 0.562500 0.062500
vt 0.500000 0.750000
vt 0.437500 0.687500
vt 0.750000 0.000000
vt 0.812500 0.062500
vt 0.250000 0.000000
vt 0.312500 0.062500
vt 0.437500 0.000000
vt 0.437500 0.062500
vt 0.500000 0.125000
vt 0.437500 0.125000
vt 0.687500 0.000000
vt 0.687500 0.062500
vt 0.750000 0.125000
vt 0.687500 0.125000
vt 0.187500 0.000000
vt 0.187500 0.062500
vt 0.250000 0.125000
vt 0.187500 0.125000
vt 0.562500 0.125000
vt 0.562500 0.750000
vt 0.562500 0.687500
vt 0.500000 0.625000
vt 0.562500 0.625000
vt 0.437500 0.625000
vt 0.812500 0.125000
vt 0.312500 0.125000
vt 0.500000 0.000000
vt 0.562500 0.062500
vt 0.500000 0.750000
vt 0.437500 0.687500
vt 0.750000 0.000000
vt 0.812500 0.062500
vt 0.250000 0.000000
vt 0.312500 0.062500
vt 0.437500 0.000000
vt 0.437500 0.062500
vt 0.500000 0.125000
vt 0.437500 0.125000
vt 0.687500 0.000000
vt 0.687500 0.062500
vt 0.750000 0.125000
vt 0.687500 0.125000
vt 0.187500 0.000000
vt 0.187500 0.062500
vt 0.250000 0.125000
vt 0.187500 0.125000
vt 0.562500 0.125000
vt 0.562500 0.750000
vt 0.562500 0.687500
vt 0.500000 0.625000
vt 0.562500 0.625000
vt 0.437500 0.625000
vt 0.812500 0.125000
vt 0.312500 0.125000
vt 0.562500 0.062500
vt 0.437500 0.687500
vt 0.812500 0.062500
vt 0.312500 0.062500
vt 0.437500 0.000000
vt 0.437500 0.062500
vt 0.500000 0.125000
vt 0.437500 0.125000
vt 0.687500 0.000000
vt 0.687500 0.062500
vt 0.750000 0.125000
vt 0.687500 0.125000
vt 0.187500 0.000000
vt 0.187500 0.062500
vt 0.250000 0.125000
vt 0.187500 0.125000
vt 0.562500 0.125000
vt 0.562500 0.687500
vt 0.812500 0.125000
vt 0.500000 0.000000
vt 0.437500 0.000000
vt 0.437500 0.000000
vt 0.437500 0.062500
vt 0.437500 0.125000
vt 0.500000 0.125000
vt 0.437500 0.062500
vt 0.437500 0.125000
vt 0.750000 0.000000
vt 0.687500 0.000000
vt 0.687500 0.000000
vt 0.687500 0.062500
vt 0.687500 0.125000
vt 0.750000 0.125000
vt 0.687500 0.062500
vt 0.687500 0.125000
vt 0.250000 0.000000
vt 0.187500 0.000000
vt 0.187500 0.000000
vt 0.187500 0.062500
vt 0.187500 0.125000
vt 0.250000 0.125000
vt 0.187500 0.062500
vt 0.187500 0.125000
vt 0.500000 0.125000
vt 0.562500 0.125000
vt 0.562500 0.125000
vt 0.562500 0.062500
vt 0.500000 0.750000
vt 0.562500 0.750000
vt 0.562500 0.750000
vt 0.562500 0.687500
vt 0.562500 0.625000
vt 0.500000 0.625000
vt 0.562500 0.687500
vt 0.562500 0.625000
vt 0.500000 0.625000
vt 0.437500 0.625000
vt 0.437500 0.625000
vt 0.437500 0.687500
vt 0.750000 0.125000
vt 0.812500 0.125000
vt 0.812500 0.125000
vt 0.812500 0.062500
vt 0.250000 0.125000
vt 0.312500 0.125000
vt 0.312500 0.125000
vt 0.312500 0.062500
vt 0.562500 0.000000
vt 0.500000 0.000000
vt 0.562500 0.062500
vt 0.437500 0.750000
vt 0.500000 0.750000
vt 0.437500 0.687500
vt 0.437500 0.750000
vt 0.812500 0.000000
vt 0.750000 0.000000
vt 0.812500 0.062500
vt 0.312500 0.000000
vt 0.250000 0.000000
vt 0.312500 0.062500
vt 0.312500 0.000000
vt 0.500000 0.000000
vt 0.437500 0.000000
vt 0.437500 0.000000
vt 0.437500 0.062500
vt 0.437500 0.125000
vt 0.500000 0.125000
vt 0.437500 0.062500
vt 0.437500 0.125000
vt 0.750000 0.000000
vt 0.687500 0.000000
vt 0.687500 0.000000
vt 0.687500 0.062500
vt 0.687500 0.125000
vt 0.750000 0.125000
vt 0.687500 0.062500
vt 0.687500 0.125000
vt 0.250000 0.000000
vt 0.187500 0.000000
vt 0.187500 0.000000
vt 0.187500 0.062500
vt 0.187500 0.125000
vt 0.250000 0.125000
vt 0.187500 0.062500
vt 0.187500 0.125000
vt 0.500000 0.125000
vt 0.562500 0.125000
vt 0.562500 0.125000
vt 0.562500 0.062500
vt 0.500000 0.750000
vt 0.562500 0.750000
vt 0.562500 0.687500
vt 0.562500 0.625000
vt 0.562500 0.687500
vt 0.500000 0.625000
vt 0.437500 0.625000
vt 0.437500 0.687500
vt 0.750000 0.125000
vt 0.812500 0.125000
vt 0.812500 0.125000
vt 0.812500 0.062500
vt 0.250000 0.125000
vt 0.312500 0.125000
vt 0.312500 0.062500
vt 0.437500 0.750000
vt 0.500000 0.750000
vt 0.500000 0.000000
vt 0.562500 0.062500
vt 0.437500 0.687500
vt 0.437500 0.750000
vt 0.812500 0.062500
vt 0.312500 0.000000
vt 0.250000 0.000000
vt 0.750000 0.000000
vt 0.312500 0.000000
vt 0.312500 0.062500
vt 0.437500 0.125000
vt 0.500000 0.125000
vt 0.437500 0.000000
vt 0.500000 0.000000
vt 0.437500 0.062500
vt 0.437500 0.000000
vt 0.437500 0.062500
vt 0.437500 0.125000
vt 0.687500 0.000000
vt 0.687500 0.062500
vt 0.687500 0.125000
vt 0.750000 0.125000
vt 0.687500 0.000000
vt 0.750000 0.000000
vt 0.687500 0.125000
vt 0.687500 0.062500
vt 0.187500 0.125000
vt 0.250000 0.125000
vt 0.187500 0.000000
vt 0.250000 0.000000
vt 0.187500 0.062500
vt 0.187500 0.000000
vt 0.187500 0.062500
vt 0.187500 0.125000
vt 0.562500 0.125000
vt 0.562500 0.062500
vt 0.500000 0.750000
vt 0.562500 0.125000
vt 0.500000 0.125000
vt 0.562500 0.687500
vt 0.562500 0.687500
vt 0.437500 0.687500
vt 0.812500 0.125000
vt 0.812500 0.062500
vt 0.250000 0.125000
vt 0.812500 0.125000
vt 0.750000 0.125000
vt 0.312500 0.062500
vt 0.500000 0.000000
vt 0.437500 0.750000
vt 0.562500 0.000000
vt 0.312500 0.000000
vt 0.562500 0.062500
vt 0.437500 0.687500
vt 0.500000 0.750000
vt 0.812500 0.062500
vt 0.437500 0.750000
vt 0.750000 0.000000
vt 0.312500 0.000000
vt 0.812500 0.000000
vt 0.312500 0.062500
vt 0.250000 0.000000
vt 0.437500 0.000000
vt 0.437500 0.125000
vt 0.437500 0.062500
vt 0.500000 0.000000
vt 0.687500 0.125000
vt 0.437500 0.000000
vt 0.437500 0.062500
vt 0.500000 0.125000
vt 0.687500 0.000000
vt 0.437500 0.125000
vt 0.687500 0.000000
vt 0.687500 0.125000
vt 0.750000 0.000000
vt 0.687500 0.062500
vt 0.687500 0.062500
vt 0.750000 0.125000
vt 0.187500 0.000000
vt 0.187500 0.125000
vt 0.187500 0.062500
vt 0.250000 0.000000
vt 0.562500 0.687500
vt 0.187500 0.000000
vt 0.187500 0.062500
vt 0.250000 0.125000
vt 0.562500 0.125000
vt 0.187500 0.125000
vt 0.562500 0.125000
vt 0.500000 0.750000
vt 0.500000 0.125000
vt 0.562500 0.062500
vt 0.562500 0.750000
vt 0.500000 0.625000
vt 0.562500 0.625000
vt 0.312500 0.062500
vt 0.562500 0.687500
vt 0.437500 0.625000
vt 0.812500 0.125000
vt 0.437500 0.687500
vt 0.812500 0.125000
vt 0.250000 0.125000
vt 0.750000 0.125000
vt 0.812500 0.062500
vt 0.312500 0.125000
vt 0.562500 0.000000
vt 0.500000 0.000000
vt 0.562500 0.062500
vt 0.562500 0.000000
vt 0.437500 0.750000
vt 0.500000 0.750000
vt 0.437500 0.687500
vt 0.437500 0.750000
vt 0.812500 0.000000
vt 0.750000 0.000000
vt 0.812500 0.062500
vt 0.812500 0.000000
vt 0.312500 0.000000
vt 0.250000 0.000000
vt 0.312500 0.062500
vt 0.312500 0.000000
vt 0.500000 0.000000
vt 0.437500 0.000000
vt 0.437500 0.000000
vt 0.437500 0.062500
vt 0.437500 0.125000
vt 0.500000 0.125000
vt 0.437500 0.062500
vt 0.437500 0.125000
vt 0.750000 0.000000
vt 0.687500 0.000000
vt 0.687500 0.000000
vt 0.687500 0.062500
vt 0.687500 0.125000
vt 0.750000 0.125000
vt 0.687500 0.062500
vt 0.687500 0.125000
vt 0.250000 0.000000
vt 0.187500 0.000000
vt 0.187500 0.000000
vt 0.187500 0.062500
vt 0.187500 0.125000
vt 0.250000 0.125000
vt 0.187500 0.062500
vt 0.187500 0.125000
vt 0.500000 0.125000
vt 0.562500 0.125000
vt 0.562500 0.125000
vt 0.562500 0.062500
vt 0.500000 0.750000
vt 0.562500 0.750000
vt 0.562500 0.750000
vt 0.562500 0.687500
vt 0.562500 0.625000
vt 0.500000 0.625000
vt 0.562500 0.687500
vt 0.562500 0.625000
vt 0.500000 0.625000
vt 0.437500 0.625000
vt 0.437500 0.625000
vt 0.437500 0.687500
vt 0.750000 0.125000
vt 0.812500 0.125000
vt 0.812500 0.125000
vt 0.812500 0.062500
vt 0.250000 0.125000
vt 0.312500 0.125000
vt 0.312500 0.125000
vt 0.312500 0.062500
vt 0.437500 0.750000
vt 0.500000 0.750000
vt 0.500000 0.000000
vt 0.562500 0.062500
vt 0.437500 0.687500
vt 0.437500 0.750000
vt 0.812500 0.062500
vt 0.312500 0.000000
vt 0.250000 0.000000
vt 0.750000 0.000000
vt 0.312500 0.000000
vt 0.312500 0.062500
vt 0.437500 0.125000
vt 0.500000 0.125000
vt 0.437500 0.000000
vt 0.500000 0.000000
vt 0.437500 0.062500
vt 0.437500 0.000000
vt 0.437500 0.062500
vt 0.437500 0.125000
vt 0.687500 0.000000
vt 0.687500 0.062500
vt 0.687500 0.125000
vt 0.750000 0.125000
vt 0.687500 0.000000
vt 0.750000 0.000000
vt 0.687500 0.125000
vt 0.687500 0.062500
vt 0.187500 0.125000
vt 0.250000 0.125000
vt 0.187500 0.000000
vt 0.250000 0.000000
vt 0.187500 0.062500
vt 0.187500 0.000000
vt 0.187500 0.062500
vt 0.187500 0.125000
vt 0.562500 0.125000
vt 0.562500 0.062500
vt 0.500000 0.750000
vt 0.562500 0.125000
vt 0.500000 0.125000
vt 0.562500 0.687500
vt 0.562500 0.687500
vt 0.437500 0.687500
vt 0.812500 0.125000
vt 0.812500 0.062500
vt 0.250000 0.125000
vt 0.812500 0.125000
vt 0.750000 0.125000
vt 0.312500 0.062500
vt 0.500000 0.000000
vt 0.437500 0.750000
vt 0.562500 0.000000
vt 0.312500 0.000000
vt 0.562500 0.062500
vt 0.437500 0.687500
vt 0.500000 0.750000
vt 0.812500 0.062500
vt 0.437500 0.750000
vt 0.750000 0.000000
vt 0.312500 0.000000
vt 0.812500 0.000000
vt 0.312500 0.062500
vt 0.250000 0.000000
vt 0.437500 0.000000
vt 0.437500 0.125000
vt 0.437500 0.062500
vt 0.500000 0.000000
vt 0.687500 0.125000
vt 0.437500 0.000000
vt 0.437500 0.062500
vt 0.500000 0.125000
vt 0.687500 0.000000
vt 0.437500 0.125000
vt 0.687500 0.000000
vt 0.687500 0.125000
vt 0.750000 0.000000
vt 0.687500 0.062500
vt 0.687500 0.062500
vt 0.750000 0.125000
vt 0.187500 0.000000
vt 0.187500 0.125000
vt 0.187500 0.062500
vt 0.250000 0.000000
vt 0.562500 0.687500
vt 0.187500 0.000000
vt 0.187500 0.062500
vt 0.250000 0.125000
vt 0.562500 0.125000
vt 0.187500 0.125000
vt 0.562500 0.125000
vt 0.500000 0.750000
vt 0.500000 0.125000
vt 0.562500 0.062500
vt 0.562500 0.750000
vt 0.500000 0.625000
vt 0.562500 0.625000
vt 0.312500 0.062500
vt 0.562500 0.687500
vt 0.437500 0.625000
vt 0.812500 0.125000
vt 0.437500 0.687500
vt 0.812500 0.125000
vt 0.250000 0.125000
vt 0.750000 0.125000
vt 0.812500 0.062500
vt 0.312500 0.125000
vt 0.245823 0.066676
vt 0.243225 0.062500
vt 0.245823 0.058323
vt 0.250000 0.055724
vt 0.254177 0.058323
vt 0.256776 0.059901
vt 0.254176 0.063473
vt 0.499525 0.692134
vt 0.496114 0.687493
vt 0.496666 0.682874
vt 0.500000 0.680690
vt 0.504241 0.683258
vt 0.506891 0.687500
vt 0.504220 0.691721
vt 0.754177 0.058324
vt 0.756775 0.062500
vt 0.754177 0.066676
vt 0.750000 0.069275
vt 0.745823 0.066677
vt 0.743224 0.065099
vt 0.745823 0.061528
vt 0.497431 0.058238
vt 0.500584 0.056045
vt 0.504526 0.058073
vt 0.507815 0.062547
vt 0.504495 0.066790
vt 0.502895 0.068886
vt 0.500155 0.066783
vt 0.250000 0.066676
vt 0.502400 0.694201
vt 0.750000 0.058323
vt 0.496838 0.062508
vt 0.227250 0.085164
vt 0.233441 0.078798
vt 0.238420 0.073661
vt 0.242591 0.069394
vt 0.239111 0.062416
vt 0.234098 0.062427
vt 0.229079 0.062410
vt 0.224023 0.062382
vt 0.242673 0.054983
vt 0.238482 0.050814
vt 0.233461 0.045864
vt 0.227215 0.039709
vt 0.249916 0.051406
vt 0.249925 0.046433
vt 0.249988 0.041469
vt 0.250066 0.036468
vt 0.257409 0.054674
vt 0.261580 0.050585
vt 0.266559 0.045697
vt 0.272750 0.039583
vt 0.260890 0.061238
vt 0.265902 0.061708
vt 0.270921 0.062055
vt 0.275977 0.062358
vt 0.257327 0.068284
vt 0.261518 0.073079
vt 0.266539 0.078451
vt 0.272784 0.084957
vt 0.250084 0.072123
vt 0.250075 0.077626
vt 0.250012 0.082952
vt 0.249934 0.088251
vt 0.477583 0.710272
vt 0.484162 0.704061
vt 0.489627 0.699109
vt 0.494533 0.695025
vt 0.490765 0.687572
vt 0.485257 0.687561
vt 0.479867 0.687506
vt 0.474442 0.687440
vt 0.493565 0.679887
vt 0.489123 0.675827
vt 0.483860 0.670914
vt 0.477398 0.664752
vt 0.500105 0.676599
vt 0.500085 0.671593
vt 0.500098 0.666579
vt 0.500120 0.661525
vt 0.507562 0.680127
vt 0.511715 0.675945
vt 0.516653 0.670933
vt 0.522798 0.664698
vt 0.511150 0.687401
vt 0.516105 0.687411
vt 0.521058 0.687476
vt 0.526047 0.687557
vt 0.507808 0.694918
vt 0.511897 0.699089
vt 0.516791 0.704068
vt 0.522911 0.710258
vt 0.501149 0.698331
vt 0.500716 0.703366
vt 0.500396 0.708399
vt 0.500117 0.713466
vt 0.772750 0.039836
vt 0.766559 0.046202
vt 0.761580 0.051339
vt 0.757409 0.055606
vt 0.760889 0.062584
vt 0.765902 0.062573
vt 0.770921 0.062590
vt 0.775977 0.062618
vt 0.757327 0.070017
vt 0.761518 0.074186
vt 0.766539 0.079136
vt 0.772785 0.085290
vt 0.750084 0.073593
vt 0.750075 0.078567
vt 0.750012 0.083531
vt 0.749934 0.088532
vt 0.742591 0.070326
vt 0.738420 0.074414
vt 0.733441 0.079303
vt 0.727250 0.085417
vt 0.739111 0.063762
vt 0.734098 0.063292
vt 0.729079 0.062945
vt 0.724023 0.062642
vt 0.742673 0.056717
vt 0.738482 0.051922
vt 0.733461 0.046549
vt 0.727216 0.040043
vt 0.749916 0.052877
vt 0.749925 0.047374
vt 0.749988 0.042048
vt 0.750066 0.036749
vt 0.474183 0.036508
vt 0.476826 0.038937
vt 0.476132 0.038159
vt 0.487814 0.049032
vt 0.497201 0.048469
vt 0.496870 0.043055
vt 0.497979 0.039071
vt 0.499132 0.035230
vt 0.506211 0.053635
vt 0.510079 0.049336
vt 0.515297 0.044675
vt 0.521990 0.038991
vt 0.511340 0.061871
vt 0.516402 0.061895
vt 0.521477 0.062110
vt 0.526398 0.062384
vt 0.507464 0.069807
vt 0.511355 0.074055
vt 0.516256 0.079122
vt 0.522540 0.085328
vt 0.501052 0.072730
vt 0.500672 0.077927
vt 0.500455 0.083149
vt 0.500200 0.088360
vt 0.493902 0.068842
vt 0.488748 0.072899
vt 0.483470 0.078185
vt 0.477223 0.084834
vt 0.487882 0.059517
vt 0.481504 0.058910
vt 0.477342 0.060134
vt 0.473151 0.061263
vt 0.500000 0.342499
vt 0.468747 0.343747
vt 0.532501 0.375000
vt 0.531253 0.343747
vt 0.500000 0.407501
vt 0.531253 0.406253
vt 0.467499 0.375000
vt 0.500000 0.375000
vt 0.468747 0.406253
vt 0.437500 0.312500
vt 0.500000 0.312500
vt 0.437500 0.375000
vt 0.562500 0.312500
vt 0.562500 0.375000
vt 0.562500 0.437500
vt 0.500000 0.437500
vt 0.437500 0.437500
vt 0.467499 0.375000
vt 0.468747 0.343747
vt 0.500000 0.342499
vt 0.531253 0.343747
vt 0.532501 0.375000
vt 0.531253 0.406253
vt 0.500000 0.407501
vt 0.468747 0.406253
vt 0.484211 0.359211
vt 0.500000 0.358749
vt 0.483749 0.375000
vt 0.468123 0.359373
vt 0.484373 0.343123
vt 0.515789 0.359211
vt 0.516251 0.375000
vt 0.515627 0.343123
vt 0.531877 0.359373
vt 0.515789 0.390789
vt 0.500000 0.391251
vt 0.531877 0.390627
vt 0.515627 0.406877
vt 0.484211 0.390789
vt 0.484373 0.406877
vt 0.468123 0.390627
vt 0.468123 0.359373
vt 0.468123 0.359373
vt 0.468747 0.343747
vt 0.467499 0.375000
vt 0.484373 0.343123
vt 0.484373 0.343123
vt 0.500000 0.342499
vt 0.515627 0.343123
vt 0.515627 0.343123
vt 0.531253 0.343747
vt 0.531877 0.359373
vt 0.531877 0.359373
vt 0.532501 0.375000
vt 0.531877 0.390627
vt 0.531877 0.390627
vt 0.531253 0.406253
vt 0.515627 0.406877
vt 0.515627 0.406877
vt 0.500000 0.407501
vt 0.484373 0.406877
vt 0.484373 0.406877
vt 0.468747 0.406253
vt 0.468123 0.390627
vt 0.468123 0.390627
vt 0.492166 0.350915
vt 0.492187 0.342811
vt 0.500000 0.350624
vt 0.492106 0.358980
vt 0.484292 0.351167
vt 0.524085 0.367166
vt 0.532189 0.367187
vt 0.524376 0.375000
vt 0.516020 0.367106
vt 0.523833 0.359292
vt 0.507834 0.399085
vt 0.507813 0.407189
vt 0.500000 0.399376
vt 0.507894 0.391020
vt 0.515708 0.398833
vt 0.475915 0.382834
vt 0.467811 0.382813
vt 0.475624 0.375000
vt 0.483980 0.382894
vt 0.476167 0.390708
vt 0.467811 0.367187
vt 0.467499 0.375000
vt 0.467811 0.367187
vt 0.468123 0.359373
vt 0.467811 0.367187
vt 0.476560 0.343435
vt 0.468747 0.343747
vt 0.476560 0.343435
vt 0.484373 0.343123
vt 0.476560 0.343435
vt 0.507813 0.342811
vt 0.500000 0.342499
vt 0.507813 0.342811
vt 0.515627 0.343123
vt 0.507813 0.342811
vt 0.531565 0.351560
vt 0.531253 0.343747
vt 0.531565 0.351560
vt 0.531877 0.359373
vt 0.531565 0.351560
vt 0.532189 0.382813
vt 0.532501 0.375000
vt 0.532189 0.382813
vt 0.531877 0.390627
vt 0.532189 0.382813
vt 0.523440 0.406565
vt 0.531253 0.406253
vt 0.523440 0.406565
vt 0.515627 0.406877
vt 0.523440 0.406565
vt 0.492187 0.407189
vt 0.500000 0.407501
vt 0.492187 0.407189
vt 0.484373 0.406877
vt 0.492187 0.407189
vt 0.468435 0.398440
vt 0.468747 0.406253
vt 0.468435 0.398440
vt 0.468123 0.390627
vt 0.468435 0.398440
vt 0.492046 0.367046
vt 0.500000 0.366875
vt 0.491875 0.375000
vt 0.483980 0.367106
vt 0.475915 0.367166
vt 0.467811 0.367187
vt 0.476167 0.359292
vt 0.476418 0.351418
vt 0.468435 0.351560
vt 0.476560 0.343435
vt 0.507954 0.367046
vt 0.508125 0.375000
vt 0.507894 0.358980
vt 0.507834 0.350915
vt 0.507813 0.342811
vt 0.515708 0.351167
vt 0.523582 0.351418
vt 0.523440 0.343435
vt 0.531565 0.351560
vt 0.507954 0.382954
vt 0.500000 0.383125
vt 0.516020 0.382894
vt 0.524085 0.382834
vt 0.532189 0.382813
vt 0.523833 0.390708
vt 0.523582 0.398582
vt 0.531565 0.398440
vt 0.523440 0.406565
vt 0.492046 0.382954
vt 0.492106 0.391020
vt 0.492166 0.399085
vt 0.492187 0.407189
vt 0.484292 0.398833
vt 0.476418 0.398582
vt 0.476560 0.406565
vt 0.468435 0.398440
vt 0.468435 0.351560
vt 0.468435 0.351560
vt 0.468435 0.351560
vt 0.468435 0.351560
vt 0.468747 0.343747
vt 0.468123 0.359373
vt 0.467811 0.367187
vt 0.467499 0.375000
vt 0.492187 0.342811
vt 0.492187 0.342811
vt 0.492187 0.342811
vt 0.492187 0.342811
vt 0.500000 0.342499
vt 0.484373 0.343123
vt 0.476560 0.343435
vt 0.523440 0.343435
vt 0.523440 0.343435
vt 0.523440 0.343435
vt 0.523440 0.343435
vt 0.531253 0.343747
vt 0.515627 0.343123
vt 0.507813 0.342811
vt 0.532189 0.367187
vt 0.532189 0.367187
vt 0.532189 0.367187
vt 0.532189 0.367187
vt 0.532501 0.375000
vt 0.531877 0.359373
vt 0.531565 0.351560
vt 0.531565 0.398440
vt 0.531565 0.398440
vt 0.531565 0.398440
vt 0.531565 0.398440
vt 0.531253 0.406253
vt 0.531877 0.390627
vt 0.532189 0.382813
vt 0.507813 0.407189
vt 0.507813 0.407189
vt 0.507813 0.407189
vt 0.507813 0.407189
vt 0.500000 0.407501
vt 0.515627 0.406877
vt 0.523440 0.406565
vt 0.476560 0.406565
vt 0.476560 0.406565
vt 0.476560 0.406565
vt 0.476560 0.406565
vt 0.468747 0.406253
vt 0.484373 0.406877
vt 0.492187 0.407189
vt 0.467811 0.382813
vt 0.467811 0.382813
vt 0.467811 0.382813
vt 0.467811 0.382813
vt 0.468123 0.390627
vt 0.468435 0.398440
vt 0.488262 0.347011
vt 0.484333 0.347145
vt 0.488280 0.342967
vt 0.492176 0.346863
vt 0.488229 0.351041
vt 0.527989 0.363262
vt 0.527855 0.359333
vt 0.532033 0.363280
vt 0.528137 0.367176
vt 0.523959 0.363229
vt 0.511738 0.402989
vt 0.515667 0.402855
vt 0.511720 0.407033
vt 0.507824 0.403137
vt 0.511771 0.398959
vt 0.472011 0.386738
vt 0.472145 0.390667
vt 0.467967 0.386720
vt 0.471863 0.382824
vt 0.476041 0.386771
vt 0.467655 0.371093
vt 0.467655 0.371093
vt 0.467499 0.375000
vt 0.467655 0.371093
vt 0.467811 0.367187
vt 0.472654 0.343591
vt 0.472654 0.343591
vt 0.468747 0.343747
vt 0.472654 0.343591
vt 0.476560 0.343435
vt 0.503907 0.342655
vt 0.503907 0.342655
vt 0.500000 0.342499
vt 0.503907 0.342655
vt 0.507813 0.342811
vt 0.531409 0.347654
vt 0.531409 0.347654
vt 0.531253 0.343747
vt 0.531409 0.347654
vt 0.531565 0.351560
vt 0.532345 0.378907
vt 0.532345 0.378907
vt 0.532501 0.375000
vt 0.532345 0.378907
vt 0.532189 0.382813
vt 0.527346 0.406409
vt 0.527346 0.406409
vt 0.531253 0.406253
vt 0.527346 0.406409
vt 0.523440 0.406565
vt 0.496093 0.407345
vt 0.496093 0.407345
vt 0.500000 0.407501
vt 0.496093 0.407345
vt 0.492187 0.407189
vt 0.468591 0.402346
vt 0.468591 0.402346
vt 0.468747 0.406253
vt 0.468591 0.402346
vt 0.468435 0.398440
vt 0.496045 0.362920
vt 0.496053 0.358865
vt 0.500000 0.362812
vt 0.496023 0.366960
vt 0.492076 0.363013
vt 0.479824 0.371075
vt 0.483865 0.371053
vt 0.479687 0.375000
vt 0.475769 0.371083
vt 0.479948 0.367136
vt 0.472293 0.355418
vt 0.472145 0.359333
vt 0.468279 0.355467
vt 0.472427 0.351489
vt 0.476293 0.355355
vt 0.512080 0.371045
vt 0.516135 0.371053
vt 0.512188 0.375000
vt 0.508040 0.371023
vt 0.511987 0.367076
vt 0.503925 0.354824
vt 0.503947 0.358865
vt 0.500000 0.354687
vt 0.503917 0.350769
vt 0.507864 0.354948
vt 0.519582 0.347293
vt 0.515667 0.347145
vt 0.519533 0.343279
vt 0.523511 0.347427
vt 0.519645 0.351293
vt 0.503955 0.387080
vt 0.503947 0.391135
vt 0.500000 0.387188
vt 0.503977 0.383040
vt 0.507924 0.386987
vt 0.520176 0.378925
vt 0.516135 0.378947
vt 0.520313 0.375000
vt 0.524231 0.378917
vt 0.520052 0.382864
vt 0.527707 0.394582
vt 0.527855 0.390667
vt 0.531721 0.394533
vt 0.527573 0.398511
vt 0.523707 0.394645
vt 0.487920 0.378955
vt 0.483865 0.378947
vt 0.487812 0.375000
vt 0.491960 0.378977
vt 0.488013 0.382924
vt 0.496075 0.395176
vt 0.496053 0.391135
vt 0.500000 0.395313
vt 0.496083 0.399231
vt 0.492136 0.395052
vt 0.480418 0.402707
vt 0.484333 0.402855
vt 0.480467 0.406721
vt 0.476489 0.402573
vt 0.480355 0.398707
vt 0.468279 0.355467
vt 0.468123 0.359373
vt 0.468279 0.355467
vt 0.468435 0.351560
vt 0.468279 0.355467
vt 0.468591 0.347654
vt 0.468591 0.347654
vt 0.468747 0.343747
vt 0.468591 0.347654
vt 0.468435 0.351560
vt 0.467967 0.363280
vt 0.468123 0.359373
vt 0.467967 0.363280
vt 0.467811 0.367187
vt 0.467967 0.363280
vt 0.488280 0.342967
vt 0.484373 0.343123
vt 0.488280 0.342967
vt 0.492187 0.342811
vt 0.488280 0.342967
vt 0.496093 0.342655
vt 0.496093 0.342655
vt 0.500000 0.342499
vt 0.496093 0.342655
vt 0.492187 0.342811
vt 0.480467 0.343279
vt 0.484373 0.343123
vt 0.480467 0.343279
vt 0.476560 0.343435
vt 0.480467 0.343279
vt 0.519533 0.343279
vt 0.515627 0.343123
vt 0.519533 0.343279
vt 0.523440 0.343435
vt 0.519533 0.343279
vt 0.527346 0.343591
vt 0.527346 0.343591
vt 0.531253 0.343747
vt 0.527346 0.343591
vt 0.523440 0.343435
vt 0.511720 0.342967
vt 0.515627 0.343123
vt 0.511720 0.342967
vt 0.507813 0.342811
vt 0.511720 0.342967
vt 0.532033 0.363280
vt 0.531877 0.359373
vt 0.532033 0.363280
vt 0.532189 0.367187
vt 0.532033 0.363280
vt 0.532345 0.371093
vt 0.532345 0.371093
vt 0.532501 0.375000
vt 0.532345 0.371093
vt 0.532189 0.367187
vt 0.531721 0.355467
vt 0.531877 0.359373
vt 0.531721 0.355467
vt 0.531565 0.351560
vt 0.531721 0.355467
vt 0.531721 0.394533
vt 0.531877 0.390627
vt 0.531721 0.394533
vt 0.531565 0.398440
vt 0.531721 0.394533
vt 0.531409 0.402346
vt 0.531409 0.402346
vt 0.531253 0.406253
vt 0.531409 0.402346
vt 0.531565 0.398440
vt 0.532033 0.386720
vt 0.531877 0.390627
vt 0.532033 0.386720
vt 0.532189 0.382813
vt 0.532033 0.386720
vt 0.511720 0.407033
vt 0.515627 0.406877
vt 0.511720 0.407033
vt 0.507813 0.407189
vt 0.511720 0.407033
vt 0.503907 0.407345
vt 0.503907 0.407345
vt 0.500000 0.407501
vt 0.503907 0.407345
vt 0.507813 0.407189
vt 0.519533 0.406721
vt 0.515627 0.406877
vt 0.519533 0.406721
vt 0.523440 0.406565
vt 0.519533 0.406721
vt 0.480467 0.406721
vt 0.484373 0.406877
vt 0.480467 0.406721
vt 0.476560 0.406565
vt 0.480467 0.406721
vt 0.472653 0.406409
vt 0.472654 0.406409
vt 0.468747 0.406253
vt 0.472654 0.406409
vt 0.476560 0.406565
vt 0.488280 0.407033
vt 0.484373 0.406877
vt 0.488280 0.407033
vt 0.492187 0.407189
vt 0.488280 0.407033
vt 0.467967 0.386720
vt 0.468123 0.390627
vt 0.467967 0.386720
vt 0.467811 0.382813
vt 0.467967 0.386720
vt 0.467655 0.378907
vt 0.467655 0.378907
vt 0.467499 0.375000
vt 0.467655 0.378907
vt 0.467811 0.382813
vt 0.468279 0.394533
vt 0.468123 0.390627
vt 0.468279 0.394533
vt 0.468435 0.398440
vt 0.468279 0.394533
vt 0.496091 0.346715
vt 0.496093 0.342655
vt 0.500000 0.346561
vt 0.496083 0.350769
vt 0.496075 0.354824
vt 0.492136 0.354947
vt 0.488196 0.355071
vt 0.488158 0.359096
vt 0.484252 0.355189
vt 0.528285 0.371091
vt 0.532345 0.371093
vt 0.528439 0.375000
vt 0.524231 0.371083
vt 0.520176 0.371075
vt 0.520052 0.367136
vt 0.519929 0.363196
vt 0.515904 0.363158
vt 0.519811 0.359252
vt 0.503909 0.403285
vt 0.503907 0.407345
vt 0.500000 0.403439
vt 0.503917 0.399231
vt 0.503925 0.395176
vt 0.507864 0.395052
vt 0.511804 0.394929
vt 0.511842 0.390904
vt 0.515748 0.394811
vt 0.471715 0.378909
vt 0.467655 0.378907
vt 0.471561 0.375000
vt 0.475769 0.378917
vt 0.479824 0.378925
vt 0.479948 0.382864
vt 0.480071 0.386804
vt 0.484096 0.386842
vt 0.480189 0.390748
vt 0.467655 0.371093
vt 0.467499 0.375000
vt 0.467655 0.371093
vt 0.467811 0.367187
vt 0.467967 0.363280
vt 0.467967 0.363280
vt 0.467967 0.363280
vt 0.467967 0.363280
vt 0.468123 0.359373
vt 0.467967 0.363280
vt 0.472654 0.343591
vt 0.468747 0.343747
vt 0.472654 0.343591
vt 0.476560 0.343435
vt 0.480467 0.343279
vt 0.480467 0.343279
vt 0.480467 0.343279
vt 0.480467 0.343279
vt 0.484373 0.343123
vt 0.480467 0.343279
vt 0.503907 0.342655
vt 0.500000 0.342499
vt 0.503907 0.342655
vt 0.507813 0.342811
vt 0.511720 0.342967
vt 0.511720 0.342967
vt 0.511720 0.342967
vt 0.511720 0.342967
vt 0.515627 0.343123
vt 0.511720 0.342967
vt 0.531409 0.347654
vt 0.531253 0.343747
vt 0.531409 0.347654
vt 0.531565 0.351560
vt 0.531721 0.355467
vt 0.531721 0.355467
vt 0.531721 0.355467
vt 0.531721 0.355467
vt 0.531877 0.359373
vt 0.531721 0.355467
vt 0.532345 0.378907
vt 0.532501 0.375000
vt 0.532345 0.378907
vt 0.532189 0.382813
vt 0.532033 0.386720
vt 0.532033 0.386720
vt 0.532033 0.386720
vt 0.532033 0.386720
vt 0.531877 0.390627
vt 0.532033 0.386720
vt 0.527346 0.406409
vt 0.531253 0.406253
vt 0.527346 0.406409
vt 0.523440 0.406565
vt 0.519533 0.406721
vt 0.519533 0.406721
vt 0.519533 0.406721
vt 0.519533 0.406721
vt 0.515627 0.406877
vt 0.519533 0.406721
vt 0.496093 0.407345
vt 0.500000 0.407501
vt 0.496093 0.407345
vt 0.492187 0.407189
vt 0.488280 0.407033
vt 0.488280 0.407033
vt 0.488280 0.407033
vt 0.488280 0.407033
vt 0.484373 0.406877
vt 0.488280 0.407033
vt 0.468591 0.402346
vt 0.468747 0.406253
vt 0.468591 0.402346
vt 0.468435 0.398440
vt 0.468279 0.394533
vt 0.468279 0.394533
vt 0.468279 0.394533
vt 0.468279 0.394533
vt 0.468123 0.390627
vt 0.468279 0.394533
vt 0.496001 0.371001
vt 0.500000 0.370937
vt 0.495937 0.375000
vt 0.491960 0.371023
vt 0.487920 0.371045
vt 0.488013 0.367076
vt 0.488106 0.363106
vt 0.484096 0.363158
vt 0.471715 0.371091
vt 0.467655 0.371093
vt 0.471863 0.367176
vt 0.472011 0.363262
vt 0.476041 0.363229
vt 0.480071 0.363196
vt 0.480189 0.359252
vt 0.472560 0.347560
vt 0.468591 0.347654
vt 0.472654 0.343591
vt 0.476489 0.347427
vt 0.480418 0.347293
vt 0.480355 0.351293
vt 0.480293 0.355293
vt 0.503999 0.371001
vt 0.504063 0.375000
vt 0.503977 0.366960
vt 0.503955 0.362920
vt 0.507924 0.363013
vt 0.511894 0.363107
vt 0.511842 0.359096
vt 0.503909 0.346714
vt 0.503907 0.342655
vt 0.507824 0.346863
vt 0.511738 0.347011
vt 0.511771 0.351041
vt 0.511804 0.355071
vt 0.515748 0.355189
vt 0.527440 0.347560
vt 0.527346 0.343591
vt 0.531409 0.347654
vt 0.527573 0.351489
vt 0.527707 0.355418
vt 0.523707 0.355355
vt 0.519707 0.355293
vt 0.503999 0.378999
vt 0.500000 0.379063
vt 0.508039 0.378977
vt 0.512080 0.378955
vt 0.511987 0.382924
vt 0.511893 0.386893
vt 0.515904 0.386842
vt 0.528285 0.378909
vt 0.532345 0.378907
vt 0.528137 0.382824
vt 0.527989 0.386738
vt 0.523959 0.386771
vt 0.519929 0.386804
vt 0.519811 0.390748
vt 0.527440 0.402440
vt 0.531409 0.402346
vt 0.527346 0.406409
vt 0.523511 0.402573
vt 0.519581 0.402707
vt 0.519645 0.398707
vt 0.519707 0.394707
vt 0.496001 0.378999
vt 0.496023 0.383040
vt 0.496045 0.387080
vt 0.492076 0.386987
vt 0.488107 0.386893
vt 0.488158 0.390904
vt 0.496091 0.403285
vt 0.496093 0.407345
vt 0.492176 0.403137
vt 0.488262 0.402989
vt 0.488229 0.398959
vt 0.488196 0.394929
vt 0.484252 0.394811
vt 0.472560 0.402440
vt 0.472654 0.406409
vt 0.468591 0.402346
vt 0.472427 0.398511
vt 0.472293 0.394582
vt 0.476293 0.394645
vt 0.480293 0.394707
vt 0.468591 0.347654
vt 0.468591 0.347654
vt 0.468591 0.347654
vt 0.468591 0.347653
vt 0.468435 0.351560
vt 0.468279 0.355467
vt 0.468279 0.355467
vt 0.468591 0.347654
vt 0.468747 0.343747
vt 0.468435 0.351560
vt 0.468279 0.355467
vt 0.468279 0.355467
vt 0.468279 0.355467
vt 0.468123 0.359373
vt 0.467655 0.371093
vt 0.467499 0.375000
vt 0.467655 0.371093
vt 0.467655 0.371093
vt 0.467811 0.367187
vt 0.467967 0.363280
vt 0.496093 0.342655
vt 0.496093 0.342655
vt 0.496093 0.342655
vt 0.496093 0.342655
vt 0.492187 0.342811
vt 0.488280 0.342967
vt 0.488280 0.342967
vt 0.496093 0.342655
vt 0.500000 0.342499
vt 0.492187 0.342811
vt 0.488280 0.342967
vt 0.488280 0.342967
vt 0.488280 0.342967
vt 0.484373 0.343123
vt 0.472654 0.343591
vt 0.472654 0.343591
vt 0.472654 0.343591
vt 0.476560 0.343435
vt 0.480467 0.343279
vt 0.527346 0.343591
vt 0.527346 0.343591
vt 0.527346 0.343591
vt 0.527346 0.343591
vt 0.523440 0.343435
vt 0.519533 0.343279
vt 0.519533 0.343279
vt 0.527346 0.343591
vt 0.531253 0.343747
vt 0.523440 0.343435
vt 0.519533 0.343279
vt 0.519533 0.343279
vt 0.519533 0.343279
vt 0.515627 0.343123
vt 0.503907 0.342655
vt 0.503907 0.342655
vt 0.503907 0.342655
vt 0.507813 0.342811
vt 0.511720 0.342967
vt 0.532345 0.371093
vt 0.532345 0.371093
vt 0.532345 0.371093
vt 0.532345 0.371093
vt 0.532189 0.367187
vt 0.532033 0.363280
vt 0.532033 0.363280
vt 0.532345 0.371093
vt 0.532501 0.375000
vt 0.532189 0.367187
vt 0.532033 0.363280
vt 0.532033 0.363280
vt 0.532033 0.363280
vt 0.531877 0.359373
vt 0.531409 0.347654
vt 0.531409 0.347654
vt 0.531409 0.347654
vt 0.531565 0.351560
vt 0.531721 0.355467
vt 0.531409 0.402346
vt 0.531409 0.402346
vt 0.531409 0.402346
vt 0.531409 0.402346
vt 0.531565 0.398440
vt 0.531721 0.394533
vt 0.531721 0.394533
vt 0.531409 0.402346
vt 0.531253 0.406253
vt 0.531565 0.398440
vt 0.531721 0.394533
vt 0.531721 0.394533
vt 0.531721 0.394533
vt 0.531877 0.390627
vt 0.532345 0.378907
vt 0.532345 0.378907
vt 0.532345 0.378907
vt 0.532189 0.382813
vt 0.532033 0.386720
vt 0.503907 0.407345
vt 0.503907 0.407345
vt 0.503907 0.407345
vt 0.503907 0.407345
vt 0.507813 0.407189
vt 0.511720 0.407033
vt 0.511720 0.407033
vt 0.503907 0.407345
vt 0.500000 0.407501
vt 0.507813 0.407189
vt 0.511720 0.407033
vt 0.511720 0.407033
vt 0.511720 0.407033
vt 0.515627 0.406877
vt 0.527346 0.406409
vt 0.527346 0.406409
vt 0.527346 0.406409
vt 0.523440 0.406565
vt 0.519533 0.406721
vt 0.472654 0.406409
vt 0.472654 0.406409
vt 0.472654 0.406409
vt 0.472653 0.406409
vt 0.476560 0.406565
vt 0.480467 0.406721
vt 0.480467 0.406721
vt 0.472653 0.406409
vt 0.468747 0.406253
vt 0.476560 0.406565
vt 0.480467 0.406721
vt 0.480467 0.406721
vt 0.480467 0.406721
vt 0.484373 0.406877
vt 0.496093 0.407345
vt 0.496093 0.407345
vt 0.496093 0.407345
vt 0.492187 0.407189
vt 0.488280 0.407033
vt 0.467655 0.378907
vt 0.467655 0.378907
vt 0.467655 0.378907
vt 0.467655 0.378907
vt 0.467811 0.382813
vt 0.467967 0.386720
vt 0.467967 0.386720
vt 0.467655 0.378907
vt 0.467811 0.382813
vt 0.467967 0.386720
vt 0.467967 0.386720
vt 0.467967 0.386720
vt 0.468123 0.390627
vt 0.468591 0.402346
vt 0.468591 0.402346
vt 0.468591 0.402346
vt 0.468435 0.398440
vt 0.468279 0.394533
vt 0.437500 0.750000
vt 0.500000 0.750000
vt 0.500080 0.000000
vt 0.562500 0.062500
vt 0.312500 0.000045
vt 0.312500 0.062500
vt 0.312500 0.062413
vt 0.437500 0.687500
vt 0.437500 0.687616
vt 0.437500 0.750000
vt 0.812500 0.062500
vt 0.812500 0.062438
vt 0.312500 0.000000
vt 0.250000 0.000000
vt 0.750000 0.000000
vt 0.500000 0.000000
vt 0.562500 0.062500
vt 0.562500 0.000000
vt 0.437500 0.750000
vt 0.500000 0.750000
vt 0.437500 0.687500
vt 0.437500 0.750000
vt 0.750000 0.000000
vt 0.812500 0.062500
vt 0.812500 0.000000
vt 0.312500 0.000000
vt 0.250000 0.000000
vt 0.312500 0.062500
vt 0.312500 0.000000
vt 0.500000 0.000000
vt 0.562500 0.000000
vt 0.500000 0.000000
vt 0.562500 0.062500
vt 0.562500 0.000000
vt 0.437500 0.750000
vt 0.500000 0.750000
vt 0.437500 0.687500
vt 0.437500 0.750000
vt 0.812500 0.000000
vt 0.750000 0.000000
vt 0.812500 0.062500
vt 0.812500 0.000000
vt 0.312500 0.000000
vt 0.250000 0.000000
vt 0.312500 0.000000
vt 0.312500 0.062500
vt 0.312500 0.000000
vt 0.562500 0.000000
vt 0.500000 0.000000
vt 0.562500 0.062500
vt 0.562500 0.000000
vt 0.437500 0.750000
vt 0.500000 0.750000
vt 0.437500 0.687500
vt 0.437500 0.750000
vt 0.812500 0.000000
vt 0.750000 0.000000
vt 0.812500 0.062500
vt 0.812500 0.000000
vt 0.312500 0.000000
vt 0.250000 0.000000
vt 0.312500 0.062500
vt 0.312500 0.000000
vt 0.562500 0.000000
vt 0.500000 0.000000
vt 0.562500 0.062500
vt 0.562500 0.000000
vt 0.437500 0.750000
vt 0.500000 0.750000
vt 0.437500 0.687500
vt 0.437500 0.750000
vt 0.812500 0.000000
vt 0.750000 0.000000
vt 0.812500 0.062500
vt 0.812500 0.000000
vt 0.312500 0.000000
vt 0.250000 0.000000
vt 0.312500 0.062500
vt 0.312500 0.000000
vt 0.437500 0.750000
vt 0.500000 0.750000
vt 0.500000 0.000000
vt 0.562500 0.062500
vt 0.437500 0.687500
vt 0.437500 0.750000
vt 0.812500 0.062500
vt 0.312500 0.000000
vt 0.250000 0.000000
vt 0.750000 0.000000
vt 0.312500 0.000000
vt 0.312500 0.062500
vt 0.500000 0.000000
vt 0.437500 0.750000
vt 0.562500 0.000000
vt 0.312500 0.000000
vt 0.562500 0.062500
vt 0.437500 0.687500
vt 0.500000 0.750000
vt 0.812500 0.062500
vt 0.437500 0.750000
vt 0.750000 0.000000
vt 0.312500 0.000000
vt 0.812500 0.000000
vt 0.312500 0.062500
vt 0.250000 0.000000
vt 0.812500 0.000000
vt 0.750000 0.000000
vt 0.312500 0.000000
vt 0.250000 0.000000
vt 0.312500 0.062500
vt 0.562500 0.062500
vt 0.312500 0.000000
vt 0.562500 0.000000
vt 0.500000 0.000000
vt 0.437500 0.750000
vt 0.500000 0.750000
vt 0.437500 0.687500
vt 0.437500 0.750000
vt 0.812500 0.062500
vt 0.218750 0.093750
vt 0.218750 0.062500
vt 0.218750 0.031250
vt 0.250000 0.031250
vt 0.281250 0.031250
vt 0.281250 0.062500
vt 0.281250 0.093750
vt 0.250000 0.093750
vt 0.468750 0.718750
vt 0.468750 0.687500
vt 0.468750 0.656250
vt 0.500000 0.656250
vt 0.531250 0.656250
vt 0.531250 0.687500
vt 0.531250 0.718750
vt 0.500000 0.718750
vt 0.781250 0.031250
vt 0.781250 0.062500
vt 0.781250 0.093750
vt 0.750000 0.093750
vt 0.718750 0.093750
vt 0.718750 0.062500
vt 0.718750 0.031250
vt 0.750000 0.031250
vt 0.468750 0.031250
vt 0.500000 0.031250
vt 0.531250 0.031250
vt 0.531250 0.062500
vt 0.531250 0.093750
vt 0.500000 0.093750
vt 0.468750 0.093750
vt 0.468750 0.062500
vt 0.218750 0.062500
vt 0.218750 0.093750
vt 0.218750 0.031250
vt 0.218750 0.062500
vt 0.250000 0.031250
vt 0.218750 0.031250
vt 0.281250 0.031250
vt 0.250000 0.031250
vt 0.281250 0.062500
vt 0.281250 0.031250
vt 0.281250 0.093750
vt 0.281250 0.062500
vt 0.250000 0.093750
vt 0.281250 0.093750
vt 0.218750 0.093750
vt 0.250000 0.093750
vt 0.468750 0.687500
vt 0.468750 0.718750
vt 0.468750 0.656250
vt 0.468750 0.687500
vt 0.500000 0.656250
vt 0.468750 0.656250
vt 0.531250 0.656250
vt 0.500000 0.656250
vt 0.531250 0.687500
vt 0.531250 0.656250
vt 0.531250 0.718750
vt 0.531250 0.687500
vt 0.500000 0.718750
vt 0.531250 0.718750
vt 0.468750 0.718750
vt 0.500000 0.718750
vt 0.781250 0.062500
vt 0.781250 0.031250
vt 0.781250 0.093750
vt 0.781250 0.062500
vt 0.750000 0.093750
vt 0.781250 0.093750
vt 0.718750 0.093750
vt 0.750000 0.093750
vt 0.718750 0.062500
vt 0.718750 0.093750
vt 0.718750 0.031250
vt 0.718750 0.062500
vt 0.750000 0.031250
vt 0.718750 0.031250
vt 0.781250 0.031250
vt 0.750000 0.031250
vt 0.500000 0.031250
vt 0.468750 0.031250
vt 0.531250 0.031250
vt 0.500000 0.031250
vt 0.531250 0.062500
vt 0.531250 0.031250
vt 0.531250 0.093750
vt 0.531250 0.062500
vt 0.500000 0.093750
vt 0.531250 0.093750
vt 0.468750 0.093750
vt 0.500000 0.093750
vt 0.468750 0.062500
vt 0.468750 0.093750
vt 0.468750 0.031250
vt 0.468750 0.062500
vt 0.221227 0.091273
vt 0.221135 0.091366
vt 0.219151 0.062497
vt 0.219117 0.062491
vt 0.221238 0.033727
vt 0.221148 0.033635
vt 0.250004 0.031651
vt 0.250010 0.031617
vt 0.278773 0.033738
vt 0.278865 0.033648
vt 0.280849 0.062505
vt 0.280883 0.062511
vt 0.278762 0.091285
vt 0.278852 0.091382
vt 0.249998 0.093460
vt 0.249994 0.093623
vt 0.471235 0.716272
vt 0.471145 0.716361
vt 0.469152 0.687496
vt 0.469119 0.687491
vt 0.471245 0.658730
vt 0.471156 0.658641
vt 0.500015 0.656651
vt 0.500022 0.656616
vt 0.528779 0.658741
vt 0.528870 0.658651
vt 0.530850 0.687505
vt 0.530884 0.687511
vt 0.528768 0.716282
vt 0.528858 0.716380
vt 0.500006 0.718459
vt 0.499999 0.718622
vt 0.778773 0.033727
vt 0.778865 0.033634
vt 0.780849 0.062503
vt 0.780883 0.062509
vt 0.778762 0.091273
vt 0.778852 0.091365
vt 0.749996 0.093349
vt 0.749990 0.093383
vt 0.721227 0.091262
vt 0.721135 0.091352
vt 0.719151 0.062495
vt 0.719117 0.062489
vt 0.721238 0.033715
vt 0.721148 0.033618
vt 0.750002 0.031540
vt 0.750006 0.031377
vt 0.471227 0.033728
vt 0.471135 0.033636
vt 0.500020 0.031652
vt 0.500035 0.031614
vt 0.528832 0.033773
vt 0.528916 0.033677
vt 0.530858 0.062503
vt 0.530892 0.062509
vt 0.528825 0.091248
vt 0.528909 0.091349
vt 0.500008 0.093344
vt 0.500008 0.093379
vt 0.471215 0.091262
vt 0.471118 0.091352
vt 0.469040 0.062498
vt 0.468877 0.062495
vt 0.687500 0.062500
vt 0.437500 0.062500
vt 0.750000 0.000000
vt 0.500000 0.000000
vt 0.437500 0.000000
vt 0.437500 0.125000
vt 0.437500 0.062500
vt 0.750000 0.000000
vt 0.687500 0.000000
vt 0.687500 0.125000
vt 0.687500 0.062500
vt 0.468750 0.718750
vt 0.440465 0.687500
vt 0.440465 0.627965
vt 0.468750 0.687500
vt 0.500000 0.627965
vt 0.468750 0.656250
vt 0.500000 0.656250
vt 0.559535 0.627965
vt 0.531250 0.656250
vt 0.559535 0.687500
vt 0.559535 0.747035
vt 0.531250 0.687500
vt 0.500000 0.747035
vt 0.531250 0.718750
vt 0.500000 0.718750
vt 0.440465 0.747035
vt 0.500000 0.000000
vt 0.437500 0.000000
vt 0.437500 0.125000
vt 0.687500 0.000000
vt 0.687500 0.125000
vt 0.500000 0.750000
vt 0.437500 0.125000
vt 0.437500 0.000000
vt 0.437500 0.062500
vt 0.437500 0.750000
vt 0.500000 0.000000
vt 0.437500 0.687500
vt 0.437500 0.000000
vt 0.687500 0.125000
vt 0.500000 0.125000
vt 0.562500 0.750000
vt 0.437500 0.062500
vt 0.562500 0.687500
vt 0.687500 0.000000
vt 0.437500 0.125000
vt 0.500000 0.625000
vt 0.687500 0.125000
vt 0.687500 0.000000
vt 0.687500 0.062500
vt 0.562500 0.625000
vt 0.750000 0.000000
vt 0.750000 0.125000
vt 0.437500 0.625000
vt 0.687500 0.062500
vt 0.562500 0.687500
vt 0.812500 0.125000
vt 0.250000 0.125000
vt 0.750000 0.125000
vt 0.562500 0.625000
vt 0.500000 0.625000
vt 0.562500 0.687500
vt 0.562500 0.625000
vt 0.500000 0.625000
vt 0.437500 0.625000
vt 0.437500 0.625000
vt 0.437500 0.687500
vt 0.750000 0.125000
vt 0.812500 0.125000
vt 0.812500 0.125000
vt 0.812500 0.062500
vt 0.250000 0.125000
vt 0.312500 0.125000
vt 0.312500 0.125000
vt 0.312500 0.062500
vt 0.218750 0.093750
vt 0.192187 0.062500
vt 0.192187 0.004687
vt 0.218750 0.062500
vt 0.250000 0.004687
vt 0.218750 0.031250
vt 0.250000 0.031250
vt 0.307813 0.004687
vt 0.281250 0.031250
vt 0.281250 0.062500
vt 0.250000 0.120313
vt 0.281250 0.093750
vt 0.250000 0.093750
vt 0.192187 0.120313
vt 0.312500 0.062500
vt 0.437500 0.687500
vt 0.562500 0.000000
vt 0.562500 0.062500
vt 0.437500 0.750000
vt 0.437500 0.687500
vt 0.812500 0.000000
vt 0.812500 0.062500
vt 0.312500 0.000000
vt 0.312500 0.062500
vt 0.500000 0.002073
vt 0.468750 0.031250
vt 0.500000 0.031250
vt 0.560427 0.002073
vt 0.531250 0.031250
vt 0.560427 0.062500
vt 0.560427 0.122927
vt 0.531250 0.062500
vt 0.500000 0.122927
vt 0.531250 0.093750
vt 0.500000 0.093750
vt 0.439573 0.122927
vt 0.468750 0.093750
vt 0.439573 0.062500
vt 0.439573 0.002073
vt 0.468750 0.062500
vt 0.562500 0.062500
vt 0.437500 0.750000
vt 0.812500 0.062500
vt 0.312500 0.000000
vt 0.500000 0.000000
vt 0.437500 0.750000
vt 0.562500 0.000000
vt 0.562500 0.062500
vt 0.312500 0.000000
vt 0.500000 0.750000
vt 0.437500 0.000000
vt 0.437500 0.687500
vt 0.437500 0.062500
vt 0.812500 0.062500
vt 0.437500 0.750000
vt 0.500000 0.125000
vt 0.312500 0.000000
vt 0.750000 0.000000
vt 0.812500 0.000000
vt 0.437500 0.125000
vt 0.250000 0.000000
vt 0.562500 0.125000
vt 0.312500 0.062500
vt 0.187500 0.125000
vt 0.250000 0.000000
vt 0.187500 0.000000
vt 0.187500 0.125000
vt 0.187500 0.062500
vt 0.500000 0.125000
vt 0.562500 0.125000
vt 0.500000 0.750000
vt 0.562500 0.750000
vt 0.781250 0.031250
vt 0.809663 0.062500
vt 0.809663 0.122163
vt 0.781250 0.062500
vt 0.750000 0.122163
vt 0.781250 0.093750
vt 0.750000 0.093750
vt 0.690337 0.122163
vt 0.718750 0.093750
vt 0.690337 0.062500
vt 0.690337 0.002837
vt 0.718750 0.062500
vt 0.750000 0.002837
vt 0.718750 0.031250
vt 0.750000 0.031250
vt 0.809663 0.002837
vt 0.250000 0.000000
vt 0.187500 0.000000
vt 0.187500 0.062500
vt 0.562500 0.125000
vt 0.500000 0.750000
vt 0.500000 0.125000
vt 0.187500 0.000000
vt 0.750000 0.000000
vt 0.187500 0.125000
vt 0.187500 0.062500
vt 0.812500 0.000000
vt 0.250000 0.000000
vt 0.562500 0.687500
vt 0.812500 0.062500
vt 0.187500 0.000000
vt 0.687500 0.000000
vt 0.187500 0.062500
vt 0.250000 0.125000
vt 0.687500 0.062500
vt 0.562500 0.125000
vt 0.187500 0.125000
vt 0.562500 0.125000
vt 0.750000 0.125000
vt 0.500000 0.750000
vt 0.687500 0.125000
vt 0.500000 0.125000
vt 0.562500 0.062500
vt 0.812500 0.125000
vt 0.562500 0.750000
vt 0.501070 0.687496
vt 0.250000 0.062500
vt 0.502317 0.062475
vt 0.750000 0.063800
vt 0.562500 0.625000
vt 0.500000 0.625000
vt 0.437500 0.625000
vt 0.437500 0.687500
vt 0.812500 0.125000
vt 0.750000 0.125000
vt 0.812500 0.062500
vt 0.812500 0.125000
vt 0.250000 0.125000
vt 0.312500 0.125000
vt 0.562500 0.687500
vt 0.312500 0.062500
vt 0.500000 0.000000
vt 0.437500 0.062500
vt 0.437500 0.000000
vt 0.437500 0.125000
vt 0.500000 0.125000
vt 0.437500 0.062500
vt 0.437500 0.125000
vt 0.687500 0.000000
vt 0.750000 0.000000
vt 0.687500 0.062500
vt 0.687500 0.000000
vt 0.687500 0.125000
vt 0.750000 0.125000
vt 0.687500 0.062500
vt 0.437500 0.000000
vt 0.687500 0.125000
vt 0.250000 0.000000
vt 0.187500 0.062500
vt 0.187500 0.000000
vt 0.187500 0.125000
vt 0.250000 0.125000
vt 0.187500 0.062500
vt 0.187500 0.125000
vt 0.562500 0.125000
vt 0.500000 0.125000
vt 0.562500 0.062500
vt 0.562500 0.125000
vt 0.500000 0.750000
vt 0.562500 0.750000
vt 0.187500 0.000000
vt 0.562500 0.687500
vt 0.500000 0.000000
vt 0.500000 0.750000
vt 0.437500 0.750000
vt 0.750000 0.000000
vt 0.250000 0.000000
vt 0.312500 0.000000
vt 0.562500 0.062500
vt 0.500000 0.000000
vt 0.437500 0.750000
vt 0.500000 0.750000
vt 0.562500 0.062500
vt 0.500000 0.000000
vt 0.437500 0.750000
vt 0.500000 0.750000
vt 0.437500 0.687500
vt 0.437500 0.750000
vt 0.437500 0.687500
vt 0.437500 0.750000
vt 0.812500 0.062500
vt 0.812500 0.062500
vt 0.750000 0.000000
vt 0.750000 0.000000
vt 0.312500 0.000000
vt 0.250000 0.000000
vt 0.312500 0.000000
vt 0.250000 0.000000
vt 0.312500 0.062500
vt 0.312500 0.000000
vt 0.312500 0.062500
vt 0.312500 0.000000
vt 0.562500 0.000000
vt 0.500000 0.000000
vt 0.437500 0.750000
vt 0.500000 0.750000
vt 0.437500 0.687500
vt 0.437500 0.750000
vt 0.812500 0.062500
vt 0.812500 0.000000
vt 0.812500 0.000000
vt 0.750000 0.000000
vt 0.312500 0.000000
vt 0.250000 0.000000
vt 0.312500 0.062500
vt 0.312500 0.000000
vt 0.562500 0.062500
vt 0.562500 0.000000
vt 0.562500 0.000000
vt 0.500000 0.000000
vt 0.437500 0.750000
vt 0.500000 0.750000
vt 0.437500 0.687500
vt 0.437500 0.750000
vt 0.812500 0.062500
vt 0.812500 0.000000
vt 0.812500 0.000000
vt 0.750000 0.000000
vt 0.312500 0.000000
vt 0.250000 0.000000
vt 0.312500 0.062500
vt 0.312500 0.000000
vt 0.562500 0.062500
vt 0.562500 0.000000
vt 0.500000 0.000000
vt 0.500000 0.000000
vt 0.500000 0.000000
vt 0.562500 0.000000
vt 0.500000 0.750000
vt 0.437500 0.750000
vt 0.437500 0.750000
vt 0.437500 0.687500
vt 0.812500 0.000000
vt 0.812500 0.062500
vt 0.750000 0.000000
vt 0.812500 0.000000
vt 0.250000 0.000000
vt 0.312500 0.000000
vt 0.312500 0.000000
vt 0.312500 0.062500
vt 0.562500 0.000000
vt 0.562500 0.062500
vt 0.500000 0.000000
vt 0.562500 0.000000
vt 0.562500 0.000000
vt 0.500000 0.000000
vt 0.500000 0.750000
vt 0.437500 0.750000
vt 0.437500 0.750000
vt 0.500000 0.750000
vt 0.437500 0.750000
vt 0.437500 0.687500
vt 0.437500 0.687500
vt 0.437500 0.750000
vt 0.812500 0.000000
vt 0.812500 0.062500
vt 0.812500 0.062500
vt 0.812500 0.000000
vt 0.750000 0.000000
vt 0.812500 0.000000
vt 0.812500 0.000000
vt 0.750000 0.000000
vt 0.250000 0.000000
vt 0.312500 0.000000
vt 0.312500 0.000000
vt 0.250000 0.000000
vt 0.312500 0.000000
vt 0.312500 0.062500
vt 0.312500 0.062500
vt 0.312500 0.000000
vt 0.562500 0.000000
vt 0.562500 0.062500
vt 0.562500 0.062500
vt 0.562500 0.000000
vt 0.500000 0.750000
vt 0.437500 0.750000
vt 0.500000 0.750000
vt 0.437500 0.750000
vt 0.437500 0.750000
vt 0.437500 0.687500
vt 0.437500 0.750000
vt 0.437500 0.687500
vt 0.812500 0.062500
vt 0.812500 0.062500
vt 0.750000 0.000000
vt 0.750000 0.000000
vt 0.250000 0.000000
vt 0.312500 0.000000
vt 0.250000 0.000000
vt 0.312500 0.000000
vt 0.312500 0.000000
vt 0.312500 0.062500
vt 0.312500 0.000000
vt 0.312500 0.062500
vt 0.562500 0.062500
vt 0.562500 0.062500
vt 0.437500 0.750000
vt 0.500000 0.000000
vt 0.437500 0.750000
vt 0.500000 0.000000
vt 0.561751 0.000716
vt 0.561805 0.000665
vt 0.437500 0.750000
vt 0.500000 0.000000
vt 0.437500 0.750000
vt 0.500000 0.000000
vt 0.563052 0.000407
vt 0.562216 0.000127
vt 0.437500 0.687500
vt 0.500000 0.750000
vt 0.437500 0.687500
vt 0.500000 0.750000
vt 0.437500 0.687500
vt 0.500000 0.750000
vt 0.437500 0.687500
vt 0.500000 0.750000
vt 0.686685 0.293160
vt 0.437500 0.750000
vt 0.568771 0.509336
vt 0.437500 0.750000
vt 0.689670 0.287687
vt 0.437500 0.750000
vt 0.557022 0.530877
vt 0.437500 0.750000
vt 0.809472 0.004941
vt 0.809607 0.004648
vt 0.812144 0.000561
vt 0.813426 -0.001837
vt 0.459284 -0.000000
vt 0.750000 -0.000000
vt 0.596851 -0.000000
vt 0.750000 -0.000000
vt 0.455801 -0.000000
vt 0.750000 -0.000000
vt 0.610558 -0.000000
vt 0.750000 -0.000000
vt 0.291630 0.041630
vt 0.250000 -0.000000
vt 0.270991 0.020991
vt 0.250000 -0.000000
vt 0.291710 0.041710
vt 0.250000 -0.000000
vt 0.270674 0.020674
vt 0.250000 -0.000000
vt 0.562500 0.062500
vt 0.312500 0.000000
vt 0.562500 0.062500
vt 0.312500 0.000000
vt 0.480614 0.042028
vt 0.312500 0.000000
vt 0.392181 0.019920
vt 0.312500 0.000000
vt 0.187500 0.000000
vt 0.250000 0.000000
vt 0.187500 0.000000
vt 0.250000 0.125000
vt 0.187500 0.125000
vt 0.250000 0.125000
vt 0.187500 0.125000
vt 0.187500 0.062500
vt 0.187500 0.125000
vt 0.562500 0.062500
vt 0.562500 0.125000
vt 0.562500 0.062500
vt 0.562500 0.125000
vt 0.500000 0.125000
vt 0.562500 0.125000
vt 0.562500 0.750000
vt 0.500000 0.750000
vt 0.562500 0.687500
vt 0.562500 0.687500
vt 0.187500 0.062500
vt 0.187500 0.000000
vt 0.187500 0.062500
vt 0.187500 0.000000
vt 0.250000 0.000000
vt 0.187500 0.000000
vt 0.250000 0.000000
vt 0.187500 0.000000
vt 0.250000 0.000000
vt 0.250000 0.125000
vt 0.187500 0.125000
vt 0.187500 0.125000
vt 0.187500 0.062500
vt 0.562500 0.062500
vt 0.562500 0.125000
vt 0.562500 0.125000
vt 0.500000 0.125000
vt 0.562500 0.750000
vt 0.500000 0.750000
vt 0.562500 0.687500
vt 0.562500 0.750000
vt 0.187500 0.062500
vt 0.187500 0.000000
vt 0.187500 0.000000
vt 0.250000 0.000000
vt 0.250000 0.000000
vt 0.187500 0.000000
vt 0.250000 0.125000
vt 0.187500 0.125000
vt 0.187500 0.125000
vt 0.250000 0.125000
vt 0.187500 0.125000
vt 0.187500 0.062500
vt 0.187500 0.062500
vt 0.187500 0.125000
vt 0.562500 0.062500
vt 0.562500 0.125000
vt 0.562500 0.125000
vt 0.562500 0.062500
vt 0.562500 0.125000
vt 0.500000 0.125000
vt 0.500000 0.125000
vt 0.562500 0.125000
vt 0.562500 0.750000
vt 0.500000 0.750000
vt 0.500000 0.750000
vt 0.562500 0.750000
vt 0.562500 0.687500
vt 0.562500 0.750000
vt 0.562500 0.750000
vt 0.562500 0.687500
vt 0.187500 0.062500
vt 0.187500 0.000000
vt 0.187500 -0.000000
vt 0.187500 0.062500
vt 0.187500 0.125000
vt 0.250000 0.125000
vt 0.187500 0.125000
vt 0.250000 0.125000
vt 0.187500 0.062500
vt 0.187500 0.125000
vt 0.187500 0.062500
vt 0.187500 0.125000
vt 0.562500 0.125000
vt 0.562500 0.062500
vt 0.562500 0.125000
vt 0.562500 0.062500
vt 0.500000 0.125000
vt 0.562500 0.125000
vt 0.500000 0.125000
vt 0.562500 0.125000
vt 0.500000 0.750000
vt 0.500000 0.750000
vt 0.562500 0.687500
vt 0.562500 0.687500
vt 0.187500 0.062500
vt 0.187500 0.000000
vt 0.187500 0.062500
vt 0.187500 0.000000
vt 0.187500 0.125000
vt 0.187500 0.000000
vt 0.187500 0.062500
vt 0.250000 0.000000
vt 0.187500 0.125000
vt 0.187500 0.000000
vt 0.187500 0.062500
vt 0.250000 0.000000
vt 0.187500 0.062500
vt 0.250000 0.125000
vt 0.187500 0.062500
vt 0.250000 0.125000
vt 0.562500 0.125000
vt 0.187500 0.125000
vt 0.562500 0.125000
vt 0.187500 0.125000
vt 0.500000 0.125000
vt 0.562500 0.062500
vt 0.500000 0.125000
vt 0.562500 0.062500
vt 0.500000 0.750000
vt 0.562500 0.125000
vt 0.500000 0.750000
vt 0.562500 0.125000
vt 0.562500 0.750000
vt 0.562500 0.750000
vt 0.187500 0.000000
vt 0.562500 0.687500
vt 0.187500 0.000000
vt 0.562500 0.687500
vt 0.437500 0.000000
vt 0.500000 0.000000
vt 0.437500 0.000000
vt 0.500000 0.125000
vt 0.437500 0.125000
vt 0.500000 0.125000
vt 0.437500 0.125000
vt 0.437500 0.062500
vt 0.437500 0.125000
vt 0.687500 0.062500
vt 0.687500 0.000000
vt 0.687500 0.062500
vt 0.687500 0.000000
vt 0.750000 0.000000
vt 0.687500 0.000000
vt 0.750000 0.125000
vt 0.687500 0.125000
vt 0.750000 0.125000
vt 0.687500 0.125000
vt 0.687500 0.062500
vt 0.687500 0.125000
vt 0.437500 0.062500
vt 0.437500 0.000000
vt 0.437500 0.062500
vt 0.437500 0.000000
vt 0.500000 0.000000
vt 0.437500 0.000000
vt 0.500000 0.000000
vt 0.437500 0.000000
vt 0.500000 0.000000
vt 0.500000 0.125000
vt 0.437500 0.125000
vt 0.437500 0.125000
vt 0.437500 0.062500
vt 0.687500 0.062500
vt 0.687500 0.000000
vt 0.687500 0.000000
vt 0.750000 0.000000
vt 0.750000 0.125000
vt 0.687500 0.125000
vt 0.687500 0.125000
vt 0.687500 0.062500
vt 0.437500 0.062500
vt 0.437500 0.000000
vt 0.437500 0.000000
vt 0.500000 0.000000
vt 0.500000 0.000000
vt 0.437500 0.000000
vt 0.500000 0.125000
vt 0.437500 0.125000
vt 0.437500 0.125000
vt 0.500000 0.125000
vt 0.437500 0.125000
vt 0.437500 0.062500
vt 0.437500 0.062500
vt 0.437500 0.125000
vt 0.687500 0.062500
vt 0.687500 0.000000
vt 0.687500 0.000000
vt 0.687500 0.062500
vt 0.687500 0.000000
vt 0.750000 0.000000
vt 0.750000 0.000000
vt 0.687500 0.000000
vt 0.750000 0.125000
vt 0.687500 0.125000
vt 0.687500 0.125000
vt 0.750000 0.125000
vt 0.687500 0.125000
vt 0.687500 0.062500
vt 0.687500 0.062500
vt 0.687500 0.125000
vt 0.437500 0.062500
vt 0.437500 0.000000
vt 0.437500 -0.000000
vt 0.437500 0.062500
vt 0.437500 0.125000
vt 0.500000 0.125000
vt 0.437500 0.125000
vt 0.500000 0.125000
vt 0.437500 0.062500
vt 0.437500 0.125000
vt 0.437500 0.062500
vt 0.437500 0.125000
vt 0.687500 0.000000
vt 0.687500 0.062500
vt 0.687500 0.000000
vt 0.687500 0.062500
vt 0.750000 0.000000
vt 0.687500 0.000000
vt 0.750000 0.000000
vt 0.687500 0.000000
vt 0.687500 0.125000
vt 0.750000 0.125000
vt 0.687500 0.125000
vt 0.750000 0.125000
vt 0.687500 0.062500
vt 0.687500 0.125000
vt 0.687500 0.062500
vt 0.687500 0.125000
vt 0.437500 0.062500
vt 0.437500 0.000000
vt 0.437500 0.062500
vt 0.437500 -0.000000
vt 0.437500 0.125000
vt 0.437500 0.000000
vt 0.437500 0.062500
vt 0.500000 0.000000
vt 0.437500 0.125000
vt 0.437500 0.000000
vt 0.437500 0.062500
vt 0.500000 0.000000
vt 0.437500 0.062500
vt 0.500000 0.125000
vt 0.437500 0.062500
vt 0.500000 0.125000
vt 0.687500 0.000000
vt 0.437500 0.125000
vt 0.687500 0.000000
vt 0.437500 0.125000
vt 0.750000 0.000000
vt 0.687500 0.062500
vt 0.750000 0.000000
vt 0.687500 0.062500
vt 0.687500 0.125000
vt 0.687500 0.000000
vt 0.687500 0.125000
vt 0.687500 0.000000
vt 0.687500 0.062500
vt 0.750000 0.125000
vt 0.687500 0.062500
vt 0.750000 0.125000
vt 0.437500 0.000000
vt 0.687500 0.125000
vt 0.437500 0.000000
vt 0.687500 0.125000
vt 0.500000 0.625000
vt 0.562500 0.625000
vt 0.502960 0.625000
vt 0.438982 0.625000
vt 0.437500 0.625000
vt 0.562500 0.687500
vt 0.562500 0.626482
vt 0.312500 0.062500
vt 0.312500 0.125000
vt 0.307813 0.062500
vt 0.437500 0.684540
vt 0.437500 0.687500
vt 0.812500 0.063982
vt 0.812500 0.062500
vt 0.812500 0.125000
vt 0.250000 0.125000
vt 0.812500 0.125000
vt 0.750000 0.125000
vt 0.809540 0.125000
vt 0.561018 0.625000
vt 0.502960 0.625000
vt 0.502960 0.625000
vt 0.561018 0.625000
vt 0.502960 0.625000
vt 0.561018 0.625000
vt 0.438982 0.625000
vt 0.497040 0.625000
vt 0.562500 0.626482
vt 0.562500 0.684540
vt 0.307813 0.062500
vt 0.307813 0.120313
vt 0.437500 0.684540
vt 0.437500 0.626482
vt 0.812500 0.063982
vt 0.812500 0.122040
vt 0.307813 0.120313
vt 0.250000 0.120313
vt 0.809540 0.125000
vt 0.751482 0.125000
vt 0.561018 0.625000
vt 0.502960 0.625000
vt 0.561018 0.625000
vt 0.561018 0.625000
vt 0.502960 0.625000
vt 0.497040 0.625000
vt 0.438982 0.625000
vt 0.497040 0.625000
vt 0.497040 0.625000
vt 0.438982 0.625000
vt 0.562500 0.684540
vt 0.562500 0.626482
vt 0.562500 0.684540
vt 0.562500 0.684540
vt 0.562500 0.626482
vt 0.307813 0.062500
vt 0.307813 0.120313
vt 0.307813 0.120313
vt 0.307813 0.062500
vt 0.437500 0.626482
vt 0.437500 0.684540
vt 0.437500 0.626482
vt 0.437500 0.626482
vt 0.437500 0.684540
vt 0.812500 0.122040
vt 0.812500 0.063982
vt 0.812500 0.122040
vt 0.812500 0.122040
vt 0.812500 0.063982
vt 0.307813 0.120313
vt 0.250000 0.120313
vt 0.250000 0.120313
vt 0.307813 0.120313
vt 0.751482 0.125000
vt 0.809540 0.125000
vt 0.751482 0.125000
vt 0.751482 0.125000
vt 0.809540 0.125000
vt 0.562500 0.626482
vt 0.562500 0.684539
vt 0.497039 0.625000
vt 0.438982 0.625000
vt 0.497040 0.625000
vt 0.438982 0.625000
vt 0.562500 0.626482
vt 0.562500 0.684540
vt 0.437500 0.626482
vt 0.437500 0.684540
vt 0.437500 0.626482
vt 0.437500 0.684539
vt 0.307813 0.062500
vt 0.307813 0.062500
vt 0.250000 0.120313
vt 0.250000 0.120313
vt 0.812500 0.122039
vt 0.812500 0.063982
vt 0.812500 0.122040
vt 0.812500 0.063982
vt 0.751482 0.125000
vt 0.809540 0.125000
vt 0.751482 0.125000
vt 0.809540 0.125000
vt 0.562500 0.626482
vt 0.561018 0.625000
vt 0.497040 0.625000
vt 0.502960 0.625000
vt 0.497040 0.625000
vt 0.502960 0.625000
vt 0.562500 0.626482
vt 0.561018 0.625000
vt 0.437500 0.626482
vt 0.438982 0.625000
vt 0.437500 0.626482
vt 0.438982 0.625000
vt 0.307813 0.062500
vt 0.562500 0.684540
vt 0.307813 0.062500
vt 0.562500 0.684540
vt 0.307813 0.120313
vt 0.307813 0.120313
vt 0.812500 0.122040
vt 0.437500 0.684540
vt 0.812500 0.122040
vt 0.437500 0.684540
vt 0.751482 0.125000
vt 0.812500 0.063982
vt 0.751482 0.125000
vt 0.812500 0.063982
vt 0.809540 0.125000
vt 0.250000 0.120313
vt 0.809540 0.125000
vt 0.250000 0.120313
vt 0.500000 0.750000
vt 0.437500 0.750000
vt 0.437500 0.750000
vt 0.437500 0.687500
vt 0.437500 0.750000
vt 0.812500 0.000000
vt 0.812500 0.062500
vt 0.312500 0.000000
vt 0.312500 0.000000
vt 0.312500 0.062500
vt 0.312500 0.000000
vt 0.437500 0.000000
vt 0.500000 0.000000
vt 0.500000 0.000000
vt 0.437500 0.062500
vt 0.437500 0.000000
vt 0.437500 0.000000
vt 0.500000 0.125000
vt 0.437500 0.125000
vt 0.437500 0.125000
vt 0.437500 0.062500
vt 0.437500 0.062500
vt 0.437500 0.125000
vt 0.687500 0.000000
vt 0.750000 0.000000
vt 0.750000 0.000000
vt 0.687500 0.062500
vt 0.687500 0.000000
vt 0.687500 0.000000
vt 0.750000 0.125000
vt 0.687500 0.125000
vt 0.687500 0.125000
vt 0.687500 0.062500
vt 0.687500 0.062500
vt 0.687500 0.125000
vt 0.187500 0.000000
vt 0.250000 0.000000
vt 0.250000 0.000000
vt 0.187500 0.062500
vt 0.187500 0.000000
vt 0.187500 0.000000
vt 0.250000 0.125000
vt 0.187500 0.125000
vt 0.187500 0.125000
vt 0.187500 0.062500
vt 0.187500 0.062500
vt 0.187500 0.125000
vt 0.562500 0.125000
vt 0.500000 0.125000
vt 0.500000 0.125000
vt 0.562500 0.062500
vt 0.562500 0.125000
vt 0.562500 0.125000
vt 0.562500 0.062500
vt 0.562500 0.750000
vt 0.500000 0.750000
vt 0.500000 0.750000
vt 0.562500 0.687500
vt 0.500000 0.625000
vt 0.562500 0.625000
vt 0.562500 0.687500
vt 0.562500 0.687500
vt 0.437500 0.625000
vt 0.437500 0.687500
vt 0.437500 0.687500
vt 0.812500 0.125000
vt 0.750000 0.125000
vt 0.750000 0.125000
vt 0.812500 0.062500
vt 0.812500 0.125000
vt 0.812500 0.125000
vt 0.812500 0.062500
vt 0.250000 0.125000
vt 0.312500 0.062500
vt 0.437500 0.750000
vt 0.312500 0.000000
vt 0.500000 0.000000
vt 0.437500 0.000000
vt 0.437500 0.062500
vt 0.437500 0.125000
vt 0.750000 0.000000
vt 0.687500 0.000000
vt 0.687500 0.062500
vt 0.687500 0.125000
vt 0.250000 0.000000
vt 0.187500 0.000000
vt 0.187500 0.062500
vt 0.187500 0.125000
vt 0.500000 0.125000
vt 0.562500 0.125000
vt 0.562500 0.062500
vt 0.500000 0.750000
vt 0.562500 0.687500
vt 0.437500 0.687500
vt 0.750000 0.125000
vt 0.812500 0.125000
vt 0.812500 0.062500
vt 0.250000 0.125000
vt 0.312500 0.062500
vt 0.437500 0.750000
vt 0.312500 0.000000
vt 0.500000 0.000000
vt 0.437500 0.000000
vt 0.437500 0.062500
vt 0.437500 0.125000
vt 0.750000 0.000000
vt 0.687500 0.000000
vt 0.687500 0.062500
vt 0.687500 0.125000
vt 0.250000 0.000000
vt 0.187500 0.000000
vt 0.187500 0.062500
vt 0.187500 0.125000
vt 0.500000 0.125000
vt 0.562500 0.125000
vt 0.562500 0.062500
vt 0.500000 0.750000
vt 0.562500 0.687500
vt 0.437500 0.687500
vt 0.750000 0.125000
vt 0.812500 0.125000
vt 0.812500 0.062500
vt 0.250000 0.125000
vt 0.312500 0.062500
vt 0.437500 0.750000
vt 0.312500 0.000000
vt 0.500000 0.000000
vt 0.437500 0.000000
vt 0.437500 0.062500
vt 0.437500 0.125000
vt 0.750000 0.000000
vt 0.687500 0.000000
vt 0.687500 0.062500
vt 0.687500 0.125000
vt 0.250000 0.000000
vt 0.187500 0.000000
vt 0.187500 0.062500
vt 0.187500 0.125000
vt 0.500000 0.125000
vt 0.562500 0.125000
vt 0.562500 0.062500
vt 0.500000 0.750000
vt 0.562500 0.687500
vt 0.437500 0.687500
vt 0.750000 0.125000
vt 0.812500 0.125000
vt 0.812500 0.062500
vt 0.250000 0.125000
vt 0.312500 0.062500
vt 0.437500 0.750000
vt 0.312500 0.000000
vt 0.500000 0.000000
vt 0.437500 0.000000
vt 0.437500 0.062500
vt 0.437500 0.125000
vt 0.750000 0.000000
vt 0.687500 0.000000
vt 0.687500 0.062500
vt 0.687500 0.125000
vt 0.250000 0.000000
vt 0.187500 0.000000
vt 0.187500 0.062500
vt 0.187500 0.125000
vt 0.500000 0.125000
vt 0.562500 0.125000
vt 0.562500 0.062500
vt 0.500000 0.750000
vt 0.562500 0.687500
vt 0.437500 0.687500
vt 0.750000 0.125000
vt 0.812500 0.125000
vt 0.812500 0.062500
vt 0.250000 0.125000
vt 0.312500 0.062500
vt 0.437500 0.750000
vt 0.312500 0.000000
vt 0.500000 0.000000
vt 0.437500 0.000000
vt 0.437500 0.062500
vt 0.437500 0.125000
vt 0.750000 0.000000
vt 0.687500 0.000000
vt 0.687500 0.062500
vt 0.687500 0.125000
vt 0.250000 0.000000
vt 0.187500 0.000000
vt 0.187500 0.062500
vt 0.187500 0.125000
vt 0.500000 0.125000
vt 0.562500 0.125000
vt 0.562500 0.062500
vt 0.500000 0.750000
vt 0.562500 0.687500
vt 0.437500 0.687500
vt 0.750000 0.125000
vt 0.812500 0.125000
vt 0.812500 0.062500
vt 0.250000 0.125000
vt 0.312500 0.062500
vt 0.437500 0.750000
vt 0.312500 0.000000
vt 0.500000 0.000000
vt 0.437500 0.000000
vt 0.437500 0.062500
vt 0.437500 0.125000
vt 0.750000 0.000000
vt 0.687500 0.000000
vt 0.687500 0.062500
vt 0.687500 0.125000
vt 0.250000 0.000000
vt 0.187500 0.000000
vt 0.187500 0.062500
vt 0.187500 0.125000
vt 0.500000 0.125000
vt 0.562500 0.125000
vt 0.562500 0.062500
vt 0.500000 0.750000
vt 0.562500 0.687500
vt 0.437500 0.687500
vt 0.750000 0.125000
vt 0.812500 0.125000
vt 0.812500 0.062500
vt 0.250000 0.125000
vt 0.312500 0.062500
vt 0.437500 0.750000
vt 0.312500 0.000000
vt 0.500000 0.000000
vt 0.437500 0.000000
vt 0.437500 0.062500
vt 0.437500 0.125000
vt 0.750000 0.000000
vt 0.687500 0.000000
vt 0.687500 0.062500
vt 0.687500 0.125000
vt 0.250000 0.000000
vt 0.187500 0.000000
vt 0.187500 0.062500
vt 0.187500 0.125000
vt 0.500000 0.125000
vt 0.562500 0.125000
vt 0.562500 0.062500
vt 0.500000 0.750000
vt 0.562500 0.687500
vt 0.437500 0.687500
vt 0.750000 0.125000
vt 0.812500 0.125000
vt 0.812500 0.062500
vt 0.250000 0.125000
vt 0.312500 0.062500
vt 0.500000 0.000000
vt 0.437500 0.000000
vt 0.437500 0.062500
vt 0.437500 0.125000
vt 0.750000 0.000000
vt 0.687500 0.000000
vt 0.687500 0.062500
vt 0.687500 0.125000
vt 0.250000 0.000000
vt 0.187500 0.000000
vt 0.187500 0.062500
vt 0.187500 0.125000
vt 0.500000 0.125000
vt 0.562500 0.125000
vt 0.500000 0.750000
vt 0.562500 0.687500
vt 0.750000 0.125000
vt 0.812500 0.125000
vt 0.250000 0.125000
vt 0.437500 0.000000
vt 0.437500 0.062500
vt 0.437500 0.125000
vt 0.687500 0.000000
vt 0.687500 0.062500
vt 0.687500 0.125000
vt 0.187500 0.000000
vt 0.187500 0.062500
vt 0.187500 0.125000
vt 0.500000 0.125000
vt 0.562500 0.125000
vt 0.562500 0.687500
vt 0.750000 0.125000
vt 0.812500 0.125000
vt 0.250000 0.125000
vt 0.437500 0.000000
vt 0.437500 0.062500
vt 0.437500 0.125000
vt 0.687500 0.000000
vt 0.687500 0.062500
vt 0.687500 0.125000
vt 0.187500 0.000000
vt 0.187500 0.062500
vt 0.187500 0.125000
vt 0.500000 0.125000
vt 0.562500 0.125000
vt 0.562500 0.687500
vt 0.750000 0.125000
vt 0.812500 0.125000
vt 0.250000 0.125000
vt 0.625000 0.536428
vt 0.375000 0.625000
vt 0.437500 0.592576
vt 0.625000 0.125000
vt 0.562500 0.157424
vt 0.875000 0.125000
vt 0.812500 0.157424
vt 0.375000 0.125000
vt 0.312500 0.157424
vt 0.500000 0.593747
vt 0.437500 0.625000
vt 0.500000 0.156253
vt 0.562500 0.125000
vt 0.375000 0.156253
vt 0.437500 0.125000
vt 0.500000 0.125000
vt 0.437500 0.157424
vt 0.625000 0.593747
vt 0.562500 0.625000
vt 0.500000 0.625000
vt 0.562500 0.592576
vt 0.750000 0.156253
vt 0.812500 0.125000
vt 0.625000 0.156253
vt 0.687500 0.125000
vt 0.750000 0.125000
vt 0.687500 0.157424
vt 0.250000 0.156253
vt 0.312500 0.125000
vt 0.125000 0.156253
vt 0.187500 0.125000
vt 0.250000 0.125000
vt 0.187500 0.157424
vt 0.375000 0.593747
vt 0.125000 0.213572
vt 0.875000 0.156253
vt 0.435273 0.554789
vt 0.435198 0.573911
vt 0.125000 0.196199
vt 0.375000 0.553801
vt 0.125000 0.177062
vt 0.375000 0.572938
vt 0.500078 0.574629
vt 0.500084 0.555525
vt 0.564776 0.195460
vt 0.564857 0.176375
vt 0.625431 0.198304
vt 0.625573 0.180023
vt 0.499926 0.175394
vt 0.499921 0.194499
vt 0.434924 0.195283
vt 0.434665 0.175970
vt 0.375573 0.180031
vt 0.375431 0.198308
vt 0.565105 0.554869
vt 0.565342 0.574066
vt 0.875000 0.177062
vt 0.625000 0.572938
vt 0.875000 0.196199
vt 0.625000 0.553801
vt 0.814730 0.195292
vt 0.814805 0.176162
vt 0.749947 0.176111
vt 0.749968 0.196006
vt 0.684926 0.195341
vt 0.684667 0.176032
vt 0.314779 0.195542
vt 0.314859 0.176448
vt 0.249950 0.176124
vt 0.249969 0.196011
vt 0.184897 0.195190
vt 0.184660 0.175998
vt 0.389570 0.264570
vt 0.375000 0.312500
vt 0.375000 0.514570
vt 0.375000 0.437500
vt 0.389570 0.485430
vt 0.375000 0.313272
vt 0.375000 0.371488
vt 0.625000 0.312500
vt 0.610430 0.264570
vt 0.625000 0.313272
vt 0.625000 0.371488
vt 0.625000 0.378512
vt 0.625000 0.436728
vt 0.625000 0.437500
vt 0.375000 0.378512
vt 0.375000 0.436728
vt 0.428092 0.375000
vt 0.380604 0.311925
vt 0.500000 0.303092
vt 0.563075 0.255604
vt 0.571908 0.375000
vt 0.619396 0.438075
vt 0.500000 0.446908
vt 0.436925 0.494396
vt 0.436925 0.255604
vt 0.500000 0.255153
vt 0.431684 0.306684
vt 0.619396 0.311925
vt 0.619847 0.375000
vt 0.568316 0.306684
vt 0.610430 0.485430
vt 0.563075 0.494396
vt 0.500000 0.494847
vt 0.568316 0.443316
vt 0.380604 0.438075
vt 0.380153 0.375000
vt 0.431684 0.443316
vt 0.500000 0.213572
vt 0.437500 0.239017
vt 0.500000 0.536428
vt 0.562500 0.510983
vt 0.750000 0.213572
vt 0.687500 0.239017
vt 0.250000 0.213572
vt 0.187500 0.239017
vt 0.375000 0.536428
vt 0.437500 0.510983
vt 0.500000 0.510929
vt 0.437500 0.535460
vt 0.625000 0.213572
vt 0.562500 0.239017
vt 0.500000 0.239071
vt 0.562500 0.214540
vt 0.375000 0.235430
vt 0.437500 0.214540
vt 0.625000 0.514570
vt 0.562500 0.535460
vt 0.875000 0.213572
vt 0.875000 0.235430
vt 0.812500 0.239017
vt 0.750000 0.239071
vt 0.812500 0.214540
vt 0.625000 0.235430
vt 0.687500 0.214540
vt 0.375000 0.213572
vt 0.312500 0.239017
vt 0.250000 0.239071
vt 0.312500 0.214540
vt 0.125000 0.235430
vt 0.187500 0.214540
vn 0.000000 -0.902463 0.430767
vn 0.000000 -0.902463 0.430767
vn 0.000000 -0.902463 0.430767
vn 0.000000 -0.902463 0.430767
vn 0.000000 -1.000000 0.000000
vn 0.000000 -1.000000 0.000000
vn 0.000000 -1.000000 0.000000
vn 0.000000 -1.000000 0.000000
vn 0.430767 -0.902463 0.000000
vn 0.430767 -0.902463 0.000000
vn 0.430767 -0.902463 0.000000
vn 0.430767 -0.902463 0.000000
vn -0.430767 -0.902463 0.000000
vn -0.430768 -0.902463 0.000000
vn -0.430767 -0.902463 0.000000
vn -0.430768 -0.902463 0.000000
vn 0.000000 -0.902463 -0.430768
vn 0.000000 -0.902463 -0.430768
vn 0.000000 -0.902463 -0.430768
vn 0.000000 -0.902463 -0.430768
vn 0.000000 -1.000000 0.000000
vn 0.000000 -1.000000 0.000000
vn 0.000000 -1.000000 0.000000
vn 0.000000 -1.000000 0.000000
vn 0.000000 -1.000000 0.000000
vn 0.000000 -1.000000 0.000000
vn 0.000000 -1.000000 0.000000
vn 0.000000 -1.000000 0.000000
vn 0.000000 -1.000000 0.000000
vn 0.000000 -1.000000 0.000000
vn 0.000000 -1.000000 0.000000
vn 0.000000 -1.000000 0.000000
vn 0.000000 0.000000 1.000000
vn 0.000000 0.000000 1.000000
vn 0.000000 0.000000 1.000000
vn 0.000000 0.000000 1.000000
vn 0.000000 -1.000000 0.000000
vn 0.000000 -1.000000 0.000000
vn 0.000000 -1.000000 0.000000
vn 0.000000 -1.000000 0.000000
vn 0.000000 -1.000000 0.000000
vn 0.000000 -1.000000 0.000000
vn 0.000000 -1.000000 0.000000
vn 0.000000 -1.000000 0.000000
vn 0.000000 -1.000000 0.000000
vn 0.000000 -1.000000 0.000000
vn 0.000000 -1.000000 0.000000
vn 1.000000 0.000000 0.000000
vn 1.000000 0.000000 0.000000
vn 1.000000 0.000000 0.000000
vn 1.000000 0.000000 0.000000
vn -1.000000 0.000000 0.000000
vn -1.000000 0.000000 0.000000
vn -1.000000 0.000000 0.000000
vn -1.000000 0.000000 0.000000
vn 0.000000 0.000000 1.000000
vn 0.000000 0.000000 1.000000
vn 0.000000 0.000000 1.000000
vn 0.000000 0.000000 1.000000
vn 0.000000 -0.902463 0.430767
vn 0.000000 -0.902463 0.430767
vn 0.000000 -0.902463 0.430767
vn 0.000000 -0.902463 0.430767
vn 0.000000 0.000000 -1.000000
vn 0.000000 0.000000 -1.000000
vn 0.000000 0.000000 -1.000000
vn 0.000000 0.000000 -1.000000
vn 0.000000 0.000000 -1.000000
vn 0.000000 0.000000 -1.000000
vn 0.000000 0.000000 -1.000000
vn 0.000000 0.000000 -1.000000
vn 0.000000 -0.902463 -0.430768
vn 0.000000 -0.902463 -0.430768
vn 0.000000 -0.902463 -0.430768
vn 0.000000 -0.902463 -0.430768
vn 0.000000 -1.000000 0.000000
vn 0.000000 -1.000000 0.000000
vn 0.000000 -1.000000 0.000000
vn 0.000000 -1.000000 0.000000
vn 0.000000 -1.000000 0.000000
vn 0.000000 -1.000000 0.000000
vn 0.000000 -1.000000 0.000000
vn 0.000000 -1.000000 0.000000
vn 0.000000 -1.000000 0.000000
vn 0.000000 -1.000000 0.000000
vn 0.000000 -1.000000 0.000000
vn 0.000000 -1.000000 0.000000
vn 0.000000 -1.000000 0.000000
vn 0.000000 -1.000000 0.000000
vn 0.000000 -1.000000 0.000000
vn 0.000000 -1.000000 0.000000
vn 0.000000 -1.000000 0.000000
vn 0.000000 -1.000000 0.000000
vn 0.000000 -1.000000 0.000000
vn 0.000000 -1.000000 0.000000
vn 0.000000 -1.000000 0.000000
vn 0.000000 -1.000000 0.000000
vn 0.000000 -1.000000 0.000000
vn 0.000000 -1.000000 0.000000
vn 0.000000 -1.000000 0.000000
vn 0.000000 -1.000000 0.000000
vn 0.000000 -1.000000 0.000000
vn 0.000000 -1.000000 0.000000
vn 0.000000 -1.000000 0.000000
vn 0.000000 -1.000000 0.000000
vn 0.000000 -1.000000 0.000000
vn 0.000000 -1.000000 0.000000
vn 0.000000 -1.000000 0.000000
vn 1.000000 0.000000 0.000000
vn 1.000000 0.000000 0.000000
vn 1.000000 0.000000 0.000000
vn 1.000000 0.000000 0.000000
vn 0.430767 -0.902463 0.000000
vn 0.430767 -0.902463 0.000000
vn 0.430767 -0.902463 0.000000
vn 0.430767 -0.902463 0.000000
vn -1.000000 0.000000 0.000000
vn -1.000000 0.000000 0.000000
vn -1.000000 0.000000 0.000000
vn -1.000000 0.000000 0.000000
vn -0.430768 -0.902463 0.000000
vn -0.430768 -0.902463 0.000000
vn -0.430768 -0.902463 0.000000
vn -0.430768 -0.902463 0.000000
vn 0.000000 -0.916217 -0.400682
vn 0.000000 -0.916217 -0.400682
vn 1.000000 0.000000 0.000000
vn 0.955000 -0.296607 0.000000
vn 0.875979 -0.482318 -0.005517
vn 1.000000 0.000000 0.000000
vn 0.000000 -0.916217 -0.400682
vn -0.955000 -0.296607 0.000000
vn -1.000000 0.000000 0.000000
vn -1.000000 0.000000 0.000000
vn -0.875978 -0.482319 -0.005517
vn 0.000000 1.000000 0.000000
vn 0.000000 1.000000 0.000000
vn 0.000000 0.953394 0.301728
vn 0.000000 0.873417 0.486972
vn -0.690515 -0.723319 0.000000
vn -0.792681 -0.609492 -0.013275
vn 0.000000 1.000000 0.000000
vn 0.000000 0.953394 0.301728
vn 0.690515 -0.723318 0.000000
vn 0.792681 -0.609492 -0.013275
vn 0.000000 -0.916218 0.400681
vn 0.000000 -0.916218 0.400681
vn -1.000000 0.000000 0.000000
vn -0.955000 -0.296607 0.000000
vn -0.875979 -0.482318 0.005517
vn -1.000000 0.000000 0.000000
vn 0.000000 -0.916218 0.400681
vn 0.955000 -0.296607 0.000000
vn 1.000000 0.000000 0.000000
vn 1.000000 0.000000 0.000000
vn 0.875979 -0.482318 0.005517
vn 0.000000 1.000000 0.000000
vn 0.000000 1.000000 0.000000
vn 0.000000 0.953394 -0.301727
vn 0.000000 0.873418 -0.486971
vn 0.690515 -0.723318 0.000000
vn 0.792682 -0.609491 0.013275
vn 0.000000 1.000000 0.000000
vn 0.000000 0.953395 -0.301727
vn -0.690515 -0.723318 0.000000
vn -0.792681 -0.609492 0.013275
vn -0.400681 -0.916217 0.000000
vn -0.400681 -0.916217 0.000000
vn 0.000000 0.000000 -1.000000
vn 0.000000 -0.296607 -0.955000
vn -0.005516 -0.482318 -0.875979
vn 0.000000 0.000000 -1.000000
vn -0.400681 -0.916218 0.000000
vn 0.000000 -0.296607 0.955000
vn 0.000000 0.000000 1.000000
vn 0.000000 0.000000 1.000000
vn -0.005517 -0.482318 0.875979
vn 0.000000 1.000000 0.000000
vn 0.000000 1.000000 0.000000
vn 0.301728 0.953394 0.000000
vn 0.486972 0.873417 0.000000
vn 0.000000 -0.723319 0.690514
vn -0.013275 -0.609492 0.792681
vn 0.000000 1.000000 0.000000
vn 0.301728 0.953394 0.000000
vn 0.000000 -0.723318 -0.690515
vn -0.013275 -0.609491 -0.792682
vn 0.400681 -0.916218 0.000000
vn 0.400681 -0.916217 0.000000
vn 0.000000 0.000000 1.000000
vn 0.000000 -0.296608 0.954999
vn 0.005517 -0.482319 0.875979
vn 0.000000 0.000000 1.000000
vn 0.400681 -0.916217 0.000000
vn 0.000000 -0.296607 -0.955000
vn 0.000000 0.000000 -1.000000
vn 0.000000 0.000000 -1.000000
vn 0.005517 -0.482318 -0.875979
vn 0.000000 1.000000 0.000000
vn 0.000000 1.000000 0.000000
vn -0.301727 0.953394 0.000000
vn -0.486972 0.873418 0.000000
vn 0.000000 -0.723319 -0.690515
vn 0.013275 -0.609492 -0.792681
vn 0.000000 1.000000 0.000000
vn -0.301727 0.953394 0.000000
vn 0.000000 -0.723319 0.690514
vn 0.013275 -0.609492 0.792681
vn 0.000000 -0.752705 -0.658358
vn 0.000000 -0.752705 -0.658358
vn 0.999735 -0.022915 -0.002233
vn 1.000000 0.000000 0.000000
vn 0.000000 -0.752705 -0.658358
vn -1.000000 0.000000 0.000000
vn -0.999735 -0.022915 -0.002233
vn 0.000000 -0.838722 0.544560
vn 0.000000 -0.838722 0.544560
vn -0.994535 -0.103914 -0.010127
vn 0.000000 -0.838722 0.544560
vn 0.994535 -0.103914 -0.010127
vn 0.000000 -0.752706 0.658357
vn 0.000000 -0.752706 0.658357
vn -0.999735 -0.022915 0.002233
vn -1.000000 0.000000 0.000000
vn 0.000000 -0.752706 0.658357
vn 1.000000 0.000000 0.000000
vn 0.999735 -0.022915 0.002233
vn 0.000000 -0.838720 -0.544563
vn 0.000000 -0.838720 -0.544563
vn 0.994535 -0.103915 0.010127
vn 0.000000 -0.838720 -0.544562
vn -0.994535 -0.103915 0.010127
vn -0.658356 -0.752706 0.000000
vn -0.658356 -0.752706 0.000000
vn -0.002233 -0.022915 -0.999735
vn 0.000000 0.000000 -1.000000
vn -0.658356 -0.752706 0.000000
vn 0.000000 0.000000 1.000000
vn -0.002233 -0.022915 0.999735
vn 0.544562 -0.838720 0.000000
vn 0.544562 -0.838720 0.000000
vn -0.010127 -0.103915 0.994535
vn 0.544562 -0.838720 0.000000
vn -0.010127 -0.103915 -0.994535
vn 0.658357 -0.752706 0.000000
vn 0.658357 -0.752706 0.000000
vn 0.002233 -0.022915 0.999735
vn 0.000000 0.000000 1.000000
vn 0.658357 -0.752706 0.000000
vn 0.000000 0.000000 -1.000000
vn 0.002233 -0.022915 -0.999735
vn -0.544563 -0.838720 0.000000
vn -0.544563 -0.838720 0.000000
vn 0.010127 -0.103915 -0.994535
vn -0.544563 -0.838720 0.000000
vn 0.010127 -0.103915 0.994535
vn 0.000000 -1.000000 0.000000
vn 0.000000 -1.000000 0.000000
vn 0.000000 -0.927426 -0.374007
vn 0.000000 -0.927426 -0.374007
vn 0.987445 0.026334 0.155752
vn -0.893286 0.116359 0.434167
vn 0.000000 -1.000000 0.000000
vn 0.000000 -0.927426 -0.374007
vn -1.000000 0.000000 0.000000
vn -1.000000 0.000000 0.000000
vn 0.000000 1.000000 0.000000
vn 0.000000 1.000000 0.000000
vn 0.000000 0.927426 0.374008
vn 0.000000 0.927426 0.374008
vn -1.000000 0.000000 0.000000
vn 0.000000 1.000000 0.000000
vn 0.000000 0.927425 0.374008
vn 0.999870 -0.008939 -0.013386
vn 0.000000 -1.000000 0.000000
vn 0.000000 -1.000000 0.000000
vn 0.000000 -0.927426 0.374007
vn 0.000000 -0.927426 0.374007
vn -1.000000 0.000000 0.000000
vn -1.000000 0.000000 0.000000
vn 0.000000 -1.000000 0.000000
vn 0.000000 -0.927426 0.374007
vn 1.000000 0.000000 0.000000
vn 1.000000 0.000000 0.000000
vn 0.000000 1.000000 0.000000
vn 0.000000 1.000000 0.000000
vn 0.000000 0.927425 -0.374008
vn 0.000000 0.927425 -0.374008
vn 1.000000 0.000000 0.000000
vn 0.000000 1.000000 0.000000
vn 0.000000 0.927425 -0.374008
vn -1.000000 0.000000 0.000000
vn 0.000000 -1.000000 0.000000
vn 0.000000 -1.000000 0.000000
vn -0.374007 -0.927426 0.000000
vn -0.374007 -0.927426 0.000000
vn 0.000000 0.000000 -1.000000
vn 0.000000 0.000000 -1.000000
vn 0.000000 -1.000000 0.000000
vn -0.374007 -0.927426 0.000000
vn 0.479277 0.128452 -0.868213
vn 0.167864 0.028511 0.985398
vn 0.000000 1.000000 0.000000
vn 0.000000 1.000000 0.000000
vn 0.374007 0.927426 0.000000
vn 0.374007 0.927426 0.000000
vn -0.014574 -0.009732 0.999846
vn 0.000000 1.000000 0.000000
vn 0.374007 0.927426 0.000000
vn 0.000000 0.000000 -1.000000
vn 0.000000 -1.000000 0.000000
vn 0.000000 -1.000000 0.000000
vn 0.374006 -0.927426 0.000000
vn 0.374006 -0.927426 0.000000
vn 0.000000 0.000000 1.000000
vn 0.000000 0.000000 1.000000
vn 0.000000 -1.000000 0.000000
vn 0.374006 -0.927426 0.000000
vn -0.000000 0.000000 -1.000000
vn -0.000000 0.000000 -1.000000
vn 0.000000 1.000000 0.000000
vn 0.000000 1.000000 0.000000
vn -0.374007 0.927426 0.000000
vn -0.374007 0.927426 0.000000
vn 0.000000 0.000000 -1.000000
vn 0.000000 1.000000 0.000000
vn -0.374007 0.927426 0.000000
vn 0.000000 0.000000 1.000000
vn 0.000000 -0.357257 -0.934006
vn 0.000000 -0.357258 -0.934006
vn -0.986409 0.023727 0.162587
vn -0.983595 0.047202 0.174106
vn 0.000000 -0.357258 -0.934006
vn -1.000000 0.000000 0.000000
vn -1.000000 0.000000 0.000000
vn 0.000000 0.357257 0.934006
vn 0.000000 0.357257 0.934006
vn -1.000000 0.000000 0.000000
vn 0.000000 0.357257 0.934006
vn 0.970797 -0.150435 -0.186878
vn 0.000000 -0.357255 0.934007
vn 0.000000 -0.357255 0.934007
vn -1.000000 0.000000 -0.000000
vn -1.000000 0.000000 -0.000000
vn 0.000000 -0.357255 0.934007
vn 1.000000 0.000000 -0.000000
vn 1.000000 0.000000 -0.000000
vn 0.000000 0.357254 -0.934007
vn 0.000000 0.357254 -0.934007
vn 1.000000 0.000000 -0.000000
vn 0.000000 0.357254 -0.934007
vn -1.000000 0.000000 -0.000000
vn -0.934003 -0.357265 0.000000
vn -0.934003 -0.357265 0.000000
vn 0.000000 0.000000 -1.000000
vn 0.000000 0.000000 -1.000000
vn -0.934003 -0.357265 0.000000
vn 0.191634 0.051958 -0.980090
vn 0.178728 0.025975 -0.983556
vn 0.934004 0.357264 0.000000
vn 0.934003 0.357264 0.000000
vn -0.205699 -0.165903 0.964450
vn 0.934004 0.357264 0.000000
vn -0.000000 0.000000 -1.000000
vn 0.934002 -0.357268 0.000000
vn 0.934002 -0.357268 0.000000
vn 0.000000 0.000000 1.000000
vn 0.000000 0.000000 1.000000
vn 0.934002 -0.357268 0.000000
vn -0.000000 0.000000 -1.000000
vn -0.000000 0.000000 -1.000000
vn -0.934002 0.357267 0.000000
vn -0.934002 0.357267 0.000000
vn 0.000000 0.000000 -1.000000
vn -0.934002 0.357267 0.000000
vn 0.000000 0.000000 1.000000
vn 0.464455 0.405860 0.787121
vn 0.424736 0.549066 0.719810
vn 0.845827 0.244623 0.474063
vn 0.181099 0.491625 0.851768
vn -0.854738 0.000000 0.519059
vn 0.857549 0.261410 0.443029
vn 0.000000 -1.000000 0.000001
vn 0.000000 0.459814 0.888015
vn 0.964738 0.000000 0.263214
vn 0.990071 0.000000 0.140568
vn -0.448045 -0.471911 -0.759313
vn 0.000000 1.000000 0.000000
vn 0.000000 -0.528843 -0.848720
vn -0.166442 -0.559568 -0.811899
vn 0.991867 0.000000 0.127279
vn -0.398412 -0.620787 -0.675198
vn -0.822977 -0.305641 -0.478845
vn -0.810760 -0.297482 0.504156
vn 0.000000 -1.000000 -0.000000
vn 0.000000 -1.000000 0.000000
vn 0.000000 -1.000000 0.000000
vn 0.000000 -1.000000 -0.000000
vn -1.000000 0.000000 -0.000000
vn -1.000000 0.000000 -0.000000
vn 0.000000 -1.000000 -0.000000
vn 0.000000 -1.000000 -0.000000
vn 1.000000 0.000000 -0.000000
vn 1.000000 0.000000 -0.000000
vn 0.000000 1.000000 0.000000
vn 0.000000 1.000000 0.000000
vn 0.000000 1.000000 0.000000
vn 0.000000 1.000000 0.000000
vn 1.000000 0.000000 -0.000000
vn 0.000000 1.000000 0.000000
vn 0.000000 1.000000 0.000000
vn -1.000000 0.000000 -0.000000
vn 0.787988 0.403609 0.464946
vn 0.000000 -1.000000 0.000000
vn 0.890789 0.454416 0.000000
vn 0.853938 0.487110 0.183068
vn 0.126980 0.000000 0.991905
vn 0.246084 0.000000 0.969249
vn 0.720792 0.547339 0.425298
vn 0.473813 0.247670 0.845080
vn 0.457049 0.269682 0.847572
vn 0.572049 -0.000000 -0.820219
vn -0.760440 -0.469474 -0.448692
vn -0.676374 -0.619068 -0.399090
vn -0.478516 -0.309029 -0.821902
vn -0.814737 -0.554745 -0.168705
vn 0.564068 -0.332832 -0.755678
vn -0.000002 1.000000 0.000000
vn -0.852197 -0.523222 0.000000
vn 0.114707 0.000000 0.993399
vn 0.000000 -1.000000 0.000000
vn 0.000000 -1.000000 0.000000
vn 0.000000 -1.000000 0.000000
vn 0.000000 -1.000000 0.000000
vn 0.000000 0.000000 1.000000
vn 0.000000 0.000000 1.000000
vn 0.000000 -1.000000 0.000000
vn 0.000000 -1.000000 0.000000
vn -0.031682 0.069885 -0.997052
vn -0.051324 0.068548 -0.996327
vn 0.000002 1.000000 0.000000
vn 0.000002 1.000000 0.000000
vn 0.000000 1.000000 0.000000
vn 0.000000 1.000000 0.000000
vn -0.033606 -0.074127 0.996682
vn 0.000002 1.000000 0.000000
vn 0.000000 1.000000 0.000000
vn 0.000000 0.000000 1.000000
vn 0.995943 0.029319 0.085070
vn 0.648098 0.452973 0.612196
vn 1.000000 0.000000 0.000000
vn 1.000000 0.000000 0.000000
vn 0.000000 0.612029 0.790835
vn 0.990438 0.000000 0.137956
vn 0.990764 0.000000 0.135596
vn 0.000000 -0.713084 -0.701079
vn -0.653478 -0.551276 -0.518711
vn 0.992304 0.000000 0.123827
vn -0.999323 -0.035459 -0.009857
vn 1.000000 0.000000 0.000000
vn 0.000000 -0.747090 0.664723
vn 0.000000 -0.747090 0.664723
vn 0.935966 0.078708 -0.343180
vn 0.989894 0.046044 -0.134122
vn 0.000000 -0.747090 0.664723
vn 1.000000 0.000000 0.000000
vn 1.000000 0.000000 0.000000
vn 0.000000 0.747085 -0.664728
vn 0.000000 0.747085 -0.664728
vn 1.000000 0.000000 0.000000
vn 0.000000 0.747085 -0.664729
vn -0.999223 -0.021388 0.033091
vn 0.795166 0.606392 0.000000
vn 0.615272 0.451670 0.646092
vn 0.122403 0.000000 0.992480
vn 0.124492 0.000000 0.992221
vn 0.085058 0.033881 0.995800
vn 0.000000 0.000000 1.000000
vn 0.000000 0.000000 1.000000
vn -0.009855 -0.040974 -0.999112
vn -0.522280 -0.550295 -0.651459
vn 0.000000 0.000000 1.000000
vn -0.706065 -0.708147 0.000000
vn 0.111746 0.000000 0.993737
vn -0.885125 0.465354 0.000000
vn -0.861993 0.506920 0.000000
vn -0.286085 0.000000 -0.958204
vn -0.977072 0.000000 -0.212907
vn -0.876413 0.481561 0.000000
vn -0.083156 0.119027 -0.989403
vn -0.073952 -0.075634 0.994390
vn 0.793933 -0.608005 0.000000
vn 0.771584 -0.636128 0.000000
vn -0.022528 -0.080956 0.996463
vn 0.807824 -0.589424 0.000000
vn -0.215368 0.000000 -0.976533
vn 0.000000 -0.409179 -0.912454
vn 0.000000 -0.409179 -0.912454
vn 1.000000 0.000000 0.000000
vn 1.000000 0.000000 0.000000
vn 0.000000 -0.409179 -0.912454
vn -1.000000 0.000000 0.000000
vn -1.000000 0.000000 0.000000
vn 0.000000 0.409174 0.912456
vn 0.000000 0.409174 0.912456
vn -1.000000 0.000000 0.000000
vn 0.000000 0.409174 0.912456
vn 1.000000 0.000000 0.000000
vn 0.000000 -0.409173 0.912457
vn 0.000000 -0.409173 0.912457
vn 0.943401 0.094715 -0.317841
vn 0.977860 0.097788 -0.185004
vn 0.000000 -0.409173 0.912457
vn -0.984669 0.000000 -0.174431
vn -0.976902 0.000000 -0.213685
vn 0.000000 0.409168 -0.912459
vn 0.000000 0.409168 -0.912459
vn -0.973015 0.000000 -0.230741
vn 0.000000 0.409168 -0.912459
vn -0.840161 -0.427986 0.333102
vn -0.912454 -0.409179 0.000000
vn -0.912454 -0.409179 0.000000
vn 0.000000 0.000000 -1.000000
vn 0.000000 0.000000 -1.000000
vn -0.912454 -0.409179 0.000000
vn 0.000000 0.000000 1.000000
vn 0.000000 0.000000 1.000000
vn 0.912457 0.409174 0.000000
vn 0.912456 0.409174 0.000000
vn 0.000000 0.000000 1.000000
vn 0.912456 0.409174 0.000000
vn 0.000000 0.000000 -1.000000
vn -0.538685 0.842507 0.000000
vn -0.538685 0.842507 0.000000
vn -0.163777 0.000000 -0.986497
vn -0.145756 0.000000 -0.989321
vn -0.538685 0.842507 0.000000
vn -0.120479 0.041362 0.991854
vn -0.148393 0.046911 0.987815
vn 0.414956 -0.909841 0.000000
vn 0.414956 -0.909842 0.000000
vn 0.053762 -0.034750 -0.997949
vn 0.414956 -0.909841 0.000000
vn -0.197958 0.000000 -0.980210
vn 0.000000 -1.000000 -0.000000
vn 0.000000 -1.000000 -0.000000
vn 0.092750 -0.980310 -0.174325
vn -0.000000 -0.986909 -0.161281
vn 0.986908 0.000000 -0.161281
vn 0.980310 -0.092754 -0.174326
vn 0.000000 -1.000000 0.000000
vn -0.092750 -0.980310 -0.174325
vn -0.980310 -0.092754 -0.174326
vn -0.986908 0.000000 -0.161281
vn 0.000000 1.000000 -0.000000
vn 0.000000 1.000000 -0.000000
vn -0.092751 0.980310 -0.174326
vn -0.000000 0.986908 -0.161282
vn -0.980310 0.092750 -0.174325
vn 0.000000 1.000000 0.000000
vn 0.092751 0.980310 -0.174326
vn 0.980310 0.092750 -0.174325
vn 0.000000 0.541650 -0.840604
vn 0.000000 0.541650 -0.840604
vn -0.033770 0.468770 -0.882675
vn 0.000000 0.477276 -0.878753
vn -0.922507 -0.000000 0.385979
vn -0.999026 0.040531 0.017438
vn 0.000000 0.541650 -0.840604
vn 0.033443 0.469496 -0.882301
vn -0.997405 -0.040828 -0.059292
vn -0.999586 0.000000 -0.028757
vn 0.000000 -0.596626 0.802519
vn 0.000000 -0.596626 0.802519
vn 0.033320 -0.470126 0.881970
vn 0.000000 -0.482230 0.876045
vn -0.900153 0.301104 0.314740
vn 0.000000 -0.596626 0.802519
vn -0.033641 -0.468837 0.882644
vn 0.982895 0.024287 0.182557
vn 0.000000 -1.000000 0.000000
vn 0.000000 -1.000000 0.000000
vn -0.174325 -0.980310 -0.092750
vn -0.161281 -0.986909 0.000000
vn -0.161281 0.000000 -0.986909
vn -0.174326 -0.092753 -0.980310
vn 0.000000 -1.000000 0.000000
vn -0.174325 -0.980310 0.092750
vn -0.174326 -0.092753 0.980310
vn -0.161281 0.000000 0.986909
vn 0.000000 1.000000 0.000000
vn 0.000000 1.000000 0.000000
vn -0.174326 0.980310 0.092750
vn -0.161282 0.986908 -0.000000
vn -0.174325 0.092750 0.980310
vn 0.000000 1.000000 0.000000
vn -0.174326 0.980310 -0.092750
vn -0.174325 0.092750 -0.980310
vn 0.000000 -1.000000 0.000000
vn 0.000000 -1.000000 0.000000
vn 0.174325 -0.980310 0.092750
vn 0.161281 -0.986909 -0.000000
vn 0.161281 0.000000 0.986909
vn 0.174326 -0.092753 0.980310
vn 0.000000 -1.000000 0.000000
vn 0.174325 -0.980310 -0.092750
vn 0.174326 -0.092753 -0.980310
vn 0.161281 0.000000 -0.986909
vn 0.000000 1.000000 0.000000
vn 0.000000 1.000000 0.000000
vn 0.174326 0.980310 -0.092750
vn 0.161282 0.986908 0.000000
vn 0.174325 0.092750 -0.980310
vn 0.000000 1.000000 0.000000
vn 0.174326 0.980310 0.092750
vn 0.174325 0.092750 0.980310
vn 0.286059 -0.854651 -0.433292
vn -0.000000 -0.891424 -0.453171
vn 0.891425 0.000000 -0.453169
vn 0.854649 -0.286066 -0.433290
vn -0.286059 -0.854651 -0.433292
vn -0.854649 -0.286066 -0.433290
vn -0.891425 0.000000 -0.453169
vn -0.286062 0.854651 -0.433290
vn 0.000000 0.891425 -0.453169
vn -0.854653 0.286059 -0.433289
vn 0.286062 0.854651 -0.433290
vn 0.854653 0.286059 -0.433289
vn -0.326054 -0.831428 0.449908
vn 0.000000 -0.879267 0.476329
vn -0.879271 -0.000000 0.476322
vn -0.831430 -0.326054 0.449903
vn 0.326054 -0.831428 0.449908
vn 0.831430 -0.326054 0.449903
vn 0.879271 0.000000 0.476322
vn 0.326054 0.831431 0.449902
vn 0.000000 0.879271 0.476322
vn 0.831432 0.326051 0.449901
vn -0.326054 0.831431 0.449902
vn -0.831432 0.326051 0.449901
vn -0.449908 -0.831428 -0.326054
vn -0.476328 -0.879268 0.000001
vn -0.476321 -0.000000 -0.879271
vn -0.449902 -0.326054 -0.831431
vn -0.449907 -0.831428 0.326054
vn -0.449902 -0.326054 0.831431
vn -0.476321 -0.000000 0.879271
vn -0.449901 0.831431 0.326053
vn -0.476321 0.879271 -0.000000
vn -0.449901 0.326050 0.831433
vn -0.449901 0.831431 -0.326054
vn -0.449900 0.326050 -0.831433
vn 0.449908 -0.831428 0.326054
vn 0.476328 -0.879268 -0.000001
vn 0.476321 -0.000000 0.879271
vn 0.449902 -0.326054 0.831431
vn 0.449907 -0.831428 -0.326054
vn 0.449902 -0.326054 -0.831431
vn 0.476321 -0.000000 -0.879271
vn 0.449901 0.831431 -0.326053
vn 0.476321 0.879271 0.000000
vn 0.449901 0.326050 -0.831433
vn 0.449901 0.831431 0.326054
vn 0.449900 0.326050 0.831433
vn -0.374850 -0.904961 0.201327
vn -0.374850 -0.904962 0.201326
vn -0.904964 -0.374845 0.201323
vn -0.904964 -0.374846 0.201322
vn 0.374850 -0.904962 0.201326
vn 0.374850 -0.904961 0.201327
vn 0.904964 -0.374846 0.201322
vn 0.904964 -0.374845 0.201323
vn 0.374848 0.904963 0.201323
vn 0.374848 0.904963 0.201323
vn 0.904964 0.374845 0.201323
vn 0.904964 0.374845 0.201323
vn -0.374848 0.904963 0.201323
vn -0.374848 0.904963 0.201323
vn -0.904964 0.374845 0.201323
vn -0.904964 0.374845 0.201323
vn -0.201327 -0.904961 -0.374850
vn -0.201326 -0.904961 -0.374850
vn -0.201323 -0.374845 -0.904964
vn -0.201322 -0.374845 -0.904964
vn -0.201326 -0.904961 0.374851
vn -0.201327 -0.904961 0.374851
vn -0.201322 -0.374846 0.904964
vn -0.201322 -0.374846 0.904964
vn -0.201323 0.904963 0.374847
vn -0.201323 0.904963 0.374847
vn -0.201323 0.374844 0.904965
vn -0.201322 0.374844 0.904965
vn -0.201323 0.904963 -0.374848
vn -0.201322 0.904963 -0.374848
vn -0.201322 0.374844 -0.904965
vn -0.201323 0.374844 -0.904965
vn 0.201327 -0.904961 0.374850
vn 0.201326 -0.904961 0.374850
vn 0.201323 -0.374845 0.904964
vn 0.201322 -0.374845 0.904964
vn 0.201326 -0.904961 -0.374851
vn 0.201327 -0.904961 -0.374851
vn 0.201322 -0.374846 -0.904964
vn 0.201322 -0.374846 -0.904964
vn 0.201323 0.904963 -0.374847
vn 0.201323 0.904963 -0.374847
vn 0.201323 0.374844 -0.904965
vn 0.201322 0.374844 -0.904965
vn 0.201323 0.904963 0.374848
vn 0.201322 0.904963 0.374848
vn 0.201322 0.374844 0.904965
vn 0.201323 0.374844 0.904965
vn -0.382686 -0.923879 0.000000
vn -0.382686 -0.923879 0.000000
vn -0.923881 -0.382679 -0.000000
vn -0.923881 -0.382679 -0.000000
vn 0.382685 -0.923879 -0.000000
vn 0.382685 -0.923879 -0.000000
vn 0.923881 -0.382679 0.000000
vn 0.923881 -0.382679 0.000000
vn 0.382683 0.923880 0.000000
vn 0.382683 0.923880 0.000000
vn 0.923881 0.382681 0.000000
vn 0.923881 0.382681 0.000000
vn -0.382683 0.923880 0.000000
vn -0.382683 0.923880 0.000000
vn -0.923881 0.382680 0.000000
vn -0.923881 0.382680 0.000000
vn -0.000000 -0.923879 -0.382686
vn -0.000000 -0.923879 -0.382686
vn 0.000000 -0.382679 -0.923881
vn 0.000000 -0.382679 -0.923881
vn -0.000001 -0.923878 0.382687
vn -0.000001 -0.923878 0.382687
vn -0.000000 -0.382679 0.923881
vn -0.000000 -0.382679 0.923881
vn -0.000000 0.923880 0.382682
vn -0.000000 0.923880 0.382682
vn 0.000000 0.382679 0.923881
vn 0.000000 0.382679 0.923882
vn -0.000000 0.923880 -0.382684
vn -0.000000 0.923879 -0.382684
vn -0.000000 0.382679 -0.923881
vn -0.000000 0.382679 -0.923881
vn 0.000000 -0.923879 0.382686
vn 0.000000 -0.923879 0.382686
vn 0.000000 -0.382679 0.923881
vn 0.000000 -0.382679 0.923881
vn 0.000001 -0.923878 -0.382687
vn 0.000001 -0.923878 -0.382687
vn 0.000000 -0.382679 -0.923881
vn 0.000000 -0.382679 -0.923881
vn 0.000000 0.923880 -0.382682
vn 0.000000 0.923880 -0.382682
vn -0.000000 0.382679 -0.923881
vn -0.000000 0.382679 -0.923882
vn 0.000000 0.923880 0.382684
vn 0.000000 0.923879 0.382684
vn 0.000000 0.382679 0.923881
vn 0.000000 0.382679 0.923881
vn -0.405607 -0.747652 0.525833
vn -0.594271 -0.594272 0.541925
vn -0.594272 -0.594271 0.541925
vn -0.405607 -0.747652 0.525833
vn -0.747650 -0.405604 0.525838
vn -0.747650 -0.405604 0.525838
vn 0.594271 -0.594272 0.541925
vn 0.405606 -0.747652 0.525833
vn 0.405606 -0.747652 0.525833
vn 0.594272 -0.594271 0.541925
vn 0.747650 -0.405603 0.525838
vn 0.747650 -0.405603 0.525838
vn 0.405604 0.747648 0.525840
vn 0.594271 0.594268 0.541930
vn 0.594270 0.594269 0.541930
vn 0.405604 0.747648 0.525840
vn 0.747650 0.405602 0.525840
vn 0.747650 0.405602 0.525840
vn -0.594270 0.594268 0.541930
vn -0.405603 0.747648 0.525841
vn -0.405603 0.747648 0.525841
vn -0.594270 0.594269 0.541930
vn -0.747650 0.405601 0.525840
vn -0.747650 0.405601 0.525840
vn -0.525833 -0.747652 -0.405606
vn -0.541925 -0.594272 -0.594271
vn -0.541925 -0.594271 -0.594272
vn -0.525833 -0.747652 -0.405606
vn -0.525838 -0.405603 -0.747650
vn -0.525838 -0.405603 -0.747650
vn -0.541924 -0.594272 0.594272
vn -0.525832 -0.747651 0.405609
vn -0.525832 -0.747651 0.405609
vn -0.541924 -0.594270 0.594273
vn -0.525837 -0.405604 0.747650
vn -0.525837 -0.405604 0.747650
vn -0.525841 0.747648 0.405603
vn -0.541930 0.594268 0.594270
vn -0.541930 0.594268 0.594270
vn -0.525841 0.747648 0.405603
vn -0.525840 0.405600 0.747650
vn -0.525840 0.405600 0.747650
vn -0.541931 0.594267 -0.594271
vn -0.525841 0.747648 -0.405603
vn -0.525841 0.747648 -0.405603
vn -0.541931 0.594268 -0.594270
vn -0.525840 0.405599 -0.747650
vn -0.525840 0.405599 -0.747651
vn 0.525833 -0.747652 0.405606
vn 0.541925 -0.594272 0.594271
vn 0.541925 -0.594271 0.594272
vn 0.525833 -0.747652 0.405606
vn 0.525838 -0.405603 0.747650
vn 0.525838 -0.405603 0.747650
vn 0.541924 -0.594272 -0.594272
vn 0.525832 -0.747651 -0.405609
vn 0.525832 -0.747651 -0.405609
vn 0.541924 -0.594270 -0.594273
vn 0.525837 -0.405604 -0.747650
vn 0.525837 -0.405604 -0.747650
vn 0.525841 0.747648 -0.405603
vn 0.541930 0.594268 -0.594270
vn 0.541930 0.594268 -0.594270
vn 0.525841 0.747648 -0.405603
vn 0.525840 0.405600 -0.747650
vn 0.525840 0.405600 -0.747650
vn 0.541931 0.594267 0.594271
vn 0.525841 0.747648 0.405603
vn 0.525841 0.747648 0.405603
vn 0.541931 0.594268 0.594270
vn 0.525840 0.405599 0.747650
vn 0.525840 0.405599 0.747651
vn -0.503158 -0.813573 -0.291429
vn -0.717072 -0.679721 -0.154227
vn -0.711244 -0.699128 -0.073163
vn -0.524860 -0.830076 -0.188402
vn -0.801588 -0.592332 -0.081240
vn -0.824052 -0.564664 0.045753
vn 0.704429 -0.660455 -0.259958
vn 0.480986 -0.776280 -0.407482
vn 0.555982 -0.802461 -0.216655
vn 0.729177 -0.675839 -0.107437
vn 0.801413 -0.573454 -0.169962
vn 0.855050 -0.518060 0.022413
vn 0.431826 0.899034 -0.072562
vn 0.585340 0.809883 -0.038287
vn 0.522777 0.850572 -0.056845
vn 0.407148 0.906811 -0.109202
vn 0.798269 0.601913 0.021644
vn 0.787620 0.615819 0.020556
vn -0.628245 0.775066 -0.067682
vn -0.488833 0.867417 -0.092900
vn -0.487298 0.863945 -0.127041
vn -0.598913 0.795178 -0.094844
vn -0.811400 0.584000 -0.023935
vn -0.808140 0.588180 -0.030887
vn 0.330693 -0.805083 -0.492426
vn 0.183942 -0.679775 -0.709980
vn 0.089430 -0.702424 -0.706118
vn 0.206422 -0.827116 -0.522752
vn 0.103007 -0.593700 -0.798066
vn -0.031498 -0.574383 -0.817981
vn 0.237238 -0.667742 0.705577
vn 0.385000 -0.786359 0.483130
vn 0.203081 -0.806716 0.554948
vn 0.085737 -0.674080 0.733665
vn 0.143570 -0.574301 0.805956
vn -0.035683 -0.513596 0.857290
vn 0.077293 0.897122 0.434969
vn 0.042278 0.808730 0.586658
vn 0.063434 0.847484 0.527017
vn 0.113594 0.903736 0.412743
vn -0.018306 0.606398 0.794951
vn -0.016140 0.619637 0.784722
vn 0.064985 0.778626 -0.624115
vn 0.090321 0.870490 -0.483828
vn 0.124739 0.867551 -0.481452
vn 0.089798 0.800792 -0.592173
vn 0.019782 0.581144 -0.813560
vn 0.025257 0.586033 -0.809893
vn -0.286409 -0.813496 0.506156
vn -0.141912 -0.678975 0.720315
vn -0.053937 -0.697247 0.714799
vn -0.171796 -0.829206 0.531887
vn -0.064874 -0.589863 0.804893
vn 0.068524 -0.557081 0.827626
vn -0.258714 -0.659797 -0.705503
vn -0.397909 -0.778948 -0.484673
vn -0.223032 -0.801095 -0.555431
vn -0.119856 -0.675134 -0.727893
vn -0.177444 -0.575922 -0.798015
vn 0.003439 -0.525403 -0.850846
vn -0.088504 0.895540 -0.436090
vn -0.057978 0.804752 -0.590773
vn -0.076932 0.845082 -0.529073
vn -0.124326 0.902044 -0.413351
vn -0.004573 0.601319 -0.798996
vn -0.006145 0.613965 -0.789309
vn -0.052554 0.781792 0.621321
vn -0.082283 0.871290 0.483821
vn -0.116763 0.868637 0.481494
vn -0.079504 0.801721 0.592387
vn -0.000427 0.586843 0.809701
vn -0.007041 0.592108 0.805828
vn 0.567435 -0.277059 -0.775407
vn 0.748005 -0.167150 -0.642300
vn 0.716374 -0.249981 -0.651397
vn 0.531339 -0.330552 -0.780009
vn 0.844772 -0.073331 -0.530078
vn 0.846681 -0.181683 -0.500123
vn -0.700349 -0.039056 -0.712731
vn -0.526567 -0.194132 -0.827671
vn -0.505953 -0.235352 -0.829832
vn -0.684165 -0.120306 -0.719337
vn -0.795549 0.068492 -0.602006
vn -0.813684 -0.026926 -0.580683
vn -0.444336 0.765672 0.465094
vn -0.600944 0.723165 0.340439
vn -0.660667 0.592724 0.460649
vn -0.489923 0.636052 0.596166
vn -0.742373 0.642565 0.189718
vn -0.804950 0.505764 0.310255
vn 0.690544 0.600948 0.402505
vn 0.531697 0.674232 0.512551
vn 0.540366 0.538319 0.646697
vn 0.712739 0.462405 0.527432
vn 0.826667 0.494175 0.269095
vn 0.851494 0.349116 0.391249
vn -0.582572 -0.286047 0.760781
vn -0.760676 -0.178824 0.624014
vn -0.728427 -0.263344 0.632490
vn -0.545682 -0.341375 0.765307
vn -0.855886 -0.085696 0.510016
vn -0.856147 -0.196450 0.477933
vn 0.682695 -0.032884 0.729963
vn 0.507782 -0.192481 0.839707
vn 0.488766 -0.232068 0.840983
vn 0.667843 -0.114507 0.735441
vn 0.780120 0.076381 0.620949
vn 0.799765 -0.018719 0.600021
vn 0.444765 0.773501 -0.451530
vn 0.598626 0.732884 -0.323308
vn 0.663504 0.602946 -0.442966
vn 0.495568 0.644353 -0.582427
vn 0.737749 0.653544 -0.169135
vn 0.805383 0.517404 -0.289225
vn -0.688960 0.592569 -0.417368
vn -0.528415 0.668503 -0.523338
vn -0.531851 0.532022 -0.658853
vn -0.706083 0.453163 -0.544141
vn -0.826725 0.483282 -0.288036
vn -0.846521 0.337392 -0.411788
vn -0.787903 -0.268186 -0.554334
vn -0.655243 -0.161090 -0.738042
vn -0.666980 -0.240090 -0.705333
vn -0.791825 -0.323573 -0.517990
vn -0.545655 -0.065699 -0.835431
vn -0.519100 -0.170112 -0.837614
vn -0.698741 -0.040656 0.714219
vn -0.819028 -0.192329 0.540558
vn -0.818198 -0.241776 0.521629
vn -0.703216 -0.128040 0.699351
vn -0.586114 0.062999 0.807776
vn -0.562346 -0.036351 0.826103
vn 0.476299 0.759317 0.443370
vn 0.354106 0.715192 0.602586
vn 0.476900 0.582595 0.658141
vn 0.609034 0.627749 0.484777
vn 0.205958 0.634265 0.745177
vn 0.329584 0.494394 0.804332
vn 0.389651 0.608027 -0.691719
vn 0.502685 0.679448 -0.534470
vn 0.636487 0.543051 -0.547704
vn 0.513119 0.469655 -0.718424
vn 0.252830 0.503393 -0.826240
vn 0.373547 0.358561 -0.855509
vn 0.782723 -0.272606 0.559492
vn 0.651932 -0.160437 0.741111
vn 0.659825 -0.245513 0.710179
vn 0.786274 -0.327231 0.524111
vn 0.540390 -0.066562 0.838778
vn 0.510012 -0.176378 0.841890
vn 0.703522 -0.043739 -0.709326
vn 0.821093 -0.195684 -0.536204
vn 0.823589 -0.238714 -0.514505
vn 0.710789 -0.125120 -0.692188
vn 0.592279 0.063772 -0.803205
vn 0.570370 -0.032768 -0.820734
vn -0.471654 0.761834 -0.444018
vn -0.349040 0.718287 -0.601860
vn -0.470274 0.586445 -0.659488
vn -0.603790 0.630809 -0.487358
vn -0.200225 0.636745 -0.744624
vn -0.321471 0.498667 -0.804977
vn -0.394841 0.605356 0.691118
vn -0.507011 0.677262 0.533156
vn -0.641678 0.540255 0.544402
vn -0.520241 0.465692 0.715877
vn -0.259461 0.499770 0.826384
vn -0.382157 0.353527 0.853800
vn -0.571222 -0.811075 0.125947
vn -0.581730 -0.813358 -0.006148
vn -0.807702 -0.585526 -0.069113
vn -0.718023 -0.691650 0.077869
vn -0.606066 -0.422136 -0.674155
vn -0.740316 -0.273392 -0.614157
vn 0.609824 -0.510743 -0.606017
vn 0.781456 -0.514765 -0.352624
vn 0.537110 -0.843512 -0.000271
vn 0.534099 -0.837895 0.112562
vn 0.692524 -0.720225 0.041063
vn 0.884255 -0.299405 -0.358400
vn 0.822817 -0.562907 -0.078154
vn -0.865030 -0.493787 -0.088867
vn -0.855781 -0.515452 -0.044126
vn -0.864187 -0.066641 -0.498738
vn -0.752940 0.658048 -0.007350
vn -0.705987 0.705960 0.056592
vn -0.557840 0.804994 0.201987
vn -0.514372 0.854871 0.067950
vn 0.470673 0.871107 0.140140
vn 0.508639 0.786733 0.349769
vn 0.660488 0.707240 0.252124
vn 0.599955 0.794409 0.094698
vn -0.404271 0.855606 0.323269
vn -0.374137 0.917526 0.134784
vn 0.794986 0.592756 0.128988
vn 0.786507 0.617095 0.024525
vn 0.596744 -0.799617 -0.067155
vn 0.796956 -0.602343 0.045197
vn 0.591793 -0.421558 0.687073
vn 0.728075 -0.269413 0.630336
vn -0.618637 -0.518465 0.590324
vn -0.781384 -0.540067 0.312676
vn -0.541000 -0.837220 -0.079883
vn -0.888230 -0.306501 0.342206
vn 0.865973 -0.490677 0.096576
vn 0.853627 -0.059056 0.517527
vn 0.700600 0.712505 -0.038682
vn 0.553428 0.811589 -0.187191
vn -0.509925 0.782187 -0.357993
vn -0.662977 0.700222 -0.264860
vn 0.401741 0.860730 -0.312648
vn -0.798237 0.584370 -0.146044
vn 0.040022 -0.799266 0.599643
vn -0.062123 -0.594523 0.801675
vn -0.678046 -0.406542 0.612354
vn -0.612498 -0.265143 0.744678
vn -0.611671 -0.509209 -0.605446
vn -0.318105 -0.544748 -0.775925
vn 0.091028 -0.835046 -0.542598
vn -0.355355 -0.310725 -0.881574
vn -0.106336 -0.484090 0.868533
vn -0.488806 -0.064626 0.869996
vn 0.057831 0.707707 0.704135
vn 0.206876 0.803313 0.558472
vn 0.345800 0.788602 -0.508457
vn 0.246221 0.710614 -0.659092
vn 0.327241 0.854030 0.404408
vn 0.122443 0.594584 -0.794656
vn -0.079764 -0.798233 -0.597045
vn 0.027081 -0.608657 -0.792971
vn 0.663690 -0.426133 -0.614757
vn 0.602697 -0.278480 -0.747800
vn 0.617074 -0.503963 0.604352
vn 0.340625 -0.527283 0.778426
vn -0.060947 -0.833347 0.549380
vn 0.371268 -0.290841 0.881800
vn 0.077700 -0.498872 -0.863186
vn 0.487399 -0.073320 -0.870096
vn -0.069726 0.700265 -0.710470
vn -0.211579 0.800433 -0.560840
vn -0.344543 0.789674 0.507646
vn -0.244146 0.711537 0.658868
vn -0.329911 0.852227 -0.406040
vn -0.118039 0.598406 0.792450
vn 0.707391 -0.272968 -0.651986
vn 0.531407 -0.325599 -0.782044
vn 0.847416 -0.196552 -0.493207
vn -0.504097 -0.226739 -0.833352
vn -0.678859 -0.140626 -0.720677
vn -0.816808 -0.037674 -0.575679
vn -0.671594 0.560760 0.484262
vn -0.495364 0.615294 0.613210
vn -0.811390 0.486240 0.324372
vn 0.540093 0.516442 0.664521
vn 0.714632 0.428420 0.552954
vn 0.852829 0.327361 0.406839
vn -0.717608 -0.335782 0.610156
vn -0.542752 -0.388009 0.744895
vn -0.855810 -0.261479 0.446338
vn 0.497991 -0.273462 0.822936
vn 0.675305 -0.182480 0.714607
vn 0.816757 -0.077401 0.571767
vn 0.687903 0.528672 -0.497288
vn 0.513110 0.580469 -0.632277
vn 0.826176 0.453945 -0.333717
vn -0.527589 0.465928 -0.710324
vn -0.704983 0.375367 -0.601747
vn -0.846380 0.269856 -0.459149
vn -0.648503 -0.306297 -0.696869
vn -0.775144 -0.362447 -0.517479
vn -0.491086 -0.229027 -0.840465
vn -0.803260 -0.276308 0.527662
vn -0.686139 -0.191016 0.701945
vn -0.536281 -0.090608 0.839162
vn 0.528678 0.512503 0.676639
vn 0.655436 0.568446 0.497266
vn 0.371374 0.435030 0.820262
vn 0.683552 0.482319 -0.547837
vn 0.566310 0.397228 -0.722151
vn 0.416562 0.296614 -0.859358
vn 0.631549 -0.330831 0.701211
vn 0.760100 -0.386514 0.522355
vn 0.472213 -0.254380 0.843982
vn 0.799058 -0.294017 -0.524462
vn 0.683682 -0.207038 -0.699796
vn 0.534811 -0.105729 -0.838331
vn -0.533515 0.499331 -0.682664
vn -0.662542 0.554187 -0.503899
vn -0.374658 0.422059 -0.825529
vn -0.701498 0.461689 0.542902
vn -0.585649 0.375538 0.718322
vn -0.437262 0.273408 0.856767
vn -0.498793 -0.202812 -0.842658
vn -0.669841 -0.106418 -0.734839
vn -0.474681 -0.107020 -0.873627
vn -0.644242 -0.023727 -0.764454
vn 0.529207 -0.202861 -0.823886
vn 0.531653 -0.301191 -0.791599
vn 0.706425 -0.237810 -0.666641
vn 0.699922 -0.152053 -0.697846
vn 0.846181 -0.172740 -0.504121
vn 0.835542 -0.077761 -0.543896
vn -0.810036 -0.014621 -0.586198
vn -0.777815 0.076263 -0.623850
vn -0.804653 0.506721 0.309463
vn -0.662634 0.589918 0.461425
vn -0.772572 0.584183 0.248723
vn -0.637207 0.656371 0.403911
vn 0.540299 0.536804 0.648011
vn 0.713618 0.458529 0.529624
vn 0.537631 0.613449 0.578475
vn 0.706949 0.528047 0.470520
vn -0.466219 0.709285 0.528730
vn -0.490105 0.635176 0.596950
vn 0.840796 0.430157 0.328674
vn 0.851572 0.348604 0.391535
vn 0.493221 -0.251630 0.832716
vn 0.668623 -0.155557 0.727149
vn 0.471925 -0.165200 0.866023
vn 0.644914 -0.074096 0.760655
vn -0.547360 -0.277385 0.789591
vn -0.544313 -0.365825 0.754914
vn -0.718828 -0.308264 0.623104
vn -0.718505 -0.224155 0.658411
vn -0.856430 -0.239674 0.457257
vn -0.853957 -0.153474 0.497196
vn 0.811029 -0.056149 0.582304
vn 0.784109 0.026813 0.620043
vn 0.820426 0.473546 -0.320399
vn 0.681178 0.552802 -0.480006
vn 0.793339 0.547211 -0.266784
vn 0.657254 0.622004 -0.425591
vn -0.529201 0.485504 -0.695868
vn -0.706260 0.400097 -0.584054
vn -0.532521 0.558938 -0.635617
vn -0.706155 0.471946 -0.527837
vn 0.486742 0.671119 -0.559180
vn 0.508299 0.599694 -0.618061
vn -0.844723 0.366924 -0.389629
vn -0.847033 0.290023 -0.445445
vn -0.813188 -0.253745 0.523773
vn -0.699144 -0.162724 0.696218
vn -0.846580 -0.165536 0.505865
vn -0.732666 -0.080344 0.675830
vn -0.819079 -0.249788 -0.516445
vn -0.785166 -0.339593 -0.517872
vn -0.661671 -0.277507 -0.696550
vn -0.695870 -0.193048 -0.691735
vn -0.502037 -0.206602 -0.839806
vn -0.541239 -0.119291 -0.832364
vn -0.547082 -0.068636 0.834260
vn -0.585447 0.016104 0.810551
vn 0.357543 0.455233 0.815430
vn 0.510429 0.537758 0.671027
vn 0.302388 0.530267 0.792072
vn 0.455026 0.607471 0.651099
vn 0.668708 0.502377 -0.548130
vn 0.547904 0.422979 -0.721727
vn 0.607747 0.576513 -0.546146
vn 0.491824 0.494765 -0.716461
vn 0.580243 0.660765 0.476139
vn 0.640681 0.588222 0.493480
vn 0.346598 0.394869 -0.850852
vn 0.402587 0.317270 -0.858641
vn 0.808558 -0.273535 -0.520972
vn 0.695451 -0.182540 -0.695001
vn 0.840679 -0.194687 -0.505328
vn 0.728041 -0.107021 -0.677128
vn 0.802370 -0.285640 0.524035
vn 0.769697 -0.365800 0.523217
vn 0.643479 -0.305951 0.701661
vn 0.676806 -0.228683 0.699741
vn 0.482526 -0.233986 0.844049
vn 0.519295 -0.155714 0.840289
vn 0.544967 -0.085703 -0.834066
vn 0.580849 -0.009541 -0.813956
vn -0.362223 0.440745 -0.821303
vn -0.517981 0.521640 -0.677929
vn -0.313462 0.509449 -0.801376
vn -0.468201 0.587187 -0.660302
vn -0.688257 0.480289 0.543713
vn -0.569957 0.398229 0.718723
vn -0.634850 0.548418 0.544245
vn -0.519438 0.465526 0.716569
vn -0.596546 0.639374 -0.485112
vn -0.649399 0.572557 -0.500459
vn -0.375025 0.363279 0.852869
vn -0.424672 0.292467 0.856806
vn -0.583487 -0.787415 -0.198796
vn -0.707456 -0.588408 -0.391512
vn -0.438301 -0.743005 -0.505802
vn -0.490241 -0.839048 -0.235928
vn -0.768960 -0.295594 -0.566855
vn -0.642478 -0.317849 -0.697276
vn -0.736639 0.038543 -0.675187
vn -0.573203 -0.007787 -0.819376
vn -0.610239 0.372432 -0.699216
vn -0.442995 0.299104 -0.845158
vn -0.440811 0.619855 -0.649203
vn -0.292515 0.535468 -0.792281
vn 0.015745 -0.900934 -0.433671
vn -0.199936 -0.955196 -0.218235
vn -0.298103 -0.821935 -0.485342
vn -0.020059 -0.862237 -0.506107
vn -0.425349 -0.904012 0.042901
vn -0.594954 -0.690527 -0.411342
vn -0.603958 -0.738415 0.299964
vn -0.752308 -0.643218 0.142489
vn -0.708769 -0.475741 0.520880
vn -0.856041 -0.390036 0.339214
vn -0.725114 -0.205336 0.657302
vn -0.866248 -0.142262 0.478932
vn 0.405210 -0.913978 -0.021209
vn 0.187998 -0.955056 -0.229181
vn 0.465239 -0.815719 -0.343737
vn 0.499377 -0.864391 -0.058738
vn -0.080446 -0.894306 -0.440166
vn 0.012857 -0.816566 -0.577109
vn -0.343419 -0.722239 -0.600362
vn -0.209758 -0.626438 -0.750717
vn -0.566410 -0.455976 -0.686488
vn -0.407411 -0.370196 -0.834848
vn -0.699611 -0.182721 -0.690766
vn -0.540765 -0.118159 -0.832834
vn -0.240688 -0.881086 0.407133
vn -0.426711 -0.888585 0.168330
vn -0.115018 -0.989223 0.090597
vn -0.123450 -0.917041 0.379204
vn -0.593583 -0.796269 -0.116680
vn -0.473726 -0.844793 -0.248814
vn -0.695515 -0.603027 -0.390662
vn -0.529955 -0.664924 -0.526331
vn -0.713359 -0.329910 -0.618287
vn -0.532109 -0.413043 -0.739091
vn -0.656915 -0.063218 -0.751310
vn -0.488598 -0.160022 -0.857709
vn -0.500821 -0.864190 0.048513
vn -0.591438 -0.806225 0.014230
vn -0.500682 -0.860437 -0.094692
vn -0.406291 -0.913669 0.011652
vn 0.115322 -0.857256 -0.501809
vn 0.129575 -0.917176 -0.376826
vn 0.500700 -0.861493 0.084439
vn 0.590368 -0.806746 -0.025039
vn 0.619162 -0.781073 0.081014
vn -0.008900 -0.789358 0.613869
vn -0.159590 -0.852521 0.497735
vn -0.008439 -0.923300 0.383988
vn 0.007785 -0.863572 0.504166
vn 0.461552 -0.225820 -0.857890
vn 0.593233 0.021455 -0.804745
vn 0.743051 -0.067155 -0.665857
vn 0.611230 -0.336407 -0.716399
vn 0.260253 -0.491452 -0.831110
vn 0.384565 -0.612109 -0.690965
vn 0.028004 -0.706946 -0.706713
vn 0.112806 -0.807296 -0.579265
vn -0.168205 -0.901341 -0.399113
vn -0.398400 -0.894823 -0.201417
vn 0.852214 -0.163075 -0.497130
vn 0.733287 -0.419440 -0.535127
vn 0.518431 -0.675409 -0.524453
vn 0.238864 -0.857180 -0.456275
vn -0.089044 -0.991867 -0.090944
vn -0.371967 -0.923329 -0.095417
vn 0.694538 -0.511437 0.506014
vn 0.814271 -0.253163 0.522371
vn 0.692346 -0.187560 0.696762
vn 0.558916 -0.460638 0.689511
vn 0.482723 -0.760177 0.434867
vn 0.336550 -0.726143 0.599542
vn 0.210132 -0.925373 0.315484
vn 0.075052 -0.896978 0.435657
vn -0.191270 -0.956197 0.221593
vn 0.532123 -0.123668 0.837587
vn 0.398501 -0.375566 0.836748
vn 0.201467 -0.631088 0.749092
vn -0.019549 -0.819953 0.572097
vn -0.469555 -0.817227 0.334152
vn -0.506050 0.149367 0.849472
vn -0.353629 0.390347 0.850045
vn -0.491514 0.499450 0.713417
vn -0.662555 0.248208 0.706692
vn -0.632004 -0.147416 0.760815
vn -0.784662 -0.075491 0.615310
vn -0.690072 -0.430844 0.581528
vn -0.806730 -0.385273 0.448053
vn -0.730567 -0.643239 0.229162
vn -0.612601 0.574875 0.542438
vn -0.777775 0.342982 0.526716
vn -0.890169 0.036537 0.454163
vn -0.900908 -0.280621 0.331086
vn -0.818803 -0.568374 -0.080697
vn -0.619103 -0.779907 -0.091958
vn -0.739032 0.434971 -0.514425
vn -0.574665 0.664957 -0.477067
vn -0.854465 0.121306 -0.505148
vn -0.872186 -0.212430 -0.440643
vn -0.846967 0.113975 -0.519284
vn -0.857258 0.356805 -0.371212
vn -0.712825 0.480382 -0.510992
vn -0.696249 0.229440 -0.680143
vn -0.744030 -0.182207 -0.642822
vn -0.592767 -0.092425 -0.800053
vn -0.416958 -0.399372 -0.816485
vn -0.195284 -0.654685 -0.730241
vn 0.016832 -0.818589 -0.574133
vn -0.531935 0.568161 -0.627884
vn -0.506223 0.337988 -0.793412
vn -0.424265 0.034147 -0.904894
vn -0.295134 -0.280096 -0.913478
vn 0.125331 -0.560480 -0.818629
vn 0.131590 -0.777387 -0.615104
vn 0.531434 0.447809 -0.719059
vn 0.483908 0.676437 -0.555217
vn 0.652370 0.633862 -0.415490
vn 0.713068 0.388337 -0.583719
vn 0.532238 0.134739 -0.835804
vn 0.699976 0.055005 -0.712045
vn 0.474970 -0.199786 -0.857023
vn 0.599613 -0.280564 -0.749499
vn 0.428521 -0.576706 -0.695543
vn 0.231789 -0.783722 -0.576241
vn 0.791889 0.551386 -0.262459
vn 0.854519 0.317023 -0.411454
vn 0.839391 0.010628 -0.543425
vn 0.726195 -0.300974 -0.618107
vn 0.536438 -0.730507 -0.422604
vn 0.268430 -0.832217 -0.485139
vn 0.844946 -0.212531 0.490812
vn 0.782676 0.032480 0.621582
vn 0.640094 -0.059506 0.765989
vn 0.700303 -0.326812 0.634641
vn 0.830445 -0.477083 0.287668
vn 0.688033 -0.601446 0.406046
vn 0.718933 -0.693241 0.050523
vn 0.589912 -0.796941 0.129959
vn 0.422273 -0.892726 -0.157244
vn 0.229635 -0.887764 -0.398927
vn 0.469212 -0.159350 0.868590
vn 0.516227 -0.414511 0.749460
vn 0.517742 -0.669264 0.532943
vn 0.462675 -0.850448 0.250339
vn 0.118238 -0.989053 -0.088286
vn -0.521143 -0.523546 0.674025
vn -0.546688 -0.266254 0.793877
vn -0.437593 -0.769982 0.464370
vn -0.305060 -0.931889 0.196267
vn 0.497535 0.153864 -0.853689
vn 0.345377 0.395004 -0.851286
vn 0.484771 0.503161 -0.715421
vn 0.655597 0.251701 -0.711926
vn 0.624055 -0.143558 -0.768080
vn 0.778273 -0.072650 -0.623709
vn 0.683635 -0.428110 -0.591071
vn 0.801709 -0.383438 -0.458517
vn 0.727486 -0.642633 -0.240390
vn 0.607674 0.577448 -0.545239
vn 0.772748 0.345289 -0.532575
vn 0.885539 0.038312 -0.462983
vn 0.897187 -0.279573 -0.341898
vn 0.818969 -0.569677 0.068977
vn 0.744715 0.431164 0.509408
vn 0.580223 0.661536 0.475091
vn 0.448075 0.615551 0.648325
vn 0.617739 0.367663 0.695141
vn 0.859713 0.117431 0.497096
vn 0.743527 0.033790 0.667852
vn 0.876410 -0.215922 0.430445
vn 0.774383 -0.299725 0.557222
vn 0.710784 -0.591428 0.380788
vn 0.584654 -0.789163 0.188154
vn 0.301149 0.530470 0.792409
vn 0.451901 0.293644 0.842353
vn 0.581508 -0.013221 0.813433
vn 0.649206 -0.322622 0.688801
vn 0.442614 -0.746442 0.496907
vn 0.491706 -0.840938 0.225940
vn -0.453055 -0.230430 0.861187
vn -0.584996 0.017289 0.810852
vn -0.736305 -0.070338 0.672984
vn -0.604270 -0.340018 0.720587
vn -0.252331 -0.496107 0.830787
vn -0.378177 -0.615797 0.691213
vn -0.021603 -0.711099 0.702759
vn -0.107788 -0.810596 0.575601
vn 0.171262 -0.903865 0.392044
vn 0.399433 -0.896421 0.192050
vn -0.847275 -0.165142 0.504829
vn -0.728244 -0.421846 0.540098
vn -0.513782 -0.677969 0.525724
vn -0.235123 -0.859615 0.453629
vn 0.088892 -0.992477 0.084192
vn 0.371927 -0.924253 0.086181
vn -0.700215 -0.507719 -0.501916
vn -0.819827 -0.249228 -0.515528
vn -0.487956 -0.757096 -0.434400
vn -0.214345 -0.923274 -0.318780
vn 0.535317 -0.521229 -0.664647
vn 0.553989 -0.266824 -0.788607
vn 0.696522 -0.213564 -0.685017
vn 0.679957 -0.487262 -0.547937
vn 0.453765 -0.766237 -0.454948
vn 0.583298 -0.743517 -0.327027
vn 0.322432 -0.927733 -0.188013
vn 0.416874 -0.906083 -0.072314
vn 0.204022 -0.962155 0.180648
vn 0.807596 -0.169539 -0.564841
vn 0.791621 -0.425493 -0.438511
vn 0.701591 -0.669471 -0.244085
vn 0.530915 -0.847076 -0.024312
vn 0.303795 -0.824077 0.478127
vn 0.797845 0.166887 0.579304
vn 0.813776 0.403277 0.418493
vn 0.703668 0.486697 0.517665
vn 0.687032 0.231979 0.688602
vn 0.706833 -0.122013 0.696778
vn 0.589278 -0.086390 0.803298
vn 0.534672 -0.399120 0.744869
vn 0.421102 -0.386932 0.820339
vn 0.206291 -0.632756 0.746367
vn 0.562173 0.550963 0.616766
vn 0.543665 0.316792 0.777220
vn 0.461522 0.013192 0.887031
vn 0.328954 -0.298016 0.896089
vn -0.107975 -0.567542 0.816233
vn -0.118692 -0.782131 0.611705
vn -0.522907 0.441153 0.729350
vn -0.479965 0.669216 0.567260
vn -0.649834 0.625391 0.431975
vn -0.705937 0.378168 0.598867
vn -0.520769 0.131488 0.843511
vn -0.688436 0.045159 0.723890
vn -0.465256 -0.199124 0.862488
vn -0.587583 -0.289027 0.755784
vn -0.422406 -0.583123 0.693932
vn -0.238670 -0.787622 0.568057
vn -0.792227 0.541265 0.281794
vn -0.849262 0.305336 0.430724
vn -0.828241 -0.002170 0.560368
vn -0.710420 -0.314176 0.629759
vn -0.519991 -0.736926 0.431914
vn -0.260236 -0.833917 0.486683
vn -0.854642 -0.219294 -0.470636
vn -0.797515 0.026456 -0.602719
vn -0.833160 -0.484031 -0.267502
vn -0.714312 -0.699114 -0.031584
vn -0.054954 0.997288 0.048949
vn -0.339266 0.877940 0.337817
vn -0.002758 0.891753 0.452515
vn -0.009562 0.998782 0.048409
vn -0.060104 0.997083 0.047044
vn -0.060104 0.997083 0.047044
vn -0.060104 0.997083 0.047044
vn -0.060104 0.997083 0.047044
vn -0.060104 0.997083 0.047044
vn -0.060104 0.997083 0.047044
vn -0.060104 0.997083 0.047044
vn -0.046012 0.653847 0.755227
vn -0.000000 0.659824 0.751420
vn 0.048950 0.997288 0.054955
vn 0.337819 0.877939 0.339266
vn 0.452517 0.891751 0.002758
vn 0.048409 0.998782 0.009561
vn 0.047046 0.997083 0.060104
vn 0.047046 0.997083 0.060104
vn 0.047046 0.997083 0.060104
vn 0.047046 0.997083 0.060104
vn 0.047046 0.997083 0.060104
vn 0.047046 0.997083 0.060104
vn 0.047046 0.997083 0.060104
vn 0.755227 0.653846 0.046010
vn 0.751421 0.659823 -0.000000
vn 0.054954 0.997288 -0.048951
vn 0.339267 0.877938 -0.337819
vn 0.002758 0.891752 -0.452517
vn 0.009562 0.998782 -0.048410
vn 0.060104 0.997083 -0.047047
vn 0.060104 0.997083 -0.047047
vn 0.060104 0.997083 -0.047047
vn 0.060104 0.997083 -0.047047
vn 0.060104 0.997083 -0.047047
vn 0.060104 0.997083 -0.047047
vn 0.060104 0.997083 -0.047047
vn 0.046010 0.653847 -0.755227
vn -0.000000 0.659824 -0.751420
vn 0.000000 1.000000 0.000000
vn 0.000000 1.000000 0.000000
vn 0.000000 1.000000 0.000000
vn 0.000000 1.000000 0.000000
vn 0.000000 1.000000 -0.000006
vn 0.000000 1.000000 -0.000006
vn 0.000000 1.000000 -0.000006
vn 0.000000 1.000000 -0.000006
vn 0.000000 1.000000 0.000000
vn 0.000000 1.000000 0.000000
vn 0.000000 1.000000 0.000000
vn 0.000000 1.000000 0.000000
vn 0.000000 1.000000 0.000000
vn 0.000000 1.000000 0.000000
vn 0.000000 1.000000 0.000000
vn 0.000000 1.000000 0.000000
vn -0.755227 0.653847 0.046010
vn -0.452515 0.891752 -0.002758
vn -0.751420 0.659824 0.000000
vn -0.049874 0.997461 0.050825
vn -0.049874 0.997461 0.050825
vn -0.049874 0.997461 0.050825
vn -0.049874 0.997461 0.050825
vn -0.049874 0.997461 0.050825
vn -0.049874 0.997461 0.050825
vn -0.049874 0.997461 0.050825
vn -0.048409 0.998782 -0.009562
vn -0.337818 0.877939 -0.339267
vn -0.755227 0.653847 -0.046010
vn -0.047046 0.997083 -0.060103
vn -0.047046 0.997083 -0.060103
vn -0.047046 0.997083 -0.060103
vn -0.047046 0.997083 -0.060103
vn -0.047046 0.997083 -0.060103
vn -0.047046 0.997083 -0.060103
vn -0.047046 0.997083 -0.060103
vn -0.048950 0.997288 -0.054953
vn 0.050825 0.997461 0.049876
vn 0.050825 0.997461 0.049876
vn 0.050825 0.997461 0.049876
vn 0.050825 0.997461 0.049876
vn 0.050825 0.997461 0.049876
vn 0.050825 0.997461 0.049876
vn 0.050825 0.997461 0.049876
vn 0.046011 0.653847 0.755227
vn 0.049874 0.997461 -0.050826
vn 0.049874 0.997461 -0.050826
vn 0.049874 0.997461 -0.050826
vn 0.049874 0.997461 -0.050826
vn 0.049874 0.997461 -0.050826
vn 0.049874 0.997461 -0.050826
vn 0.049874 0.997461 -0.050826
vn 0.755227 0.653846 -0.046010
vn -0.050826 0.997461 -0.049874
vn -0.050826 0.997461 -0.049874
vn -0.050826 0.997461 -0.049874
vn -0.050826 0.997461 -0.049874
vn -0.050826 0.997461 -0.049874
vn -0.050826 0.997461 -0.049874
vn -0.050826 0.997461 -0.049874
vn -0.046010 0.653846 -0.755227
vn -0.984961 0.074880 0.155710
vn -0.984961 0.074880 0.155710
vn -0.984961 0.074880 0.155710
vn -0.984961 0.074880 0.155710
vn 0.071492 -0.368514 0.926869
vn 0.071492 -0.368514 0.926869
vn 0.071492 -0.368514 0.926869
vn 0.071492 -0.368514 0.926869
vn 0.155739 0.074865 0.984957
vn 0.155739 0.074865 0.984957
vn 0.155739 0.074865 0.984957
vn 0.155739 0.074865 0.984957
vn 0.926866 -0.368518 -0.071507
vn 0.926866 -0.368518 -0.071507
vn 0.926866 -0.368518 -0.071507
vn 0.926866 -0.368518 -0.071507
vn 0.984959 0.074871 -0.155727
vn 0.984959 0.074871 -0.155727
vn 0.984959 0.074871 -0.155727
vn 0.984959 0.074871 -0.155727
vn -0.071479 -0.368508 -0.926872
vn -0.071479 -0.368508 -0.926872
vn -0.071479 -0.368508 -0.926872
vn -0.071479 -0.368508 -0.926873
vn -0.155718 0.074875 -0.984960
vn -0.155718 0.074875 -0.984960
vn -0.155718 0.074875 -0.984960
vn -0.155718 0.074875 -0.984960
vn -0.926871 -0.368509 0.071489
vn -0.926871 -0.368509 0.071489
vn -0.926871 -0.368509 0.071489
vn -0.926871 -0.368509 0.071489
vn 0.000000 1.000000 0.000006
vn 0.000000 1.000000 0.000006
vn 0.000000 1.000000 0.000006
vn 0.000000 1.000000 0.000006
vn 0.000000 1.000000 0.000000
vn 0.000000 1.000000 0.000000
vn 0.000000 1.000000 0.000000
vn 0.000000 1.000000 0.000000
vn 0.000000 1.000000 0.000000
vn 0.000000 1.000000 0.000000
vn 0.000000 1.000000 0.000000
vn 0.000000 1.000000 0.000000
vn 0.000000 1.000000 0.000000
vn 0.000000 1.000000 0.000000
vn 0.000000 1.000000 0.000000
vn 0.000000 1.000000 0.000000
vn 0.000000 1.000000 -0.000019
vn 0.000000 1.000000 -0.000019
vn 0.000000 1.000000 -0.000019
vn 0.000000 1.000000 -0.000019
vn 0.000000 1.000000 0.000000
vn 0.000000 1.000000 0.000000
vn 0.000000 1.000000 0.000000
vn 0.000000 1.000000 0.000000
vn 0.000000 1.000000 -0.000006
vn 0.000000 1.000000 -0.000006
vn 0.000000 1.000000 -0.000006
vn 0.000000 1.000000 -0.000006
vn 0.000000 1.000000 0.000000
vn 0.000000 1.000000 0.000000
vn 0.000000 1.000000 0.000000
vn 0.000000 1.000000 0.000000
vn 0.000000 1.000000 0.000000
vn 0.000000 1.000000 0.000000
vn 0.000000 1.000000 0.000000
vn 0.000000 1.000000 0.000000
vn 0.000000 1.000000 0.000012
vn 0.000000 1.000000 0.000012
vn 0.000000 1.000000 0.000012
vn 0.000000 1.000000 0.000012
vn 0.000000 1.000000 0.000013
vn 0.000000 1.000000 0.000013
vn 0.000000 1.000000 0.000013
vn 0.000000 1.000000 0.000013
vn 0.000000 1.000000 -0.000013
vn 0.000000 1.000000 -0.000013
vn 0.000000 1.000000 -0.000013
vn 0.000000 1.000000 -0.000013
vn 0.085889 0.258766 -0.962114
vn 0.085889 0.258766 -0.962114
vn 0.085889 0.258766 -0.962114
vn 0.085889 0.258766 -0.962114
vn -0.450304 0.368509 0.813282
vn -0.450304 0.368509 0.813282
vn -0.450304 0.368509 0.813282
vn -0.450304 0.368509 0.813282
vn 0.946993 0.199525 0.251781
vn 0.946993 0.199525 0.251781
vn 0.946993 0.199525 0.251781
vn 0.946993 0.199525 0.251781
vn -0.965958 -0.199516 -0.164674
vn -0.965958 -0.199516 -0.164674
vn -0.965958 -0.199516 -0.164674
vn -0.965958 -0.199516 -0.164674
vn 0.831102 -0.074874 0.551057
vn 0.831102 -0.074874 0.551057
vn 0.831102 -0.074874 0.551057
vn 0.831102 -0.074874 0.551057
vn 0.321824 -0.258759 -0.910754
vn 0.321824 -0.258759 -0.910754
vn 0.321824 -0.258759 -0.910754
vn 0.321824 -0.258759 -0.910754
vn -0.962116 0.258762 -0.085880
vn -0.962116 0.258762 -0.085880
vn -0.962116 0.258762 -0.085880
vn -0.962116 0.258762 -0.085880
vn 0.813279 0.368511 0.450307
vn 0.813279 0.368511 0.450307
vn 0.813279 0.368511 0.450307
vn 0.813279 0.368511 0.450307
vn 0.251769 0.199518 -0.946998
vn 0.251769 0.199518 -0.946998
vn 0.251769 0.199518 -0.946998
vn 0.251769 0.199518 -0.946998
vn -0.164657 -0.199524 0.965960
vn -0.164657 -0.199524 0.965960
vn -0.164657 -0.199523 0.965960
vn -0.164657 -0.199524 0.965960
vn 0.551060 -0.074872 -0.831100
vn 0.551060 -0.074872 -0.831100
vn 0.551060 -0.074872 -0.831100
vn 0.551060 -0.074872 -0.831100
vn -0.910752 -0.258750 -0.321838
vn -0.910752 -0.258750 -0.321838
vn -0.910752 -0.258750 -0.321838
vn -0.910752 -0.258750 -0.321838
vn -0.085851 0.258747 0.962122
vn -0.085851 0.258747 0.962122
vn -0.085851 0.258747 0.962122
vn -0.085851 0.258747 0.962122
vn 0.450315 0.368515 -0.813273
vn 0.450315 0.368515 -0.813273
vn 0.450315 0.368515 -0.813273
vn 0.450316 0.368515 -0.813273
vn -0.946996 0.199520 -0.251773
vn -0.946996 0.199520 -0.251773
vn -0.946996 0.199520 -0.251773
vn -0.946996 0.199520 -0.251773
vn 0.965959 -0.199524 0.164659
vn 0.965959 -0.199524 0.164659
vn 0.965959 -0.199524 0.164659
vn 0.965959 -0.199524 0.164659
vn -0.831093 -0.074868 -0.551072
vn -0.831092 -0.074868 -0.551072
vn -0.831092 -0.074868 -0.551072
vn -0.831093 -0.074868 -0.551072
vn -0.321826 -0.258757 0.910754
vn -0.321826 -0.258757 0.910754
vn -0.321826 -0.258757 0.910754
vn -0.321826 -0.258757 0.910754
vn 0.962118 0.258756 0.085871
vn 0.962118 0.258756 0.085871
vn 0.962118 0.258756 0.085871
vn 0.962118 0.258756 0.085871
vn -0.813285 0.368506 -0.450300
vn -0.813285 0.368506 -0.450300
vn -0.813285 0.368506 -0.450300
vn -0.813285 0.368506 -0.450300
vn -0.251760 0.199513 0.947001
vn -0.251760 0.199513 0.947001
vn -0.251760 0.199513 0.947001
vn -0.251760 0.199513 0.947001
vn 0.164679 -0.199515 -0.965958
vn 0.164679 -0.199515 -0.965958
vn 0.164679 -0.199515 -0.965958
vn 0.164679 -0.199515 -0.965958
vn -0.551072 -0.074869 0.831092
vn -0.551072 -0.074869 0.831092
vn -0.551072 -0.074869 0.831092
vn -0.551072 -0.074869 0.831092
vn 0.910751 -0.258749 0.321841
vn 0.910751 -0.258749 0.321841
vn 0.910751 -0.258749 0.321841
vn 0.910751 -0.258749 0.321841
vn 0.000000 1.000000 0.000019
vn 0.000000 1.000000 0.000019
vn 0.000000 1.000000 0.000019
vn 0.000000 1.000000 0.000019
vn 0.000000 1.000000 0.000013
vn 0.000000 1.000000 0.000000
vn 0.000000 1.000000 -0.000000
vn 0.000000 1.000000 0.000013
vn 0.000004 1.000000 0.000000
vn 0.000004 1.000000 0.000000
vn 0.000004 1.000000 0.000000
vn 0.000004 1.000000 0.000000
vn 0.000000 1.000000 0.000013
vn 0.000000 1.000000 0.000013
vn 0.000000 1.000000 0.000013
vn 0.000000 1.000000 0.000013
vn 0.000000 1.000000 -0.000013
vn 0.000007 1.000000 -0.000006
vn 0.000007 1.000000 -0.000006
vn 0.000000 1.000000 -0.000013
vn 0.000000 1.000000 0.000000
vn 0.000000 1.000000 0.000000
vn 0.000000 1.000000 0.000000
vn 0.000000 1.000000 0.000000
vn 0.000000 1.000000 0.000000
vn 0.000000 1.000000 0.000000
vn 0.000000 1.000000 0.000000
vn 0.000000 1.000000 0.000000
vn 0.000000 1.000000 0.000000
vn 0.000000 1.000000 -0.000003
vn 0.000000 1.000000 -0.000003
vn 0.000000 1.000000 0.000000
vn -0.000004 1.000000 -0.000013
vn -0.000004 1.000000 -0.000013
vn -0.000004 1.000000 -0.000013
vn -0.000004 1.000000 -0.000013
vn 0.000000 1.000000 0.000000
vn 0.000000 1.000000 0.000000
vn 0.000000 1.000000 0.000000
vn 0.000000 1.000000 0.000000
vn 0.000000 1.000000 0.000000
vn -0.000007 1.000000 0.000000
vn -0.000007 1.000000 0.000000
vn 0.000000 1.000000 0.000000
vn 0.000000 1.000000 0.000000
vn 0.000000 1.000000 0.000000
vn 0.000000 1.000000 0.000000
vn 0.000000 1.000000 0.000000
vn 0.088890 0.010814 -0.995983
vn 0.117480 0.003026 -0.993071
vn 0.139635 -0.003031 -0.990198
vn 0.088890 0.010814 -0.995983
vn 0.831987 0.138015 -0.537354
vn 0.831987 0.138015 -0.537353
vn 0.831987 0.138015 -0.537353
vn 0.831987 0.138015 -0.537353
vn -0.715974 0.199523 -0.669008
vn -0.715974 0.199523 -0.669008
vn -0.715974 0.199523 -0.669008
vn -0.715974 0.199523 -0.669008
vn -0.895340 -0.418412 -0.152636
vn -0.895340 -0.418412 -0.152636
vn -0.895340 -0.418412 -0.152636
vn -0.895340 -0.418412 -0.152636
vn -0.449682 -0.315212 -0.835720
vn -0.449682 -0.315212 -0.835720
vn -0.449682 -0.315212 -0.835720
vn -0.449682 -0.315212 -0.835720
vn -0.713664 -0.258761 0.650942
vn -0.713664 -0.258761 0.650942
vn -0.713664 -0.258761 0.650942
vn -0.713664 -0.258761 0.650942
vn -0.995984 0.010807 -0.088878
vn -0.993071 0.003022 -0.117474
vn -0.990199 -0.003032 -0.139634
vn -0.995984 0.010807 -0.088878
vn -0.537353 0.138016 -0.831988
vn -0.537353 0.138016 -0.831988
vn -0.537353 0.138016 -0.831988
vn -0.537353 0.138016 -0.831988
vn -0.669013 0.199526 0.715969
vn -0.669013 0.199526 0.715968
vn -0.669013 0.199527 0.715969
vn -0.669013 0.199527 0.715969
vn -0.152631 -0.418414 0.895340
vn -0.152631 -0.418414 0.895340
vn -0.152631 -0.418414 0.895340
vn -0.152631 -0.418414 0.895340
vn -0.835721 -0.315211 0.449680
vn -0.835721 -0.315211 0.449680
vn -0.835721 -0.315211 0.449680
vn -0.835721 -0.315211 0.449680
vn 0.650938 -0.258756 0.713670
vn 0.650938 -0.258756 0.713670
vn 0.650938 -0.258756 0.713670
vn 0.650938 -0.258756 0.713670
vn -0.088877 0.010806 0.995984
vn -0.117479 0.003025 0.993071
vn -0.139644 -0.003026 0.990197
vn -0.088877 0.010806 0.995984
vn -0.831985 0.138011 0.537358
vn -0.831985 0.138011 0.537358
vn -0.831985 0.138011 0.537358
vn -0.831985 0.138011 0.537358
vn 0.715972 0.199524 0.669010
vn 0.715972 0.199524 0.669010
vn 0.715972 0.199524 0.669010
vn 0.715972 0.199524 0.669010
vn 0.895341 -0.418411 0.152633
vn 0.895341 -0.418411 0.152633
vn 0.895341 -0.418411 0.152633
vn 0.895341 -0.418411 0.152633
vn 0.449696 -0.315220 0.835709
vn 0.449696 -0.315220 0.835709
vn 0.449696 -0.315220 0.835709
vn 0.449696 -0.315220 0.835709
vn 0.713666 -0.258759 -0.650941
vn 0.713666 -0.258759 -0.650941
vn 0.713666 -0.258759 -0.650941
vn 0.713666 -0.258759 -0.650941
vn 0.995983 0.010808 0.088882
vn 0.993070 0.003027 0.117484
vn 0.990196 -0.003025 0.139649
vn 0.995984 0.010808 0.088882
vn 0.537349 0.138018 0.831990
vn 0.537349 0.138018 0.831990
vn 0.537349 0.138018 0.831990
vn 0.537349 0.138018 0.831990
vn 0.669010 0.199523 -0.715973
vn 0.669009 0.199523 -0.715973
vn 0.669010 0.199523 -0.715973
vn 0.669010 0.199523 -0.715973
vn 0.152619 -0.418418 -0.895340
vn 0.152619 -0.418418 -0.895340
vn 0.152619 -0.418418 -0.895340
vn 0.152619 -0.418418 -0.895340
vn 0.835712 -0.315217 -0.449692
vn 0.835712 -0.315217 -0.449692
vn 0.835713 -0.315217 -0.449692
vn 0.835712 -0.315217 -0.449692
vn -0.650937 -0.258756 -0.713671
vn -0.650937 -0.258756 -0.713671
vn -0.650937 -0.258756 -0.713671
vn -0.650937 -0.258756 -0.713671
vn -0.000013 1.000000 0.000000
vn -0.000008 1.000000 -0.000003
vn -0.000008 1.000000 -0.000003
vn -0.000013 1.000000 0.000000
vn 0.000000 1.000000 0.000000
vn -0.000007 1.000000 0.000006
vn -0.000007 1.000000 0.000006
vn 0.000000 1.000000 0.000000
vn 0.000000 1.000000 0.000000
vn 0.000000 1.000000 0.000000
vn 0.000000 1.000000 0.000000
vn 0.000000 1.000000 0.000000
vn 0.000000 1.000000 0.000006
vn 0.000000 1.000000 0.000009
vn 0.000000 1.000000 0.000009
vn 0.000000 1.000000 0.000006
vn 0.000000 1.000000 -0.000013
vn 0.000000 1.000000 -0.000013
vn 0.000000 1.000000 -0.000013
vn 0.000000 1.000000 -0.000013
vn -0.000009 1.000000 0.000013
vn -0.000009 1.000000 0.000013
vn -0.000009 1.000000 0.000013
vn -0.000009 1.000000 0.000013
vn 0.000000 1.000000 0.000000
vn 0.000000 1.000000 0.000000
vn 0.000000 1.000000 0.000000
vn 0.000000 1.000000 0.000000
vn 0.000000 1.000000 0.000006
vn 0.000000 1.000000 0.000006
vn 0.000000 1.000000 0.000006
vn 0.000000 1.000000 0.000006
vn 0.000004 1.000000 0.000025
vn 0.000004 1.000000 0.000025
vn 0.000004 1.000000 0.000025
vn 0.000004 1.000000 0.000025
vn 0.000004 1.000000 0.000006
vn -0.000005 1.000000 0.000009
vn -0.000005 1.000000 0.000009
vn 0.000004 1.000000 0.000006
vn 0.000000 1.000000 0.000000
vn 0.000000 1.000000 -0.000006
vn 0.000000 1.000000 -0.000006
vn 0.000000 1.000000 0.000000
vn 0.000000 1.000000 -0.000019
vn 0.000000 1.000000 -0.000019
vn 0.000000 1.000000 -0.000019
vn 0.000000 1.000000 -0.000019
vn 0.000000 1.000000 0.000000
vn 0.000000 1.000000 -0.000006
vn 0.000000 1.000000 -0.000006
vn 0.000000 1.000000 0.000000
vn 0.000000 1.000000 -0.000006
vn 0.000000 1.000000 -0.000006
vn 0.000000 1.000000 -0.000006
vn 0.000000 1.000000 -0.000006
vn 0.000000 1.000000 0.000000
vn 0.000000 1.000000 0.000000
vn 0.000000 1.000000 0.000000
vn 0.000000 1.000000 0.000000
vn 0.000000 1.000000 0.000006
vn 0.000000 1.000000 0.000006
vn 0.000000 1.000000 0.000006
vn 0.000000 1.000000 0.000006
vn 0.000000 1.000000 0.000000
vn 0.000000 1.000000 0.000000
vn 0.000000 1.000000 0.000000
vn 0.000000 1.000000 0.000000
vn 0.000000 1.000000 0.000000
vn 0.000000 1.000000 0.000000
vn 0.000000 1.000000 0.000000
vn 0.000000 1.000000 0.000000
vn 0.000013 1.000000 0.000000
vn 0.000008 1.000000 0.000006
vn 0.000008 1.000000 0.000006
vn 0.000013 1.000000 0.000000
vn 0.000000 1.000000 0.000000
vn 0.000007 1.000000 0.000000
vn 0.000007 1.000000 0.000000
vn 0.000000 1.000000 0.000000
vn 0.000000 1.000000 0.000013
vn 0.000000 1.000000 0.000013
vn 0.000000 1.000000 0.000013
vn 0.000000 1.000000 0.000013
vn 0.000000 1.000000 -0.000006
vn 0.000000 1.000000 -0.000003
vn 0.000000 1.000000 -0.000003
vn 0.000000 1.000000 -0.000006
vn 0.000000 1.000000 0.000000
vn 0.000000 1.000000 0.000000
vn 0.000000 1.000000 0.000000
vn 0.000000 1.000000 0.000000
vn 0.000009 1.000000 -0.000013
vn 0.000009 1.000000 -0.000013
vn 0.000009 1.000000 -0.000013
vn 0.000009 1.000000 -0.000013
vn 0.000000 1.000000 0.000000
vn 0.000000 1.000000 0.000000
vn 0.000000 1.000000 0.000000
vn 0.000000 1.000000 0.000000
vn 0.000000 1.000000 0.000000
vn 0.000000 1.000000 0.000000
vn 0.000000 1.000000 0.000000
vn 0.000000 1.000000 0.000000
vn -0.000004 1.000000 -0.000013
vn -0.000004 1.000000 -0.000013
vn -0.000004 1.000000 -0.000013
vn -0.000004 1.000000 -0.000013
vn -0.000004 1.000000 -0.000018
vn 0.000005 1.000000 -0.000003
vn 0.000005 1.000000 -0.000003
vn -0.000004 1.000000 -0.000018
vn 0.000000 1.000000 -0.000012
vn 0.000000 1.000000 -0.000006
vn 0.000000 1.000000 -0.000006
vn 0.000000 1.000000 -0.000012
vn 0.000000 1.000000 0.000000
vn 0.000000 1.000000 0.000000
vn 0.000000 1.000000 0.000000
vn 0.000000 1.000000 0.000000
vn 0.000000 1.000000 -0.000013
vn 0.000000 1.000000 0.000000
vn 0.000000 1.000000 -0.000000
vn 0.000000 1.000000 -0.000013
vn 0.000000 1.000000 -0.000006
vn 0.000000 1.000000 -0.000006
vn 0.000000 1.000000 -0.000006
vn 0.000000 1.000000 -0.000006
vn 0.000000 1.000000 0.000000
vn 0.000000 1.000000 0.000000
vn 0.000000 1.000000 0.000000
vn 0.000000 1.000000 0.000000
vn 0.000000 1.000000 0.000000
vn 0.000000 1.000000 0.000000
vn 0.000000 1.000000 0.000000
vn 0.000000 1.000000 0.000000
vn 0.000000 1.000000 0.000000
vn 0.000000 1.000000 0.000000
vn 0.000000 1.000000 0.000000
vn 0.000000 1.000000 0.000000
vn 0.000000 1.000000 0.000000
vn 0.000000 1.000000 0.000000
vn 0.000000 1.000000 0.000000
vn 0.000000 1.000000 0.000000
vn 0.780904 0.368507 -0.504372
vn 0.780904 0.368507 -0.504372
vn 0.780904 0.368507 -0.504372
vn 0.780904 0.368507 -0.504372
vn -0.663633 0.418417 -0.620096
vn -0.663633 0.418417 -0.620096
vn -0.663633 0.418417 -0.620096
vn -0.663633 0.418417 -0.620096
vn -0.937377 0.315224 0.148184
vn -0.937377 0.315224 0.148184
vn -0.937377 0.315224 0.148184
vn -0.937377 0.315224 0.148184
vn 0.877760 0.418416 0.233379
vn 0.877760 0.418416 0.233379
vn 0.877760 0.418416 0.233379
vn 0.877760 0.418416 0.233379
vn 0.756381 0.315221 -0.573170
vn 0.756381 0.315221 -0.573170
vn 0.756381 0.315221 -0.573170
vn 0.756381 0.315221 -0.573170
vn 0.378493 0.258762 0.888699
vn 0.378492 0.258762 0.888699
vn 0.378492 0.258762 0.888699
vn 0.378492 0.258762 0.888699
vn 0.794784 0.074879 -0.602255
vn 0.794784 0.074879 -0.602255
vn 0.794784 0.074879 -0.602255
vn 0.794784 0.074879 -0.602255
vn 0.391838 0.010807 0.919971
vn 0.365247 0.003027 0.930906
vn 0.344349 -0.003024 0.938837
vn 0.391838 0.010807 0.919971
vn -0.479765 0.138016 0.866474
vn -0.479765 0.138016 0.866474
vn -0.479765 0.138016 0.866474
vn -0.479765 0.138016 0.866474
vn -0.472498 -0.074867 -0.878146
vn -0.472498 -0.074867 -0.878146
vn -0.472498 -0.074867 -0.878146
vn -0.472498 -0.074867 -0.878146
vn -0.738785 -0.010815 0.673855
vn -0.719153 -0.003028 0.694845
vn -0.703450 0.003028 0.710739
vn -0.738785 -0.010815 0.673855
vn 0.076162 -0.138010 0.987498
vn 0.076162 -0.138010 0.987498
vn 0.076162 -0.138010 0.987498
vn 0.076162 -0.138010 0.987498
vn 0.333160 -0.010814 -0.942808
vn 0.305945 -0.003027 -0.952044
vn 0.284599 0.003028 -0.958642
vn 0.333160 -0.010814 -0.942808
vn -0.533327 -0.138017 -0.834574
vn -0.533327 -0.138017 -0.834574
vn -0.533327 -0.138017 -0.834574
vn -0.533327 -0.138017 -0.834574
vn 0.929285 -0.199516 -0.310842
vn 0.929285 -0.199516 -0.310842
vn 0.929285 -0.199516 -0.310842
vn 0.929285 -0.199516 -0.310842
vn -0.500595 -0.368526 -0.783322
vn -0.500595 -0.368526 -0.783322
vn -0.500595 -0.368526 -0.783322
vn -0.500595 -0.368526 -0.783322
vn 0.861326 -0.418431 -0.288154
vn 0.861326 -0.418431 -0.288154
vn 0.861326 -0.418431 -0.288154
vn 0.861326 -0.418431 -0.288154
vn 0.790950 -0.315216 0.524440
vn 0.790950 -0.315216 0.524440
vn 0.790950 -0.315216 0.524440
vn 0.790950 -0.315216 0.524440
vn -0.504381 0.368504 -0.780900
vn -0.504381 0.368504 -0.780900
vn -0.504381 0.368504 -0.780900
vn -0.504381 0.368504 -0.780900
vn -0.620102 0.418421 0.663624
vn -0.620102 0.418421 0.663624
vn -0.620102 0.418421 0.663624
vn -0.620102 0.418421 0.663624
vn 0.148203 0.315216 0.937377
vn 0.148203 0.315216 0.937377
vn 0.148203 0.315216 0.937377
vn 0.148203 0.315216 0.937377
vn 0.233366 0.418405 -0.877769
vn 0.233366 0.418405 -0.877769
vn 0.233366 0.418405 -0.877769
vn 0.233366 0.418405 -0.877769
vn -0.573169 0.315219 -0.756382
vn -0.573169 0.315219 -0.756382
vn -0.573169 0.315219 -0.756382
vn -0.573169 0.315219 -0.756382
vn 0.888698 0.258759 -0.378497
vn 0.888698 0.258759 -0.378497
vn 0.888698 0.258759 -0.378497
vn 0.888698 0.258759 -0.378497
vn -0.602272 0.074867 -0.794773
vn -0.602272 0.074867 -0.794773
vn -0.602272 0.074867 -0.794773
vn -0.602272 0.074867 -0.794773
vn 0.919983 0.010822 -0.391808
vn 0.930909 0.003028 -0.365237
vn 0.938834 -0.003032 -0.344357
vn 0.919983 0.010822 -0.391808
vn 0.866484 0.138005 0.479750
vn 0.866484 0.138005 0.479750
vn 0.866484 0.138005 0.479750
vn 0.866484 0.138005 0.479750
vn -0.878147 -0.074867 0.472497
vn -0.878147 -0.074867 0.472497
vn -0.878147 -0.074867 0.472497
vn -0.878147 -0.074867 0.472497
vn 0.673849 -0.010808 0.738790
vn 0.694844 -0.003025 0.719154
vn 0.710742 0.003028 0.703447
vn 0.673849 -0.010808 0.738790
vn 0.987496 -0.138015 -0.076174
vn 0.987496 -0.138015 -0.076174
vn 0.987496 -0.138015 -0.076174
vn 0.987496 -0.138015 -0.076174
vn -0.942810 -0.010817 -0.333155
vn -0.952043 -0.003025 -0.305948
vn -0.958639 0.003035 -0.284610
vn -0.942810 -0.010817 -0.333155
vn -0.834581 -0.138006 0.533318
vn -0.834581 -0.138006 0.533318
vn -0.834581 -0.138006 0.533318
vn -0.834581 -0.138006 0.533318
vn -0.310856 -0.199521 -0.929279
vn -0.310856 -0.199521 -0.929279
vn -0.310856 -0.199521 -0.929279
vn -0.310856 -0.199521 -0.929279
vn -0.783325 -0.368521 0.500593
vn -0.783325 -0.368521 0.500593
vn -0.783325 -0.368521 0.500593
vn -0.783325 -0.368521 0.500593
vn -0.288145 -0.418422 -0.861333
vn -0.288145 -0.418422 -0.861333
vn -0.288145 -0.418422 -0.861333
vn -0.288145 -0.418422 -0.861333
vn 0.524446 -0.315208 -0.790949
vn 0.524446 -0.315208 -0.790949
vn 0.524446 -0.315208 -0.790949
vn 0.524446 -0.315208 -0.790949
vn -0.780907 0.368510 0.504366
vn -0.780907 0.368510 0.504366
vn -0.780907 0.368510 0.504366
vn -0.780907 0.368510 0.504366
vn 0.663634 0.418415 0.620095
vn 0.663635 0.418415 0.620095
vn 0.663634 0.418415 0.620095
vn 0.663634 0.418415 0.620095
vn 0.937377 0.315215 -0.148203
vn 0.937377 0.315215 -0.148203
vn 0.937377 0.315215 -0.148203
vn 0.937377 0.315215 -0.148203
vn -0.877765 0.418411 -0.233369
vn -0.877765 0.418411 -0.233369
vn -0.877765 0.418411 -0.233369
vn -0.877765 0.418411 -0.233369
vn -0.756382 0.315221 0.573169
vn -0.756382 0.315221 0.573169
vn -0.756382 0.315221 0.573169
vn -0.756382 0.315221 0.573169
vn -0.378500 0.258762 -0.888696
vn -0.378500 0.258762 -0.888696
vn -0.378500 0.258762 -0.888696
vn -0.378500 0.258762 -0.888696
vn -0.794771 0.074872 0.602273
vn -0.794771 0.074872 0.602273
vn -0.794771 0.074872 0.602273
vn -0.794771 0.074872 0.602273
vn -0.391827 0.010813 -0.919975
vn -0.365245 0.003027 -0.930907
vn -0.344355 -0.003029 -0.938835
vn -0.391827 0.010813 -0.919975
vn 0.479779 0.138024 -0.866465
vn 0.479779 0.138024 -0.866465
vn 0.479779 0.138024 -0.866465
vn 0.479779 0.138024 -0.866465
vn 0.472505 -0.074871 0.878142
vn 0.472505 -0.074871 0.878142
vn 0.472505 -0.074871 0.878142
vn 0.472505 -0.074871 0.878142
vn 0.738789 -0.010810 -0.673850
vn 0.719155 -0.003025 -0.694843
vn 0.703451 0.003029 -0.710737
vn 0.738789 -0.010810 -0.673850
vn -0.076174 -0.138015 -0.987497
vn -0.076174 -0.138015 -0.987496
vn -0.076174 -0.138015 -0.987496
vn -0.076174 -0.138015 -0.987496
vn -0.333182 -0.010805 0.942801
vn -0.305954 -0.003025 0.952042
vn -0.284598 0.003025 0.958642
vn -0.333182 -0.010805 0.942801
vn 0.533343 -0.138028 0.834562
vn 0.533343 -0.138028 0.834562
vn 0.533343 -0.138028 0.834562
vn 0.533343 -0.138028 0.834562
vn -0.929284 -0.199517 0.310845
vn -0.929284 -0.199517 0.310845
vn -0.929283 -0.199517 0.310845
vn -0.929284 -0.199517 0.310845
vn 0.500594 -0.368525 0.783323
vn 0.500594 -0.368525 0.783323
vn 0.500594 -0.368525 0.783323
vn 0.500594 -0.368525 0.783323
vn -0.861328 -0.418429 0.288152
vn -0.861328 -0.418429 0.288152
vn -0.861328 -0.418429 0.288152
vn -0.861328 -0.418429 0.288152
vn -0.790950 -0.315218 -0.524438
vn -0.790950 -0.315218 -0.524438
vn -0.790950 -0.315218 -0.524438
vn -0.790950 -0.315218 -0.524438
vn 0.504368 0.368510 0.780905
vn 0.504368 0.368510 0.780905
vn 0.504368 0.368510 0.780905
vn 0.504368 0.368510 0.780905
vn 0.620097 0.418418 -0.663631
vn 0.620097 0.418418 -0.663631
vn 0.620097 0.418418 -0.663631
vn 0.620097 0.418418 -0.663631
vn -0.148194 0.315218 -0.937377
vn -0.148194 0.315218 -0.937377
vn -0.148194 0.315218 -0.937377
vn -0.148194 0.315218 -0.937377
vn -0.233370 0.418410 0.877765
vn -0.233370 0.418410 0.877765
vn -0.233370 0.418411 0.877765
vn -0.233370 0.418410 0.877765
vn 0.573178 0.315217 0.756377
vn 0.573178 0.315217 0.756377
vn 0.573178 0.315217 0.756377
vn 0.573178 0.315217 0.756377
vn -0.888696 0.258757 0.378503
vn -0.888696 0.258757 0.378503
vn -0.888696 0.258757 0.378503
vn -0.888696 0.258757 0.378503
vn 0.602276 0.074867 0.794769
vn 0.602276 0.074867 0.794769
vn 0.602276 0.074867 0.794769
vn 0.602276 0.074867 0.794769
vn -0.919973 0.010809 0.391832
vn -0.930907 0.003026 0.365243
vn -0.938837 -0.003026 0.344347
vn -0.919973 0.010809 0.391832
vn -0.866477 0.138014 -0.479761
vn -0.866477 0.138014 -0.479761
vn -0.866477 0.138014 -0.479761
vn -0.866477 0.138014 -0.479761
vn 0.878141 -0.074872 -0.472506
vn 0.878141 -0.074872 -0.472506
vn 0.878141 -0.074872 -0.472506
vn 0.878141 -0.074872 -0.472506
vn -0.673862 -0.010818 -0.738778
vn -0.694849 -0.003030 -0.719149
vn -0.710741 0.003027 -0.703447
vn -0.673862 -0.010818 -0.738779
vn -0.987498 -0.138011 0.076167
vn -0.987498 -0.138011 0.076167
vn -0.987498 -0.138011 0.076167
vn -0.987498 -0.138011 0.076167
vn 0.942801 -0.010801 0.333181
vn 0.952041 -0.003019 0.305956
vn 0.958641 0.003032 0.284603
vn 0.942801 -0.010801 0.333181
vn 0.834576 -0.138013 -0.533325
vn 0.834576 -0.138013 -0.533325
vn 0.834576 -0.138013 -0.533325
vn 0.834576 -0.138013 -0.533325
vn 0.310837 -0.199512 0.929288
vn 0.310837 -0.199512 0.929288
vn 0.310837 -0.199512 0.929288
vn 0.310837 -0.199512 0.929288
vn 0.783319 -0.368527 -0.500600
vn 0.783319 -0.368527 -0.500600
vn 0.783319 -0.368527 -0.500600
vn 0.783319 -0.368527 -0.500600
vn 0.288146 -0.418424 0.861332
vn 0.288146 -0.418424 0.861332
vn 0.288146 -0.418424 0.861332
vn 0.288146 -0.418424 0.861332
vn -0.524445 -0.315211 0.790948
vn -0.524445 -0.315211 0.790948
vn -0.524445 -0.315211 0.790948
vn -0.524445 -0.315211 0.790948
vn 0.000000 1.000000 0.000000
vn 0.000000 1.000000 0.000000
vn 0.000000 1.000000 0.000000
vn 0.000000 1.000000 0.000000
vn 0.000000 1.000000 0.000000
vn 0.000000 1.000000 0.000000
vn 0.000000 1.000000 0.000000
vn 0.000000 1.000000 0.000000
vn 0.000000 1.000000 -0.000006
vn 0.000000 1.000000 -0.000006
vn 0.000000 1.000000 -0.000006
vn 0.000000 1.000000 -0.000006
vn 0.000000 1.000000 0.000000
vn 0.000000 1.000000 0.000000
vn 0.000000 1.000000 0.000000
vn 0.000000 1.000000 0.000000
vn 0.000000 1.000000 0.000006
vn 0.000000 1.000000 0.000006
vn 0.000000 1.000000 0.000006
vn 0.000000 1.000000 0.000006
vn 0.000000 1.000000 0.000000
vn 0.000000 1.000000 0.000000
vn 0.000000 1.000000 0.000000
vn 0.000000 1.000000 0.000000
vn 0.000000 1.000000 -0.000006
vn 0.000000 1.000000 -0.000006
vn 0.000000 1.000000 -0.000006
vn 0.000000 1.000000 -0.000006
vn 0.000000 1.000000 0.000013
vn 0.000000 1.000000 0.000013
vn 0.000000 1.000000 0.000013
vn 0.000000 1.000000 0.000013
vn 0.000000 1.000000 -0.000013
vn 0.000000 1.000000 -0.000013
vn 0.000000 1.000000 -0.000013
vn 0.000000 1.000000 -0.000013
vn 0.000000 1.000000 0.000000
vn 0.000000 1.000000 0.000000
vn 0.000000 1.000000 0.000000
vn 0.000000 1.000000 0.000000
vn 0.000000 1.000000 0.000000
vn 0.000000 1.000000 0.000000
vn 0.000000 1.000000 0.000000
vn 0.000000 1.000000 0.000000
vn 0.000000 1.000000 0.000000
vn 0.000000 1.000000 0.000000
vn 0.000000 1.000000 0.000000
vn 0.000000 1.000000 0.000000
vn -0.987671 0.010809 0.156167
vn -0.991806 0.003025 0.127719
vn -0.994412 -0.003028 0.105525
vn -0.987671 0.010809 0.156167
vn -0.730622 0.010816 -0.682696
vn -0.730622 0.010816 -0.682696
vn -0.728601 0.074881 -0.680833
vn -0.728601 0.074881 -0.680833
vn -0.728601 0.074881 -0.680833
vn -0.728601 0.074881 -0.680833
vn 0.069845 -0.418413 0.905567
vn 0.069845 -0.418413 0.905567
vn 0.069845 -0.418413 0.905567
vn 0.069845 -0.418413 0.905567
vn -0.671047 -0.418417 0.612065
vn -0.671047 -0.418417 0.612065
vn -0.671047 -0.418417 0.612065
vn -0.671047 -0.418417 0.612065
vn -0.686815 -0.368526 0.626477
vn -0.686815 -0.368526 0.626477
vn -0.686815 -0.368526 0.626477
vn -0.686815 -0.368526 0.626477
vn 0.156150 0.010818 0.987674
vn 0.127711 0.003030 0.991807
vn 0.105523 -0.003027 0.994412
vn 0.156150 0.010818 0.987674
vn -0.682697 0.010815 0.730621
vn -0.682697 0.010815 0.730621
vn -0.680820 0.074872 0.728614
vn -0.680820 0.074872 0.728614
vn -0.680820 0.074872 0.728614
vn -0.680820 0.074872 0.728614
vn 0.905567 -0.418413 -0.069848
vn 0.905567 -0.418413 -0.069848
vn 0.905567 -0.418413 -0.069848
vn 0.905567 -0.418413 -0.069848
vn 0.612068 -0.418419 0.671043
vn 0.612068 -0.418419 0.671043
vn 0.612068 -0.418419 0.671043
vn 0.612068 -0.418419 0.671043
vn 0.626482 -0.368528 0.686809
vn 0.626482 -0.368528 0.686809
vn 0.626482 -0.368528 0.686809
vn 0.626482 -0.368528 0.686809
vn 0.987670 0.010805 -0.156175
vn 0.991805 0.003024 -0.127721
vn 0.994412 -0.003026 -0.105522
vn 0.987670 0.010805 -0.156175
vn 0.730629 0.010810 0.682689
vn 0.730629 0.010810 0.682689
vn 0.728606 0.074879 0.680828
vn 0.728606 0.074879 0.680828
vn 0.728606 0.074879 0.680828
vn 0.728606 0.074879 0.680828
vn -0.069842 -0.418409 -0.905569
vn -0.069842 -0.418409 -0.905569
vn -0.069842 -0.418409 -0.905569
vn -0.069842 -0.418409 -0.905569
vn 0.671046 -0.418417 -0.612066
vn 0.671046 -0.418417 -0.612066
vn 0.671046 -0.418417 -0.612066
vn 0.671046 -0.418417 -0.612066
vn 0.686817 -0.368524 -0.626476
vn 0.686817 -0.368524 -0.626476
vn 0.686817 -0.368524 -0.626476
vn 0.686817 -0.368524 -0.626476
vn -0.156169 0.010807 -0.987671
vn -0.127721 0.003024 -0.991806
vn -0.105525 -0.003029 -0.994412
vn -0.156169 0.010807 -0.987671
vn 0.682697 0.010815 -0.730622
vn 0.682697 0.010815 -0.730622
vn 0.680824 0.074877 -0.728610
vn 0.680824 0.074877 -0.728610
vn 0.680824 0.074877 -0.728610
vn 0.680824 0.074877 -0.728610
vn -0.905567 -0.418414 0.069846
vn -0.905567 -0.418414 0.069846
vn -0.905567 -0.418414 0.069846
vn -0.905567 -0.418414 0.069846
vn -0.612065 -0.418414 -0.671049
vn -0.612065 -0.418414 -0.671049
vn -0.612065 -0.418414 -0.671049
vn -0.612065 -0.418414 -0.671049
vn -0.626483 -0.368528 -0.686809
vn -0.626483 -0.368528 -0.686809
vn -0.626483 -0.368528 -0.686809
vn -0.626483 -0.368528 -0.686809
vn 0.000013 1.000000 -0.000012
vn 0.000015 1.000000 0.000003
vn 0.000015 1.000000 0.000003
vn 0.000013 1.000000 -0.000012
vn 0.000000 1.000000 -0.000012
vn 0.000000 1.000000 -0.000012
vn 0.000000 1.000000 -0.000012
vn 0.000000 1.000000 -0.000012
vn 0.000000 1.000000 -0.000012
vn 0.000000 1.000000 -0.000012
vn -0.000017 1.000000 -0.000012
vn -0.000009 1.000000 -0.000000
vn -0.000009 1.000000 -0.000000
vn -0.000017 1.000000 -0.000012
vn -0.000013 1.000000 0.000000
vn -0.000013 1.000000 0.000000
vn -0.000009 1.000000 0.000031
vn -0.000009 1.000000 0.000031
vn -0.000009 1.000000 0.000031
vn -0.000009 1.000000 0.000031
vn 0.000000 1.000000 0.000000
vn 0.000000 1.000000 0.000000
vn 0.000000 1.000000 0.000000
vn 0.000000 1.000000 0.000000
vn 0.000000 1.000000 0.000019
vn 0.000000 1.000000 0.000019
vn 0.000000 1.000000 0.000019
vn 0.000000 1.000000 0.000019
vn 0.000000 1.000000 -0.000013
vn 0.000000 1.000000 -0.000013
vn 0.000000 1.000000 -0.000013
vn 0.000000 1.000000 -0.000013
vn 0.000014 1.000000 -0.000006
vn 0.000013 1.000000 -0.000009
vn 0.000013 1.000000 -0.000009
vn 0.000014 1.000000 -0.000006
vn 0.000013 1.000000 0.000000
vn 0.000013 1.000000 0.000000
vn 0.000013 1.000000 -0.000019
vn 0.000013 1.000000 -0.000019
vn 0.000013 1.000000 -0.000019
vn 0.000013 1.000000 -0.000019
vn 0.000000 1.000000 0.000000
vn 0.000007 1.000000 -0.000003
vn 0.000007 1.000000 -0.000003
vn 0.000000 1.000000 0.000000
vn 0.000000 1.000000 -0.000013
vn 0.000000 1.000000 -0.000013
vn 0.000000 1.000000 0.000000
vn 0.000000 1.000000 0.000000
vn 0.000000 1.000000 0.000000
vn 0.000000 1.000000 0.000000
vn 0.000000 1.000000 0.000006
vn 0.000000 1.000000 0.000006
vn 0.000000 1.000000 0.000006
vn 0.000000 1.000000 0.000006
vn 0.000000 1.000000 -0.000013
vn 0.000000 1.000000 -0.000013
vn 0.000000 1.000000 -0.000013
vn 0.000000 1.000000 -0.000013
vn 0.000000 1.000000 0.000006
vn 0.000000 1.000000 0.000006
vn 0.000000 1.000000 0.000006
vn 0.000000 1.000000 0.000006
vn -0.000013 1.000000 0.000012
vn -0.000015 1.000000 -0.000000
vn -0.000015 1.000000 0.000000
vn -0.000013 1.000000 0.000012
vn 0.000000 1.000000 0.000000
vn 0.000000 1.000000 0.000000
vn 0.000000 1.000000 0.000000
vn 0.000000 1.000000 0.000000
vn 0.000000 1.000000 0.000000
vn 0.000000 1.000000 0.000000
vn 0.000017 1.000000 0.000006
vn 0.000009 1.000000 0.000003
vn 0.000009 1.000000 0.000003
vn 0.000017 1.000000 0.000006
vn 0.000013 1.000000 0.000000
vn 0.000013 1.000000 0.000000
vn 0.000009 1.000000 0.000000
vn 0.000009 1.000000 0.000000
vn 0.000009 1.000000 0.000000
vn 0.000009 1.000000 0.000000
vn 0.000000 1.000000 0.000000
vn 0.000000 1.000000 0.000000
vn 0.000000 1.000000 0.000000
vn 0.000000 1.000000 0.000000
vn 0.000000 1.000000 -0.000006
vn 0.000000 1.000000 -0.000006
vn 0.000000 1.000000 -0.000006
vn 0.000000 1.000000 -0.000006
vn 0.000000 1.000000 0.000000
vn 0.000000 1.000000 0.000000
vn 0.000000 1.000000 0.000000
vn 0.000000 1.000000 0.000000
vn -0.000014 1.000000 0.000000
vn -0.000013 1.000000 0.000000
vn -0.000013 1.000000 0.000000
vn -0.000014 1.000000 0.000000
vn -0.000013 1.000000 0.000012
vn -0.000013 1.000000 0.000012
vn -0.000013 1.000000 -0.000012
vn -0.000013 1.000000 -0.000012
vn -0.000013 1.000000 -0.000012
vn -0.000013 1.000000 -0.000012
vn 0.000000 1.000000 0.000000
vn -0.000007 1.000000 -0.000003
vn -0.000007 1.000000 -0.000003
vn 0.000000 1.000000 0.000000
vn 0.000000 1.000000 -0.000006
vn 0.000000 1.000000 -0.000006
vn 0.000000 1.000000 -0.000013
vn 0.000000 1.000000 -0.000013
vn 0.000000 1.000000 -0.000013
vn 0.000000 1.000000 -0.000013
vn 0.000000 1.000000 0.000000
vn 0.000000 1.000000 0.000000
vn 0.000000 1.000000 0.000000
vn 0.000000 1.000000 0.000000
vn 0.000000 1.000000 0.000000
vn 0.000000 1.000000 0.000000
vn 0.000000 1.000000 0.000000
vn 0.000000 1.000000 0.000000
vn 0.000000 1.000000 0.000006
vn 0.000000 1.000000 0.000006
vn 0.000000 1.000000 0.000006
vn 0.000000 1.000000 0.000006
vn 0.811419 0.258759 -0.524065
vn 0.811419 0.258759 -0.524065
vn 0.811419 0.258759 -0.524065
vn 0.811419 0.258759 -0.524065
vn 0.797200 0.315210 -0.514892
vn 0.797200 0.315210 -0.514892
vn 0.797200 0.315210 -0.514892
vn 0.797200 0.315210 -0.514893
vn 0.084360 0.315211 -0.945265
vn 0.084360 0.315211 -0.945265
vn 0.084360 0.315211 -0.945265
vn 0.084360 0.315211 -0.945265
vn -0.439960 0.418410 0.794587
vn -0.439960 0.418410 0.794587
vn -0.439960 0.418410 0.794587
vn -0.439960 0.418410 0.794587
vn 0.355894 0.418418 0.835623
vn 0.355894 0.418418 0.835623
vn 0.355894 0.418418 0.835623
vn 0.355894 0.418418 0.835623
vn 0.364259 0.368520 0.855283
vn 0.364258 0.368520 0.855283
vn 0.364258 0.368520 0.855283
vn 0.364259 0.368520 0.855283
vn 0.780991 0.199528 -0.591812
vn 0.780991 0.199528 -0.591812
vn 0.780991 0.199528 -0.591812
vn 0.780991 0.199528 -0.591812
vn 0.789383 0.138015 -0.598185
vn 0.789383 0.138015 -0.598185
vn 0.789383 0.138015 -0.598185
vn 0.789383 0.138015 -0.598185
vn 0.957180 0.138015 0.254478
vn 0.957180 0.138015 0.254477
vn 0.957180 0.138015 0.254478
vn 0.957180 0.138015 0.254478
vn -0.464302 -0.199515 -0.862912
vn -0.464302 -0.199515 -0.862912
vn -0.464302 -0.199515 -0.862912
vn -0.464302 -0.199515 -0.862912
vn -0.469305 -0.138017 -0.872184
vn -0.469305 -0.138017 -0.872184
vn -0.469305 -0.138017 -0.872184
vn -0.469305 -0.138017 -0.872184
vn -0.976346 -0.138013 -0.166436
vn -0.976346 -0.138013 -0.166436
vn -0.976346 -0.138013 -0.166436
vn -0.976346 -0.138013 -0.166436
vn 0.833393 -0.010820 0.552575
vn 0.848969 -0.003027 0.528435
vn 0.860558 0.003033 0.509344
vn 0.833393 -0.010820 0.552575
vn 0.948287 -0.010826 -0.317229
vn 0.948287 -0.010826 -0.317229
vn 0.945684 -0.074875 -0.316346
vn 0.945684 -0.074875 -0.316346
vn 0.945684 -0.074876 -0.316346
vn 0.945684 -0.074876 -0.316346
vn -0.520155 -0.258771 -0.813926
vn -0.520155 -0.258771 -0.813926
vn -0.520155 -0.258771 -0.813926
vn -0.520155 -0.258771 -0.813926
vn -0.511027 -0.315216 -0.799681
vn -0.511027 -0.315216 -0.799681
vn -0.511027 -0.315216 -0.799681
vn -0.511027 -0.315216 -0.799681
vn 0.316195 -0.315209 -0.894798
vn 0.316195 -0.315209 -0.894798
vn 0.316195 -0.315209 -0.894798
vn 0.316195 -0.315209 -0.894798
vn -0.524065 0.258758 -0.811418
vn -0.524066 0.258758 -0.811418
vn -0.524065 0.258758 -0.811418
vn -0.524065 0.258758 -0.811418
vn -0.514889 0.315212 -0.797202
vn -0.514889 0.315212 -0.797202
vn -0.514889 0.315212 -0.797202
vn -0.514889 0.315212 -0.797202
vn -0.945264 0.315212 -0.084360
vn -0.945264 0.315212 -0.084360
vn -0.945264 0.315212 -0.084360
vn -0.945264 0.315212 -0.084360
vn 0.794589 0.418411 0.439956
vn 0.794589 0.418411 0.439956
vn 0.794589 0.418411 0.439956
vn 0.794589 0.418411 0.439956
vn 0.835624 0.418420 -0.355889
vn 0.835624 0.418420 -0.355889
vn 0.835624 0.418420 -0.355889
vn 0.835624 0.418420 -0.355889
vn 0.855279 0.368515 -0.364272
vn 0.855279 0.368515 -0.364272
vn 0.855279 0.368515 -0.364272
vn 0.855279 0.368515 -0.364272
vn -0.591809 0.199529 -0.780993
vn -0.591809 0.199529 -0.780993
vn -0.591809 0.199529 -0.780994
vn -0.591809 0.199529 -0.780994
vn -0.598182 0.138016 -0.789386
vn -0.598182 0.138016 -0.789386
vn -0.598182 0.138016 -0.789386
vn -0.598182 0.138016 -0.789386
vn 0.254485 0.138019 -0.957177
vn 0.254485 0.138019 -0.957177
vn 0.254485 0.138019 -0.957177
vn 0.254485 0.138019 -0.957177
vn -0.862913 -0.199514 0.464301
vn -0.862913 -0.199514 0.464301
vn -0.862913 -0.199514 0.464301
vn -0.862913 -0.199514 0.464301
vn -0.872179 -0.138022 0.469312
vn -0.872179 -0.138022 0.469313
vn -0.872179 -0.138022 0.469313
vn -0.872179 -0.138022 0.469313
vn -0.166441 -0.138012 0.976345
vn -0.166441 -0.138012 0.976345
vn -0.166441 -0.138012 0.976345
vn -0.166441 -0.138012 0.976345
vn 0.552589 -0.010809 -0.833384
vn 0.528436 -0.003025 -0.848968
vn 0.509335 0.003029 -0.860563
vn 0.552589 -0.010809 -0.833384
vn -0.317213 -0.010815 -0.948293
vn -0.317213 -0.010815 -0.948292
vn -0.316342 -0.074873 -0.945686
vn -0.316342 -0.074873 -0.945686
vn -0.316343 -0.074873 -0.945686
vn -0.316343 -0.074873 -0.945686
vn -0.813936 -0.258760 0.520145
vn -0.813936 -0.258760 0.520145
vn -0.813936 -0.258760 0.520145
vn -0.813936 -0.258760 0.520145
vn -0.799679 -0.315216 0.511031
vn -0.799679 -0.315216 0.511031
vn -0.799679 -0.315216 0.511031
vn -0.799679 -0.315216 0.511031
vn -0.894800 -0.315209 -0.316190
vn -0.894800 -0.315209 -0.316190
vn -0.894800 -0.315209 -0.316190
vn -0.894800 -0.315209 -0.316190
vn -0.811409 0.258747 0.524085
vn -0.811409 0.258747 0.524085
vn -0.811409 0.258747 0.524085
vn -0.811409 0.258747 0.524085
vn -0.797207 0.315216 0.514879
vn -0.797207 0.315216 0.514879
vn -0.797207 0.315216 0.514879
vn -0.797207 0.315216 0.514879
vn -0.084374 0.315218 0.945261
vn -0.084374 0.315218 0.945261
vn -0.084374 0.315218 0.945261
vn -0.084374 0.315218 0.945261
vn 0.439938 0.418398 -0.794605
vn 0.439938 0.418398 -0.794605
vn 0.439938 0.418398 -0.794605
vn 0.439938 0.418398 -0.794605
vn -0.355899 0.418416 -0.835622
vn -0.355899 0.418416 -0.835622
vn -0.355899 0.418416 -0.835622
vn -0.355899 0.418416 -0.835622
vn -0.364267 0.368517 -0.855281
vn -0.364267 0.368517 -0.855281
vn -0.364267 0.368517 -0.855281
vn -0.364267 0.368517 -0.855281
vn -0.780992 0.199529 0.591811
vn -0.780992 0.199529 0.591811
vn -0.780992 0.199529 0.591811
vn -0.780992 0.199529 0.591811
vn -0.789386 0.138016 0.598182
vn -0.789386 0.138016 0.598182
vn -0.789386 0.138016 0.598182
vn -0.789386 0.138016 0.598182
vn -0.957180 0.138015 -0.254477
vn -0.957180 0.138015 -0.254477
vn -0.957180 0.138015 -0.254477
vn -0.957180 0.138015 -0.254477
vn 0.464304 -0.199515 0.862911
vn 0.464304 -0.199515 0.862911
vn 0.464304 -0.199515 0.862911
vn 0.464304 -0.199515 0.862911
vn 0.469308 -0.138019 0.872181
vn 0.469308 -0.138019 0.872181
vn 0.469308 -0.138019 0.872181
vn 0.469308 -0.138019 0.872181
vn 0.976345 -0.138010 0.166442
vn 0.976345 -0.138010 0.166442
vn 0.976345 -0.138010 0.166442
vn 0.976345 -0.138010 0.166442
vn -0.833378 -0.010808 -0.552597
vn -0.848964 -0.003024 -0.528442
vn -0.860561 0.003029 -0.509339
vn -0.833379 -0.010808 -0.552597
vn -0.948298 -0.010808 0.317199
vn -0.948298 -0.010808 0.317199
vn -0.945685 -0.074875 0.316345
vn -0.945685 -0.074875 0.316345
vn -0.945685 -0.074875 0.316345
vn -0.945685 -0.074875 0.316345
vn 0.520146 -0.258764 0.813935
vn 0.520146 -0.258764 0.813935
vn 0.520146 -0.258764 0.813935
vn 0.520146 -0.258764 0.813935
vn 0.511032 -0.315220 0.799677
vn 0.511032 -0.315220 0.799677
vn 0.511032 -0.315220 0.799677
vn 0.511032 -0.315220 0.799677
vn -0.316200 -0.315206 0.894798
vn -0.316200 -0.315206 0.894798
vn -0.316200 -0.315206 0.894798
vn -0.316200 -0.315206 0.894798
vn 0.524071 0.258755 0.811416
vn 0.524071 0.258755 0.811416
vn 0.524071 0.258755 0.811416
vn 0.524071 0.258755 0.811416
vn 0.514888 0.315212 0.797202
vn 0.514888 0.315212 0.797202
vn 0.514888 0.315212 0.797202
vn 0.514888 0.315212 0.797202
vn 0.945263 0.315214 0.084364
vn 0.945263 0.315214 0.084364
vn 0.945263 0.315214 0.084364
vn 0.945263 0.315214 0.084364
vn -0.794590 0.418410 -0.439953
vn -0.794590 0.418410 -0.439953
vn -0.794590 0.418410 -0.439953
vn -0.794590 0.418410 -0.439954
vn -0.835623 0.418416 0.355896
vn -0.835623 0.418416 0.355896
vn -0.835623 0.418416 0.355896
vn -0.835623 0.418416 0.355896
vn -0.855280 0.368515 0.364270
vn -0.855280 0.368515 0.364270
vn -0.855280 0.368515 0.364270
vn -0.855280 0.368515 0.364270
vn 0.591822 0.199521 0.780985
vn 0.591822 0.199521 0.780985
vn 0.591822 0.199521 0.780985
vn 0.591822 0.199521 0.780985
vn 0.598179 0.138020 0.789388
vn 0.598179 0.138020 0.789388
vn 0.598179 0.138020 0.789388
vn 0.598179 0.138020 0.789388
vn -0.254488 0.138019 0.957176
vn -0.254488 0.138019 0.957176
vn -0.254488 0.138019 0.957176
vn -0.254488 0.138019 0.957176
vn 0.862914 -0.199512 -0.464300
vn 0.862914 -0.199512 -0.464300
vn 0.862914 -0.199512 -0.464300
vn 0.862914 -0.199512 -0.464300
vn 0.872181 -0.138020 -0.469309
vn 0.872181 -0.138020 -0.469309
vn 0.872181 -0.138020 -0.469309
vn 0.872181 -0.138020 -0.469309
vn 0.166430 -0.138016 -0.976347
vn 0.166430 -0.138016 -0.976347
vn 0.166430 -0.138016 -0.976347
vn 0.166430 -0.138016 -0.976347
vn -0.552595 -0.010806 0.833380
vn -0.528438 -0.003026 0.848967
vn -0.509333 0.003024 0.860564
vn -0.552595 -0.010806 0.833380
vn 0.317198 -0.010804 0.948298
vn 0.317198 -0.010804 0.948298
vn 0.316348 -0.074875 0.945684
vn 0.316348 -0.074875 0.945684
vn 0.316348 -0.074875 0.945684
vn 0.316348 -0.074875 0.945684
vn 0.813931 -0.258764 -0.520152
vn 0.813930 -0.258764 -0.520152
vn 0.813930 -0.258764 -0.520152
vn 0.813931 -0.258764 -0.520152
vn 0.799688 -0.315209 -0.511021
vn 0.799688 -0.315209 -0.511021
vn 0.799688 -0.315209 -0.511021
vn 0.799688 -0.315209 -0.511021
vn 0.894796 -0.315200 0.316210
vn 0.894796 -0.315200 0.316210
vn 0.894796 -0.315200 0.316210
vn 0.894796 -0.315200 0.316210
vn 0.000000 1.000000 0.000000
vn 0.000000 1.000000 -0.000003
vn 0.000000 1.000000 -0.000003
vn 0.000000 1.000000 0.000000
vn 0.000000 1.000000 -0.000013
vn 0.000000 1.000000 -0.000013
vn 0.000000 1.000000 0.000000
vn 0.000000 1.000000 0.000000
vn 0.000000 1.000000 0.000000
vn 0.000000 1.000000 0.000000
vn 0.000013 1.000000 -0.000006
vn 0.000013 1.000000 -0.000006
vn 0.000013 1.000000 0.000000
vn 0.000013 1.000000 0.000000
vn 0.000013 1.000000 0.000000
vn 0.000013 1.000000 0.000000
vn 0.000013 1.000000 -0.000006
vn 0.000013 1.000000 -0.000006
vn 0.000013 1.000000 -0.000006
vn 0.000013 1.000000 -0.000006
vn 0.000013 1.000000 -0.000013
vn 0.000013 1.000000 -0.000013
vn 0.000013 1.000000 -0.000013
vn 0.000013 1.000000 -0.000013
vn 0.000013 1.000000 -0.000006
vn 0.000013 1.000000 -0.000006
vn 0.000013 1.000000 -0.000006
vn 0.000013 1.000000 -0.000006
vn 0.000004 1.000000 0.000013
vn 0.000004 1.000000 0.000013
vn 0.000004 1.000000 0.000013
vn 0.000004 1.000000 0.000013
vn 0.000000 1.000000 -0.000006
vn 0.000000 1.000000 -0.000009
vn 0.000000 1.000000 -0.000009
vn 0.000000 1.000000 -0.000006
vn 0.000000 1.000000 0.000000
vn 0.000000 1.000000 0.000000
vn 0.000000 1.000000 0.000006
vn 0.000000 1.000000 0.000006
vn 0.000000 1.000000 0.000006
vn 0.000000 1.000000 0.000006
vn 0.000000 1.000000 0.000000
vn 0.000000 1.000000 0.000000
vn 0.000000 1.000000 0.000006
vn 0.000000 1.000000 0.000006
vn 0.000000 1.000000 0.000006
vn 0.000000 1.000000 0.000006
vn 0.000000 1.000000 0.000000
vn 0.000000 1.000000 0.000000
vn 0.000000 1.000000 0.000000
vn 0.000000 1.000000 0.000000
vn 0.000000 1.000000 0.000006
vn 0.000000 1.000000 0.000006
vn 0.000000 1.000000 0.000006
vn 0.000000 1.000000 0.000006
vn 0.000000 1.000000 0.000000
vn 0.000000 1.000000 0.000000
vn 0.000000 1.000000 0.000000
vn 0.000000 1.000000 0.000000
vn 0.000000 1.000000 -0.000013
vn 0.000000 1.000000 -0.000013
vn 0.000000 1.000000 -0.000013
vn 0.000000 1.000000 -0.000013
vn 0.000000 1.000000 -0.000013
vn 0.000000 1.000000 -0.000006
vn 0.000000 1.000000 -0.000006
vn 0.000000 1.000000 -0.000013
vn 0.000000 1.000000 0.000013
vn 0.000000 1.000000 0.000013
vn 0.000000 1.000000 0.000000
vn 0.000000 1.000000 0.000000
vn 0.000000 1.000000 0.000000
vn 0.000000 1.000000 0.000000
vn -0.000013 1.000000 -0.000006
vn -0.000013 1.000000 -0.000006
vn -0.000013 1.000000 0.000000
vn -0.000013 1.000000 0.000000
vn -0.000013 1.000000 0.000000
vn -0.000013 1.000000 0.000000
vn -0.000013 1.000000 0.000013
vn -0.000013 1.000000 0.000013
vn -0.000013 1.000000 0.000013
vn -0.000013 1.000000 0.000013
vn -0.000013 1.000000 0.000000
vn -0.000013 1.000000 0.000000
vn -0.000013 1.000000 0.000000
vn -0.000013 1.000000 0.000000
vn -0.000013 1.000000 0.000013
vn -0.000013 1.000000 0.000013
vn -0.000013 1.000000 0.000013
vn -0.000013 1.000000 0.000013
vn -0.000004 1.000000 -0.000025
vn -0.000004 1.000000 -0.000025
vn -0.000004 1.000000 -0.000025
vn -0.000004 1.000000 -0.000025
vn 0.000000 1.000000 -0.000006
vn 0.000000 1.000000 -0.000003
vn 0.000000 1.000000 -0.000003
vn 0.000000 1.000000 -0.000006
vn 0.000000 1.000000 0.000013
vn 0.000000 1.000000 0.000013
vn 0.000000 1.000000 -0.000013
vn 0.000000 1.000000 -0.000013
vn 0.000000 1.000000 -0.000013
vn 0.000000 1.000000 -0.000013
vn 0.000000 1.000000 0.000012
vn 0.000000 1.000000 0.000012
vn 0.000000 1.000000 -0.000013
vn 0.000000 1.000000 -0.000013
vn 0.000000 1.000000 -0.000013
vn 0.000000 1.000000 -0.000013
vn 0.000000 1.000000 0.000013
vn 0.000000 1.000000 0.000013
vn 0.000000 1.000000 0.000013
vn 0.000000 1.000000 0.000013
vn 0.000000 1.000000 -0.000006
vn 0.000000 1.000000 -0.000006
vn 0.000000 1.000000 -0.000006
vn 0.000000 1.000000 -0.000006
vn 0.000000 1.000000 0.000000
vn 0.000000 1.000000 0.000000
vn 0.000000 1.000000 0.000000
vn 0.000000 1.000000 0.000000
vn 0.000000 1.000000 0.000006
vn 0.000000 1.000000 0.000006
vn 0.000000 1.000000 0.000006
vn 0.000000 1.000000 0.000006
vn 0.855266 0.003027 -0.518181
vn 0.866625 -0.003033 -0.498951
vn 0.839980 0.010819 -0.542509
vn 0.839980 0.010819 -0.542509
vn 0.837666 0.074869 -0.541027
vn 0.837666 0.074869 -0.541027
vn 0.837666 0.074869 -0.541027
vn 0.837666 0.074869 -0.541027
vn 0.088661 0.074878 -0.993243
vn 0.088661 0.074877 -0.993243
vn 0.088661 0.074878 -0.993244
vn 0.088661 0.074878 -0.993243
vn 0.823133 0.199517 -0.531643
vn 0.823133 0.199517 -0.531643
vn 0.823133 0.199517 -0.531643
vn 0.823133 0.199517 -0.531643
vn 0.087112 0.199518 -0.976014
vn 0.087112 0.199518 -0.976014
vn 0.087112 0.199518 -0.976014
vn 0.087112 0.199518 -0.976014
vn 0.088045 0.138011 -0.986509
vn 0.088045 0.138011 -0.986510
vn 0.088045 0.138011 -0.986510
vn 0.088045 0.138011 -0.986509
vn -0.967871 0.199517 0.153034
vn -0.967871 0.199517 0.153034
vn -0.967871 0.199517 0.153034
vn -0.967871 0.199517 0.153034
vn -0.978278 0.138010 0.154680
vn -0.978278 0.138010 0.154680
vn -0.978278 0.138010 0.154680
vn -0.978278 0.138010 0.154680
vn -0.723669 0.138019 -0.676206
vn -0.723669 0.138019 -0.676206
vn -0.723669 0.138019 -0.676206
vn -0.723669 0.138019 -0.676206
vn -0.430362 -0.418411 -0.799825
vn -0.430362 -0.418411 -0.799825
vn -0.430362 -0.418411 -0.799825
vn -0.430362 -0.418411 -0.799825
vn -0.440485 -0.368511 -0.818641
vn -0.440485 -0.368511 -0.818641
vn -0.440485 -0.368511 -0.818641
vn -0.440485 -0.368511 -0.818641
vn -0.916402 -0.368522 -0.156202
vn -0.916402 -0.368522 -0.156202
vn -0.916402 -0.368522 -0.156202
vn -0.916402 -0.368522 -0.156202
vn -0.457704 -0.258758 -0.850618
vn -0.457704 -0.258758 -0.850618
vn -0.457704 -0.258758 -0.850618
vn -0.457704 -0.258758 -0.850618
vn -0.952207 -0.258766 -0.162305
vn -0.952207 -0.258766 -0.162305
vn -0.952207 -0.258766 -0.162305
vn -0.952207 -0.258766 -0.162305
vn -0.935525 -0.315211 -0.159485
vn -0.935525 -0.315211 -0.159485
vn -0.935525 -0.315211 -0.159485
vn -0.935525 -0.315211 -0.159485
vn 0.074274 -0.258750 0.963085
vn 0.074274 -0.258750 0.963085
vn 0.074274 -0.258750 0.963085
vn 0.074274 -0.258750 0.963085
vn 0.073003 -0.315222 0.946206
vn 0.073003 -0.315222 0.946206
vn 0.073003 -0.315222 0.946206
vn 0.073003 -0.315222 0.946206
vn -0.701173 -0.315211 0.639529
vn -0.701173 -0.315211 0.639529
vn -0.701173 -0.315211 0.639529
vn -0.701173 -0.315211 0.639529
vn -0.518181 0.003029 -0.855266
vn -0.498949 -0.003030 -0.866626
vn -0.542512 0.010820 -0.839979
vn -0.542512 0.010820 -0.839979
vn -0.541030 0.074868 -0.837664
vn -0.541030 0.074868 -0.837664
vn -0.541030 0.074868 -0.837664
vn -0.541030 0.074868 -0.837664
vn -0.993244 0.074875 -0.088658
vn -0.993244 0.074875 -0.088658
vn -0.993244 0.074875 -0.088658
vn -0.993244 0.074875 -0.088658
vn -0.531642 0.199518 -0.823134
vn -0.531642 0.199518 -0.823134
vn -0.531642 0.199518 -0.823134
vn -0.531642 0.199518 -0.823134
vn -0.976014 0.199520 -0.087113
vn -0.976014 0.199520 -0.087113
vn -0.976014 0.199520 -0.087113
vn -0.976014 0.199520 -0.087113
vn -0.986508 0.138016 -0.088053
vn -0.986508 0.138016 -0.088053
vn -0.986508 0.138016 -0.088053
vn -0.986508 0.138016 -0.088053
vn 0.153029 0.199519 0.967871
vn 0.153029 0.199520 0.967871
vn 0.153029 0.199519 0.967871
vn 0.153029 0.199519 0.967871
vn 0.154677 0.138012 0.978278
vn 0.154677 0.138012 0.978278
vn 0.154677 0.138012 0.978278
vn 0.154677 0.138012 0.978278
vn -0.676207 0.138020 0.723668
vn -0.676207 0.138020 0.723668
vn -0.676207 0.138020 0.723668
vn -0.676207 0.138020 0.723668
vn -0.799815 -0.418417 0.430375
vn -0.799815 -0.418417 0.430375
vn -0.799815 -0.418417 0.430375
vn -0.799815 -0.418417 0.430375
vn -0.818649 -0.368504 0.440475
vn -0.818649 -0.368504 0.440475
vn -0.818649 -0.368504 0.440475
vn -0.818649 -0.368504 0.440475
vn -0.156208 -0.368520 0.916402
vn -0.156208 -0.368520 0.916402
vn -0.156208 -0.368520 0.916402
vn -0.156208 -0.368520 0.916402
vn -0.850622 -0.258754 0.457699
vn -0.850622 -0.258754 0.457699
vn -0.850622 -0.258754 0.457699
vn -0.850622 -0.258754 0.457699
vn -0.162325 -0.258756 0.952206
vn -0.162325 -0.258756 0.952206
vn -0.162325 -0.258756 0.952206
vn -0.162325 -0.258756 0.952206
vn -0.159476 -0.315214 0.935525
vn -0.159476 -0.315214 0.935525
vn -0.159476 -0.315214 0.935525
vn -0.159476 -0.315214 0.935525
vn 0.963085 -0.258747 -0.074272
vn 0.963085 -0.258747 -0.074272
vn 0.963085 -0.258747 -0.074272
vn 0.963085 -0.258747 -0.074272
vn 0.946212 -0.315211 -0.072980
vn 0.946211 -0.315211 -0.072980
vn 0.946212 -0.315211 -0.072980
vn 0.946212 -0.315211 -0.072980
vn 0.639529 -0.315210 0.701174
vn 0.639529 -0.315210 0.701174
vn 0.639529 -0.315210 0.701174
vn 0.639529 -0.315210 0.701174
vn -0.855268 0.003029 0.518178
vn -0.866629 -0.003029 0.498944
vn -0.839980 0.010819 0.542510
vn -0.839980 0.010819 0.542510
vn -0.837665 0.074868 0.541029
vn -0.837665 0.074868 0.541029
vn -0.837664 0.074868 0.541029
vn -0.837665 0.074868 0.541029
vn -0.088669 0.074882 0.993242
vn -0.088669 0.074882 0.993242
vn -0.088669 0.074882 0.993242
vn -0.088669 0.074882 0.993242
vn -0.823137 0.199520 0.531637
vn -0.823137 0.199520 0.531637
vn -0.823137 0.199520 0.531637
vn -0.823137 0.199520 0.531637
vn -0.087128 0.199529 0.976011
vn -0.087128 0.199529 0.976011
vn -0.087128 0.199529 0.976011
vn -0.087128 0.199528 0.976011
vn -0.088050 0.138014 0.986509
vn -0.088050 0.138014 0.986509
vn -0.088050 0.138014 0.986509
vn -0.088050 0.138014 0.986509
vn 0.967871 0.199522 -0.153025
vn 0.967871 0.199522 -0.153025
vn 0.967871 0.199522 -0.153025
vn 0.967871 0.199522 -0.153025
vn 0.978279 0.138019 -0.154665
vn 0.978279 0.138019 -0.154665
vn 0.978279 0.138019 -0.154665
vn 0.978279 0.138019 -0.154665
vn 0.723657 0.138027 0.676217
vn 0.723657 0.138027 0.676217
vn 0.723657 0.138027 0.676217
vn 0.723657 0.138027 0.676217
vn 0.430374 -0.418417 0.799816
vn 0.430374 -0.418417 0.799816
vn 0.430374 -0.418417 0.799816
vn 0.430374 -0.418417 0.799816
vn 0.440482 -0.368508 0.818644
vn 0.440482 -0.368508 0.818644
vn 0.440482 -0.368508 0.818644
vn 0.440482 -0.368508 0.818644
vn 0.916401 -0.368526 0.156197
vn 0.916401 -0.368526 0.156197
vn 0.916401 -0.368526 0.156197
vn 0.916401 -0.368526 0.156197
vn 0.457684 -0.258745 0.850633
vn 0.457684 -0.258745 0.850633
vn 0.457684 -0.258745 0.850633
vn 0.457684 -0.258745 0.850633
vn 0.952206 -0.258762 0.162317
vn 0.952206 -0.258762 0.162317
vn 0.952206 -0.258762 0.162317
vn 0.952206 -0.258762 0.162317
vn 0.935525 -0.315212 0.159482
vn 0.935525 -0.315212 0.159482
vn 0.935525 -0.315212 0.159482
vn 0.935525 -0.315212 0.159482
vn -0.074285 -0.258755 -0.963082
vn -0.074285 -0.258755 -0.963082
vn -0.074285 -0.258755 -0.963082
vn -0.074285 -0.258755 -0.963082
vn -0.073011 -0.315227 -0.946204
vn -0.073011 -0.315227 -0.946204
vn -0.073011 -0.315227 -0.946204
vn -0.073011 -0.315227 -0.946204
vn 0.701160 -0.315218 -0.639541
vn 0.701160 -0.315218 -0.639541
vn 0.701160 -0.315218 -0.639541
vn 0.701160 -0.315218 -0.639541
vn 0.518181 0.003028 0.855265
vn 0.498952 -0.003033 0.866625
vn 0.542509 0.010820 0.839980
vn 0.542509 0.010820 0.839980
vn 0.541032 0.074865 0.837663
vn 0.541032 0.074865 0.837663
vn 0.541032 0.074865 0.837663
vn 0.541032 0.074865 0.837663
vn 0.993244 0.074876 0.088658
vn 0.993244 0.074876 0.088658
vn 0.993244 0.074876 0.088658
vn 0.993244 0.074876 0.088658
vn 0.531642 0.199518 0.823134
vn 0.531642 0.199518 0.823134
vn 0.531642 0.199518 0.823134
vn 0.531642 0.199518 0.823134
vn 0.976015 0.199516 0.087106
vn 0.976015 0.199516 0.087106
vn 0.976015 0.199516 0.087106
vn 0.976015 0.199516 0.087106
vn 0.986508 0.138017 0.088054
vn 0.986508 0.138017 0.088054
vn 0.986508 0.138017 0.088054
vn 0.986508 0.138017 0.088054
vn -0.153035 0.199516 -0.967871
vn -0.153035 0.199516 -0.967871
vn -0.153035 0.199516 -0.967871
vn -0.153035 0.199516 -0.967871
vn -0.154691 0.138006 -0.978277
vn -0.154691 0.138006 -0.978277
vn -0.154691 0.138006 -0.978277
vn -0.154691 0.138006 -0.978277
vn 0.676202 0.138018 -0.723672
vn 0.676202 0.138018 -0.723672
vn 0.676202 0.138018 -0.723672
vn 0.676202 0.138018 -0.723672
vn 0.799805 -0.418425 -0.430386
vn 0.799805 -0.418425 -0.430386
vn 0.799805 -0.418425 -0.430386
vn 0.799805 -0.418425 -0.430386
vn 0.818652 -0.368502 -0.440472
vn 0.818652 -0.368502 -0.440472
vn 0.818652 -0.368502 -0.440472
vn 0.818652 -0.368502 -0.440472
vn 0.156207 -0.368518 -0.916403
vn 0.156207 -0.368518 -0.916403
vn 0.156207 -0.368518 -0.916403
vn 0.156207 -0.368518 -0.916403
vn 0.850628 -0.258749 -0.457692
vn 0.850627 -0.258749 -0.457692
vn 0.850628 -0.258749 -0.457692
vn 0.850628 -0.258749 -0.457692
vn 0.162309 -0.258761 -0.952207
vn 0.162309 -0.258761 -0.952207
vn 0.162309 -0.258761 -0.952207
vn 0.162309 -0.258761 -0.952207
vn 0.159479 -0.315215 -0.935524
vn 0.159479 -0.315215 -0.935525
vn 0.159479 -0.315215 -0.935524
vn 0.159479 -0.315215 -0.935525
vn -0.963086 -0.258746 0.074272
vn -0.963086 -0.258746 0.074272
vn -0.963086 -0.258746 0.074272
vn -0.963086 -0.258746 0.074272
vn -0.946207 -0.315219 0.072998
vn -0.946207 -0.315219 0.072998
vn -0.946207 -0.315219 0.072998
vn -0.946207 -0.315219 0.072998
vn -0.639530 -0.315209 -0.701174
vn -0.639530 -0.315209 -0.701174
vn -0.639530 -0.315209 -0.701174
vn -0.639530 -0.315209 -0.701174
vn 0.000009 1.000000 -0.000003
vn 0.000000 1.000000 -0.000003
vn -0.000005 1.000000 0.000003
vn 0.000004 1.000000 0.000006
vn 0.000013 1.000000 0.000012
vn 0.000013 1.000000 0.000012
vn -0.000004 1.000000 -0.000031
vn -0.000004 1.000000 -0.000031
vn -0.000004 1.000000 -0.000031
vn -0.000004 1.000000 -0.000031
vn -0.000013 1.000000 0.000000
vn -0.000013 1.000000 0.000000
vn 0.000000 1.000000 0.000000
vn 0.000000 1.000000 0.000000
vn 0.000000 1.000000 0.000000
vn 0.000000 1.000000 0.000000
vn 0.000000 1.000000 0.000000
vn 0.000000 1.000000 0.000000
vn 0.000000 1.000000 0.000000
vn 0.000000 1.000000 0.000000
vn 0.000000 1.000000 0.000000
vn 0.000000 1.000000 0.000000
vn 0.000000 1.000000 0.000000
vn 0.000000 1.000000 0.000000
vn 0.000000 1.000000 0.000000
vn 0.000000 1.000000 0.000000
vn 0.000000 1.000000 0.000000
vn 0.000000 1.000000 0.000000
vn 0.000000 1.000000 0.000012
vn 0.000000 1.000000 0.000012
vn 0.000000 1.000000 0.000012
vn 0.000000 1.000000 0.000012
vn 0.000000 1.000000 0.000000
vn 0.000000 1.000000 0.000000
vn 0.000000 1.000000 -0.000006
vn 0.000000 1.000000 -0.000006
vn 0.000000 1.000000 -0.000006
vn 0.000000 1.000000 -0.000006
vn 0.000000 1.000000 0.000000
vn 0.000000 1.000000 0.000000
vn 0.000000 1.000000 0.000000
vn 0.000000 1.000000 0.000000
vn 0.000000 1.000000 -0.000019
vn 0.000000 1.000000 -0.000019
vn 0.000000 1.000000 -0.000019
vn 0.000000 1.000000 -0.000019
vn 0.000000 1.000000 0.000000
vn 0.000000 1.000000 0.000000
vn 0.000000 1.000000 0.000000
vn 0.000000 1.000000 0.000000
vn 0.000000 1.000000 0.000006
vn 0.000000 1.000000 0.000006
vn 0.000000 1.000000 0.000006
vn 0.000000 1.000000 0.000006
vn 0.000000 1.000000 0.000000
vn 0.000000 1.000000 0.000000
vn 0.000000 1.000000 0.000000
vn 0.000000 1.000000 0.000000
vn 0.000000 1.000000 0.000006
vn 0.000000 1.000000 0.000006
vn 0.000000 1.000000 0.000006
vn 0.000000 1.000000 0.000006
vn -0.000009 1.000000 0.000013
vn -0.000009 1.000000 0.000013
vn -0.000009 1.000000 0.000013
vn -0.000009 1.000000 0.000013
vn 0.000000 1.000000 -0.000006
vn 0.000000 1.000000 -0.000006
vn 0.000000 1.000000 -0.000006
vn 0.000000 1.000000 -0.000006
vn 0.000000 1.000000 -0.000013
vn 0.000000 1.000000 -0.000013
vn 0.000000 1.000000 -0.000013
vn 0.000000 1.000000 -0.000013
vn 0.000000 1.000000 0.000000
vn 0.000000 1.000000 0.000000
vn 0.000000 1.000000 0.000000
vn 0.000000 1.000000 0.000000
vn 0.000000 1.000000 0.000000
vn 0.000000 1.000000 0.000000
vn 0.000000 1.000000 0.000000
vn 0.000000 1.000000 0.000000
vn 0.000000 1.000000 0.000006
vn 0.000000 1.000000 0.000006
vn 0.000000 1.000000 0.000006
vn 0.000000 1.000000 0.000006
vn 0.000000 1.000000 0.000000
vn 0.000000 1.000000 0.000000
vn 0.000000 1.000000 0.000000
vn 0.000000 1.000000 0.000000
vn 0.000004 1.000000 0.000000
vn 0.000004 1.000000 0.000000
vn 0.000004 1.000000 0.000000
vn 0.000004 1.000000 0.000000
vn 0.000004 1.000000 0.000013
vn 0.000004 1.000000 0.000013
vn 0.000004 1.000000 0.000013
vn 0.000004 1.000000 0.000013
vn 0.000000 1.000000 -0.000006
vn 0.000000 1.000000 -0.000006
vn 0.000000 1.000000 -0.000006
vn 0.000000 1.000000 -0.000006
vn 0.000005 1.000000 -0.000009
vn 0.000013 1.000000 -0.000012
vn -0.000004 1.000000 -0.000006
vn -0.000004 1.000000 -0.000006
vn 0.000000 1.000000 0.000012
vn 0.000000 1.000000 0.000012
vn 0.000000 1.000000 0.000012
vn 0.000000 1.000000 0.000012
vn 0.000017 1.000000 0.000019
vn 0.000017 1.000000 0.000019
vn 0.000013 1.000000 0.000000
vn 0.000013 1.000000 0.000000
vn 0.000013 1.000000 0.000000
vn 0.000013 1.000000 0.000000
vn 0.000010 1.000000 -0.000025
vn 0.000010 1.000000 -0.000025
vn 0.000010 1.000000 -0.000025
vn 0.000010 1.000000 -0.000025
vn 0.000000 1.000000 0.000013
vn 0.000000 1.000000 0.000013
vn 0.000000 1.000000 0.000013
vn 0.000000 1.000000 0.000013
vn 0.000000 1.000000 0.000000
vn 0.000000 1.000000 0.000000
vn 0.000000 1.000000 0.000000
vn 0.000000 1.000000 0.000000
vn 0.000000 1.000000 0.000012
vn 0.000000 1.000000 0.000012
vn 0.000000 1.000000 0.000012
vn 0.000000 1.000000 0.000012
vn 0.000000 1.000000 -0.000006
vn 0.000000 1.000000 -0.000006
vn 0.000000 1.000000 0.000000
vn 0.000000 1.000000 0.000000
vn 0.000000 1.000000 0.000000
vn 0.000000 1.000000 0.000000
vn 0.000000 1.000000 -0.000006
vn 0.000000 1.000000 -0.000006
vn 0.000000 1.000000 -0.000006
vn 0.000000 1.000000 -0.000006
vn 0.000000 1.000000 0.000000
vn 0.000000 1.000000 0.000000
vn 0.000000 1.000000 0.000000
vn 0.000000 1.000000 0.000000
vn 0.000000 1.000000 -0.000019
vn 0.000000 1.000000 -0.000019
vn 0.000000 1.000000 -0.000019
vn 0.000000 1.000000 -0.000019
vn 0.000000 1.000000 0.000013
vn 0.000000 1.000000 0.000013
vn 0.000000 1.000000 0.000013
vn 0.000000 1.000000 0.000013
vn 0.000000 1.000000 -0.000006
vn 0.000000 1.000000 -0.000006
vn 0.000000 1.000000 -0.000006
vn 0.000000 1.000000 -0.000006
vn 0.000000 1.000000 0.000013
vn 0.000000 1.000000 0.000013
vn 0.000000 1.000000 0.000013
vn 0.000000 1.000000 0.000013
vn 0.000000 1.000000 -0.000013
vn 0.000000 1.000000 -0.000013
vn 0.000000 1.000000 -0.000013
vn 0.000000 1.000000 -0.000013
vn 0.000000 1.000000 -0.000013
vn 0.000000 1.000000 -0.000013
vn 0.000000 1.000000 -0.000013
vn 0.000000 1.000000 -0.000013
vn 0.000000 1.000000 0.000006
vn 0.000000 1.000000 0.000006
vn 0.000000 1.000000 0.000006
vn 0.000000 1.000000 0.000006
vn 0.000000 1.000000 -0.000013
vn 0.000000 1.000000 -0.000013
vn 0.000000 1.000000 -0.000013
vn 0.000000 1.000000 -0.000013
vn 0.000000 1.000000 -0.000006
vn 0.000000 1.000000 -0.000006
vn 0.000000 1.000000 -0.000006
vn 0.000000 1.000000 -0.000006
vn 0.000000 1.000000 0.000000
vn 0.000000 1.000000 0.000000
vn 0.000000 1.000000 0.000000
vn 0.000000 1.000000 0.000000
vn 0.000000 1.000000 0.000013
vn 0.000000 1.000000 0.000013
vn 0.000000 1.000000 0.000013
vn 0.000000 1.000000 0.000013
vn 0.000000 1.000000 0.000013
vn 0.000000 1.000000 0.000013
vn 0.000000 1.000000 0.000013
vn 0.000000 1.000000 0.000013
vn 0.000000 1.000000 -0.000006
vn 0.000000 1.000000 -0.000006
vn 0.000000 1.000000 -0.000006
vn 0.000000 1.000000 -0.000006
vn 0.000000 1.000000 0.000000
vn 0.000000 1.000000 0.000000
vn 0.000000 1.000000 0.000000
vn 0.000000 1.000000 0.000000
vn -0.000009 1.000000 -0.000003
vn -0.000004 1.000000 -0.000006
vn -0.000013 1.000000 0.000012
vn -0.000013 1.000000 0.000012
vn 0.000004 1.000000 0.000012
vn 0.000004 1.000000 0.000012
vn 0.000004 1.000000 0.000012
vn 0.000004 1.000000 0.000012
vn 0.000013 1.000000 -0.000012
vn 0.000013 1.000000 -0.000012
vn 0.000000 1.000000 -0.000019
vn 0.000000 1.000000 -0.000019
vn 0.000000 1.000000 -0.000019
vn 0.000000 1.000000 -0.000019
vn 0.000000 1.000000 0.000000
vn 0.000000 1.000000 0.000000
vn 0.000000 1.000000 0.000000
vn 0.000000 1.000000 0.000000
vn 0.000000 1.000000 -0.000013
vn 0.000000 1.000000 -0.000013
vn 0.000000 1.000000 -0.000013
vn 0.000000 1.000000 -0.000013
vn 0.000000 1.000000 0.000013
vn 0.000000 1.000000 0.000013
vn 0.000000 1.000000 0.000013
vn 0.000000 1.000000 0.000013
vn 0.000000 1.000000 -0.000006
vn 0.000000 1.000000 -0.000006
vn 0.000000 1.000000 -0.000006
vn 0.000000 1.000000 -0.000006
vn 0.000000 1.000000 -0.000013
vn 0.000000 1.000000 -0.000013
vn 0.000000 1.000000 -0.000006
vn 0.000000 1.000000 -0.000006
vn 0.000000 1.000000 -0.000006
vn 0.000000 1.000000 -0.000006
vn 0.000000 1.000000 -0.000013
vn 0.000000 1.000000 -0.000013
vn 0.000000 1.000000 -0.000013
vn 0.000000 1.000000 -0.000013
vn 0.000000 1.000000 0.000006
vn 0.000000 1.000000 0.000006
vn 0.000000 1.000000 0.000006
vn 0.000000 1.000000 0.000006
vn 0.000000 1.000000 0.000013
vn 0.000000 1.000000 0.000013
vn 0.000000 1.000000 0.000013
vn 0.000000 1.000000 0.000013
vn 0.000000 1.000000 0.000000
vn 0.000000 1.000000 0.000000
vn 0.000000 1.000000 0.000000
vn 0.000000 1.000000 0.000000
vn 0.000000 1.000000 0.000000
vn 0.000000 1.000000 0.000000
vn 0.000000 1.000000 0.000000
vn 0.000000 1.000000 0.000000
vn 0.000000 1.000000 -0.000013
vn 0.000000 1.000000 -0.000013
vn 0.000000 1.000000 -0.000013
vn 0.000000 1.000000 -0.000013
vn 0.000009 1.000000 -0.000013
vn 0.000009 1.000000 -0.000013
vn 0.000009 1.000000 -0.000013
vn 0.000009 1.000000 -0.000013
vn 0.000000 1.000000 0.000006
vn 0.000000 1.000000 0.000006
vn 0.000000 1.000000 0.000006
vn 0.000000 1.000000 0.000006
vn 0.000000 1.000000 0.000000
vn 0.000000 1.000000 0.000000
vn 0.000000 1.000000 0.000000
vn 0.000000 1.000000 0.000000
vn 0.000000 1.000000 0.000000
vn 0.000000 1.000000 0.000000
vn 0.000000 1.000000 0.000000
vn 0.000000 1.000000 0.000000
vn 0.000000 1.000000 -0.000013
vn 0.000000 1.000000 -0.000013
vn 0.000000 1.000000 -0.000013
vn 0.000000 1.000000 -0.000013
vn 0.000000 1.000000 0.000006
vn 0.000000 1.000000 0.000006
vn 0.000000 1.000000 0.000006
vn 0.000000 1.000000 0.000006
vn 0.000000 1.000000 -0.000013
vn 0.000000 1.000000 -0.000013
vn 0.000000 1.000000 -0.000013
vn 0.000000 1.000000 -0.000013
vn -0.000004 1.000000 -0.000019
vn -0.000004 1.000000 -0.000019
vn -0.000004 1.000000 -0.000019
vn -0.000004 1.000000 -0.000019
vn -0.000004 1.000000 -0.000013
vn -0.000004 1.000000 -0.000013
vn -0.000004 1.000000 -0.000013
vn -0.000004 1.000000 -0.000013
vn 0.000000 1.000000 0.000013
vn 0.000000 1.000000 0.000013
vn 0.000000 1.000000 0.000013
vn 0.000000 1.000000 0.000013
vn -0.000013 1.000000 0.000000
vn 0.000004 1.000000 0.000012
vn 0.000004 1.000000 0.000012
vn 0.000000 1.000000 0.000012
vn 0.000000 1.000000 0.000012
vn 0.000000 1.000000 0.000012
vn 0.000000 1.000000 0.000012
vn -0.000017 1.000000 -0.000012
vn -0.000017 1.000000 -0.000012
vn -0.000013 1.000000 0.000000
vn -0.000013 1.000000 0.000000
vn -0.000013 1.000000 0.000000
vn -0.000013 1.000000 0.000000
vn -0.000010 1.000000 0.000012
vn -0.000010 1.000000 0.000012
vn -0.000010 1.000000 0.000012
vn -0.000010 1.000000 0.000012
vn 0.000000 1.000000 0.000013
vn 0.000000 1.000000 0.000013
vn 0.000000 1.000000 0.000013
vn 0.000000 1.000000 0.000013
vn 0.000000 1.000000 0.000013
vn 0.000000 1.000000 0.000013
vn 0.000000 1.000000 0.000013
vn 0.000000 1.000000 0.000013
vn 0.000000 1.000000 0.000000
vn 0.000000 1.000000 0.000000
vn 0.000000 1.000000 0.000000
vn 0.000000 1.000000 0.000000
vn 0.000000 1.000000 0.000000
vn 0.000000 1.000000 0.000000
vn 0.000000 1.000000 0.000000
vn 0.000000 1.000000 0.000000
vn 0.000000 1.000000 0.000000
vn 0.000000 1.000000 0.000000
vn 0.000000 1.000000 0.000013
vn 0.000000 1.000000 0.000013
vn 0.000000 1.000000 0.000013
vn 0.000000 1.000000 0.000013
vn 0.000000 1.000000 0.000013
vn 0.000000 1.000000 0.000013
vn 0.000000 1.000000 0.000013
vn 0.000000 1.000000 0.000013
vn 0.000000 1.000000 0.000013
vn 0.000000 1.000000 0.000013
vn 0.000000 1.000000 0.000013
vn 0.000000 1.000000 0.000013
vn 0.000000 1.000000 0.000000
vn 0.000000 1.000000 0.000000
vn 0.000000 1.000000 0.000000
vn 0.000000 1.000000 0.000000
vn 0.000000 1.000000 0.000013
vn 0.000000 1.000000 0.000013
vn 0.000000 1.000000 0.000013
vn 0.000000 1.000000 0.000013
vn 0.000000 1.000000 0.000000
vn 0.000000 1.000000 0.000000
vn 0.000000 1.000000 0.000000
vn 0.000000 1.000000 0.000000
vn 0.000000 1.000000 0.000006
vn 0.000000 1.000000 0.000006
vn 0.000000 1.000000 0.000006
vn 0.000000 1.000000 0.000006
vn 0.000000 1.000000 0.000000
vn 0.000000 1.000000 0.000000
vn 0.000000 1.000000 0.000000
vn 0.000000 1.000000 0.000000
vn 0.000000 1.000000 0.000019
vn 0.000000 1.000000 0.000019
vn 0.000000 1.000000 0.000019
vn 0.000000 1.000000 0.000019
vn 0.000000 1.000000 0.000000
vn 0.000000 1.000000 0.000000
vn 0.000000 1.000000 0.000000
vn 0.000000 1.000000 0.000000
vn 0.000000 1.000000 -0.000006
vn 0.000000 1.000000 -0.000006
vn 0.000000 1.000000 -0.000006
vn 0.000000 1.000000 -0.000006
vn 0.000000 1.000000 0.000013
vn 0.000000 1.000000 0.000013
vn 0.000000 1.000000 0.000013
vn 0.000000 1.000000 0.000013
vn 0.000000 1.000000 0.000006
vn 0.000000 1.000000 0.000006
vn 0.000000 1.000000 0.000006
vn 0.000000 1.000000 0.000006
vn 0.000000 1.000000 0.000000
vn 0.000000 1.000000 0.000000
vn 0.000000 1.000000 0.000000
vn 0.000000 1.000000 0.000000
vn 0.000000 1.000000 -0.000006
vn 0.000000 1.000000 -0.000006
vn 0.000000 1.000000 -0.000006
vn 0.000000 1.000000 -0.000006
vn 0.000000 1.000000 0.000000
vn 0.000000 1.000000 0.000000
vn 0.000000 1.000000 0.000000
vn 0.000000 1.000000 0.000000
vn 0.762965 0.418419 -0.492757
vn 0.762966 0.418419 -0.492757
vn 0.762966 0.418419 -0.492757
vn 0.762965 0.418419 -0.492757
vn 0.080753 0.418420 -0.904657
vn 0.080753 0.418420 -0.904657
vn 0.080753 0.418420 -0.904657
vn 0.080753 0.418420 -0.904657
vn 0.082632 0.368511 -0.925944
vn 0.082632 0.368511 -0.925944
vn 0.082632 0.368511 -0.925944
vn 0.082632 0.368511 -0.925944
vn -0.897113 0.418411 0.141848
vn -0.897113 0.418411 0.141848
vn -0.897113 0.418411 0.141848
vn -0.897113 0.418411 0.141848
vn -0.918216 0.368513 0.145182
vn -0.918216 0.368513 0.145182
vn -0.918216 0.368513 0.145182
vn -0.918216 0.368513 0.145182
vn -0.679237 0.368519 -0.634689
vn -0.679237 0.368519 -0.634689
vn -0.679237 0.368519 -0.634689
vn -0.679237 0.368519 -0.634689
vn -0.954091 0.258757 0.150847
vn -0.954091 0.258757 0.150847
vn -0.954091 0.258757 0.150847
vn -0.954091 0.258757 0.150847
vn -0.705781 0.258759 -0.659482
vn -0.705781 0.258759 -0.659482
vn -0.705781 0.258759 -0.659482
vn -0.705781 0.258759 -0.659482
vn -0.693413 0.315219 -0.647932
vn -0.693413 0.315219 -0.647932
vn -0.693413 0.315219 -0.647932
vn -0.693413 0.315219 -0.647932
vn 0.723883 0.418414 -0.548565
vn 0.723883 0.418414 -0.548565
vn 0.723883 0.418414 -0.548565
vn 0.723883 0.418414 -0.548565
vn 0.740919 0.368523 -0.561453
vn 0.740919 0.368523 -0.561453
vn 0.740919 0.368523 -0.561453
vn 0.740919 0.368523 -0.561453
vn 0.898419 0.368505 0.238847
vn 0.898419 0.368505 0.238847
vn 0.898419 0.368505 0.238847
vn 0.898419 0.368505 0.238847
vn 0.769871 0.258767 -0.583386
vn 0.769871 0.258767 -0.583386
vn 0.769871 0.258767 -0.583386
vn 0.769871 0.258767 -0.583386
vn 0.933511 0.258759 0.248195
vn 0.933511 0.258759 0.248195
vn 0.933511 0.258759 0.248195
vn 0.933511 0.258759 0.248195
vn 0.917165 0.315206 0.243830
vn 0.917165 0.315206 0.243830
vn 0.917165 0.315206 0.243830
vn 0.917165 0.315206 0.243830
vn -0.467912 0.258761 0.845045
vn -0.467912 0.258761 0.845045
vn -0.467912 0.258761 0.845045
vn -0.467912 0.258761 0.845045
vn -0.459714 0.315217 0.830242
vn -0.459714 0.315217 0.830242
vn -0.459714 0.315217 0.830242
vn -0.459714 0.315217 0.830242
vn 0.371863 0.315218 0.873130
vn 0.371863 0.315218 0.873130
vn 0.371863 0.315218 0.873130
vn 0.371863 0.315218 0.873130
vn 0.796960 0.010810 -0.603935
vn 0.814036 0.003028 -0.580807
vn 0.826812 -0.003024 -0.562470
vn 0.796960 0.010810 -0.603935
vn 0.966374 0.010814 0.256913
vn 0.966374 0.010814 0.256913
vn 0.963715 0.074874 0.256218
vn 0.963715 0.074874 0.256218
vn 0.963715 0.074874 0.256218
vn 0.963715 0.074874 0.256218
vn -0.484357 0.010804 0.874804
vn -0.484357 0.010804 0.874804
vn -0.483054 0.074881 0.872383
vn -0.483054 0.074881 0.872383
vn -0.483054 0.074881 0.872383
vn -0.483054 0.074881 0.872383
vn 0.390737 0.074875 0.917452
vn 0.390737 0.074875 0.917452
vn 0.390737 0.074875 0.917452
vn 0.390737 0.074875 0.917452
vn -0.474647 0.199511 0.857267
vn -0.474647 0.199511 0.857267
vn -0.474647 0.199511 0.857267
vn -0.474647 0.199511 0.857267
vn 0.383975 0.199519 0.901529
vn 0.383975 0.199519 0.901529
vn 0.383975 0.199519 0.901529
vn 0.383975 0.199519 0.901529
vn 0.388086 0.138019 0.911230
vn 0.388086 0.138019 0.911230
vn 0.388086 0.138019 0.911230
vn 0.388086 0.138019 0.911230
vn -0.473818 -0.010821 -0.880557
vn -0.473818 -0.010821 -0.880557
vn -0.985723 -0.010817 -0.168027
vn -0.985723 -0.010817 -0.168027
vn -0.983012 -0.074867 -0.167576
vn -0.983012 -0.074867 -0.167576
vn -0.983012 -0.074867 -0.167576
vn -0.983012 -0.074867 -0.167576
vn 0.076900 -0.010815 0.996980
vn 0.076900 -0.010815 0.996980
vn 0.076711 -0.074883 0.994237
vn 0.076711 -0.074883 0.994237
vn 0.076711 -0.074883 0.994237
vn 0.076711 -0.074883 0.994237
vn -0.736755 -0.074871 0.672002
vn -0.736755 -0.074871 0.672002
vn -0.736755 -0.074871 0.672002
vn -0.736755 -0.074871 0.672002
vn 0.075375 -0.199528 0.976989
vn 0.075375 -0.199528 0.976989
vn 0.075375 -0.199528 0.976989
vn 0.075375 -0.199528 0.976989
vn -0.723966 -0.199528 0.660349
vn -0.723966 -0.199528 0.660349
vn -0.723966 -0.199528 0.660349
vn -0.723966 -0.199528 0.660349
vn -0.731755 -0.138019 0.667447
vn -0.731755 -0.138019 0.667447
vn -0.731755 -0.138019 0.667447
vn -0.731755 -0.138019 0.667447
vn -0.562481 -0.003034 -0.826804
vn -0.580807 0.003025 -0.814036
vn -0.538467 -0.010826 -0.842577
vn -0.538467 -0.010826 -0.842577
vn -0.536980 -0.074878 -0.840265
vn -0.536980 -0.074878 -0.840265
vn -0.536980 -0.074878 -0.840265
vn -0.536980 -0.074878 -0.840265
vn 0.332228 -0.074882 -0.940222
vn 0.332228 -0.074882 -0.940222
vn 0.332228 -0.074882 -0.940222
vn 0.332228 -0.074882 -0.940222
vn -0.527650 -0.199521 -0.825698
vn -0.527650 -0.199521 -0.825698
vn -0.527650 -0.199521 -0.825698
vn -0.527650 -0.199521 -0.825698
vn 0.326472 -0.199523 -0.923909
vn 0.326472 -0.199523 -0.923909
vn 0.326472 -0.199523 -0.923909
vn 0.326472 -0.199523 -0.923909
vn 0.330008 -0.138005 -0.933836
vn 0.330008 -0.138005 -0.933836
vn 0.330008 -0.138005 -0.933836
vn 0.330008 -0.138005 -0.933836
vn 0.816669 -0.199510 0.541523
vn 0.816669 -0.199510 0.541523
vn 0.816669 -0.199510 0.541523
vn 0.816669 -0.199510 0.541523
vn 0.825463 -0.138018 0.547322
vn 0.825463 -0.138018 0.547322
vn 0.825463 -0.138018 0.547322
vn 0.825463 -0.138018 0.547322
vn 0.939270 -0.138019 -0.314200
vn 0.939270 -0.138019 -0.314200
vn 0.939270 -0.138019 -0.314200
vn 0.939270 -0.138019 -0.314200
vn -0.489064 -0.418412 -0.765341
vn -0.489064 -0.418412 -0.765341
vn -0.489064 -0.418412 -0.765341
vn -0.489064 -0.418412 -0.765341
vn 0.302613 -0.418409 -0.856364
vn 0.302613 -0.418409 -0.856364
vn 0.302613 -0.418409 -0.856364
vn 0.302613 -0.418409 -0.856364
vn 0.309735 -0.368509 -0.876508
vn 0.309735 -0.368509 -0.876508
vn 0.309735 -0.368509 -0.876508
vn 0.309735 -0.368509 -0.876507
vn 0.756977 -0.418417 0.501910
vn 0.756977 -0.418417 0.501910
vn 0.756977 -0.418417 0.501910
vn 0.756977 -0.418417 0.501910
vn 0.774783 -0.368515 0.513721
vn 0.774783 -0.368515 0.513721
vn 0.774783 -0.368515 0.513721
vn 0.774783 -0.368515 0.513721
vn 0.881610 -0.368512 -0.294895
vn 0.881610 -0.368512 -0.294895
vn 0.881610 -0.368512 -0.294895
vn 0.881610 -0.368512 -0.294895
vn 0.805056 -0.258762 0.533785
vn 0.805056 -0.258762 0.533785
vn 0.805056 -0.258762 0.533785
vn 0.805056 -0.258762 0.533785
vn 0.916038 -0.258773 -0.306450
vn 0.916038 -0.258773 -0.306450
vn 0.916038 -0.258773 -0.306450
vn 0.916038 -0.258773 -0.306450
vn 0.900001 -0.315216 -0.301059
vn 0.900001 -0.315216 -0.301060
vn 0.900001 -0.315216 -0.301059
vn 0.900001 -0.315216 -0.301059
vn -0.492756 0.418421 -0.762965
vn -0.492756 0.418421 -0.762965
vn -0.492756 0.418421 -0.762965
vn -0.492756 0.418421 -0.762965
vn -0.904655 0.418422 -0.080758
vn -0.904655 0.418422 -0.080758
vn -0.904655 0.418422 -0.080758
vn -0.904655 0.418422 -0.080758
vn -0.925947 0.368505 -0.082622
vn -0.925947 0.368505 -0.082622
vn -0.925947 0.368505 -0.082622
vn -0.925947 0.368505 -0.082622
vn 0.141829 0.418419 0.897112
vn 0.141829 0.418419 0.897112
vn 0.141829 0.418419 0.897112
vn 0.141829 0.418419 0.897112
vn 0.145182 0.368512 0.918216
vn 0.145182 0.368512 0.918216
vn 0.145182 0.368512 0.918216
vn 0.145182 0.368512 0.918216
vn -0.634685 0.368517 0.679243
vn -0.634685 0.368517 0.679243
vn -0.634685 0.368517 0.679243
vn -0.634685 0.368517 0.679243
vn 0.150838 0.258764 0.954091
vn 0.150838 0.258764 0.954091
vn 0.150838 0.258764 0.954091
vn 0.150838 0.258764 0.954091
vn -0.659483 0.258760 0.705780
vn -0.659483 0.258760 0.705780
vn -0.659483 0.258760 0.705780
vn -0.659483 0.258760 0.705780
vn -0.647928 0.315217 0.693417
vn -0.647928 0.315217 0.693417
vn -0.647928 0.315217 0.693417
vn -0.647928 0.315217 0.693417
vn -0.548556 0.418419 -0.723887
vn -0.548556 0.418419 -0.723887
vn -0.548556 0.418419 -0.723887
vn -0.548556 0.418419 -0.723887
vn -0.561464 0.368515 -0.740914
vn -0.561464 0.368515 -0.740914
vn -0.561464 0.368515 -0.740914
vn -0.561464 0.368515 -0.740914
vn 0.238856 0.368510 -0.898414
vn 0.238856 0.368510 -0.898414
vn 0.238856 0.368510 -0.898414
vn 0.238856 0.368510 -0.898414
vn -0.583394 0.258762 -0.769866
vn -0.583394 0.258762 -0.769866
vn -0.583394 0.258762 -0.769866
vn -0.583394 0.258762 -0.769866
vn 0.248196 0.258758 -0.933511
vn 0.248196 0.258758 -0.933511
vn 0.248196 0.258758 -0.933511
vn 0.248196 0.258758 -0.933511
vn 0.243815 0.315198 -0.917172
vn 0.243815 0.315198 -0.917172
vn 0.243815 0.315198 -0.917172
vn 0.243815 0.315198 -0.917172
vn 0.845044 0.258762 0.467913
vn 0.845044 0.258762 0.467913
vn 0.845044 0.258762 0.467913
vn 0.845044 0.258762 0.467913
vn 0.830252 0.315209 0.459700
vn 0.830252 0.315209 0.459700
vn 0.830252 0.315209 0.459700
vn 0.830252 0.315209 0.459700
vn 0.873127 0.315214 -0.371873
vn 0.873127 0.315214 -0.371873
vn 0.873127 0.315214 -0.371873
vn 0.873127 0.315214 -0.371873
vn -0.603921 0.010816 -0.796971
vn -0.603921 0.010816 -0.796971
vn 0.256918 0.010815 -0.966372
vn 0.256918 0.010815 -0.966373
vn 0.256207 0.074868 -0.963718
vn 0.256207 0.074868 -0.963718
vn 0.256207 0.074868 -0.963718
vn 0.256207 0.074868 -0.963718
vn 0.874787 0.010826 0.484387
vn 0.874787 0.010826 0.484387
vn 0.872388 0.074876 0.483046
vn 0.872388 0.074876 0.483046
vn 0.872388 0.074876 0.483046
vn 0.872388 0.074876 0.483046
vn 0.917452 0.074876 -0.390736
vn 0.917452 0.074876 -0.390737
vn 0.917452 0.074876 -0.390736
vn 0.917452 0.074876 -0.390736
vn 0.857264 0.199513 0.474651
vn 0.857264 0.199513 0.474651
vn 0.857264 0.199513 0.474651
vn 0.857264 0.199513 0.474651
vn 0.901527 0.199513 -0.383983
vn 0.901527 0.199513 -0.383983
vn 0.901527 0.199513 -0.383983
vn 0.901527 0.199513 -0.383983
vn 0.911226 0.138016 -0.388096
vn 0.911226 0.138016 -0.388096
vn 0.911226 0.138016 -0.388096
vn 0.911226 0.138016 -0.388096
vn -0.880560 -0.010818 0.473811
vn -0.880560 -0.010818 0.473811
vn -0.168043 -0.010808 0.985720
vn -0.168043 -0.010808 0.985720
vn -0.167565 -0.074874 0.983014
vn -0.167565 -0.074874 0.983014
vn -0.167565 -0.074874 0.983014
vn -0.167565 -0.074874 0.983014
vn 0.996982 -0.010807 -0.076884
vn 0.996982 -0.010807 -0.076884
vn 0.994238 -0.074881 -0.076708
vn 0.994238 -0.074881 -0.076708
vn 0.994238 -0.074881 -0.076708
vn 0.994238 -0.074881 -0.076708
vn 0.672010 -0.074877 0.736747
vn 0.672010 -0.074877 0.736747
vn 0.672010 -0.074877 0.736747
vn 0.672010 -0.074877 0.736747
vn 0.976991 -0.199522 -0.075367
vn 0.976991 -0.199522 -0.075367
vn 0.976991 -0.199522 -0.075367
vn 0.976991 -0.199522 -0.075367
vn 0.660351 -0.199528 0.723965
vn 0.660351 -0.199528 0.723965
vn 0.660351 -0.199528 0.723965
vn 0.660351 -0.199528 0.723965
vn 0.667449 -0.138018 0.731753
vn 0.667449 -0.138018 0.731753
vn 0.667449 -0.138018 0.731753
vn 0.667449 -0.138018 0.731753
vn -0.826811 -0.003025 0.562471
vn -0.814041 0.003033 0.580800
vn -0.842586 -0.010816 0.538453
vn -0.842586 -0.010816 0.538453
vn -0.840265 -0.074876 0.536980
vn -0.840265 -0.074876 0.536980
vn -0.840265 -0.074876 0.536980
vn -0.840265 -0.074876 0.536980
vn -0.940216 -0.074867 -0.332248
vn -0.940216 -0.074867 -0.332248
vn -0.940216 -0.074867 -0.332248
vn -0.940216 -0.074867 -0.332248
vn -0.825698 -0.199518 0.527650
vn -0.825698 -0.199518 0.527650
vn -0.825698 -0.199518 0.527650
vn -0.825698 -0.199518 0.527650
vn -0.923909 -0.199515 -0.326475
vn -0.923909 -0.199515 -0.326475
vn -0.923909 -0.199515 -0.326475
vn -0.923909 -0.199515 -0.326475
vn -0.933836 -0.138003 -0.330007
vn -0.933836 -0.138003 -0.330007
vn -0.933836 -0.138003 -0.330007
vn -0.933836 -0.138003 -0.330007
vn 0.541500 -0.199522 -0.816682
vn 0.541499 -0.199522 -0.816682
vn 0.541500 -0.199522 -0.816682
vn 0.541500 -0.199522 -0.816682
vn 0.547342 -0.138004 -0.825453
vn 0.547342 -0.138004 -0.825452
vn 0.547342 -0.138004 -0.825453
vn 0.547342 -0.138004 -0.825452
vn -0.314185 -0.138008 -0.939277
vn -0.314185 -0.138008 -0.939277
vn -0.314185 -0.138008 -0.939277
vn -0.314185 -0.138008 -0.939277
vn -0.765336 -0.418414 0.489072
vn -0.765336 -0.418414 0.489072
vn -0.765336 -0.418414 0.489072
vn -0.765336 -0.418414 0.489072
vn -0.856364 -0.418405 -0.302618
vn -0.856364 -0.418405 -0.302618
vn -0.856364 -0.418405 -0.302618
vn -0.856364 -0.418405 -0.302618
vn -0.876509 -0.368506 -0.309735
vn -0.876509 -0.368506 -0.309735
vn -0.876509 -0.368506 -0.309735
vn -0.876509 -0.368506 -0.309735
vn 0.501898 -0.418421 -0.756982
vn 0.501898 -0.418421 -0.756982
vn 0.501898 -0.418421 -0.756982
vn 0.501898 -0.418421 -0.756982
vn 0.513740 -0.368504 -0.774775
vn 0.513740 -0.368504 -0.774775
vn 0.513740 -0.368504 -0.774775
vn 0.513740 -0.368504 -0.774775
vn -0.294898 -0.368512 -0.881609
vn -0.294898 -0.368512 -0.881609
vn -0.294898 -0.368512 -0.881609
vn -0.294898 -0.368512 -0.881609
vn 0.533798 -0.258753 -0.805050
vn 0.533798 -0.258753 -0.805050
vn 0.533798 -0.258753 -0.805050
vn 0.533798 -0.258753 -0.805050
vn -0.306429 -0.258758 -0.916049
vn -0.306429 -0.258758 -0.916049
vn -0.306429 -0.258758 -0.916049
vn -0.306429 -0.258758 -0.916049
vn -0.301060 -0.315214 -0.900002
vn -0.301060 -0.315214 -0.900002
vn -0.301060 -0.315214 -0.900002
vn -0.301060 -0.315214 -0.900002
vn -0.762963 0.418416 0.492763
vn -0.762963 0.418416 0.492763
vn -0.762963 0.418416 0.492763
vn -0.762963 0.418416 0.492763
vn -0.080755 0.418422 0.904656
vn -0.080755 0.418422 0.904656
vn -0.080755 0.418422 0.904656
vn -0.080755 0.418422 0.904656
vn -0.082633 0.368512 0.925943
vn -0.082633 0.368512 0.925943
vn -0.082633 0.368512 0.925943
vn -0.082633 0.368512 0.925943
vn 0.897113 0.418408 -0.141858
vn 0.897113 0.418408 -0.141858
vn 0.897113 0.418408 -0.141858
vn 0.897113 0.418408 -0.141858
vn 0.918216 0.368524 -0.145155
vn 0.918215 0.368524 -0.145155
vn 0.918216 0.368524 -0.145155
vn 0.918215 0.368525 -0.145155
vn 0.679225 0.368526 0.634698
vn 0.679225 0.368526 0.634698
vn 0.679225 0.368526 0.634698
vn 0.679225 0.368526 0.634698
vn 0.954090 0.258756 -0.150853
vn 0.954090 0.258756 -0.150853
vn 0.954090 0.258756 -0.150853
vn 0.954090 0.258756 -0.150853
vn 0.705784 0.258757 0.659479
vn 0.705784 0.258757 0.659479
vn 0.705785 0.258757 0.659479
vn 0.705785 0.258757 0.659479
vn 0.693422 0.315214 0.647925
vn 0.693422 0.315214 0.647925
vn 0.693422 0.315214 0.647925
vn 0.693422 0.315214 0.647925
vn -0.723886 0.418418 0.548558
vn -0.723886 0.418418 0.548558
vn -0.723886 0.418418 0.548558
vn -0.723886 0.418418 0.548558
vn -0.740924 0.368523 0.561447
vn -0.740924 0.368523 0.561447
vn -0.740924 0.368523 0.561447
vn -0.740924 0.368523 0.561447
vn -0.898416 0.368507 -0.238856
vn -0.898416 0.368507 -0.238856
vn -0.898416 0.368507 -0.238856
vn -0.898415 0.368507 -0.238856
vn -0.769870 0.258764 0.583388
vn -0.769870 0.258765 0.583388
vn -0.769870 0.258764 0.583388
vn -0.769870 0.258764 0.583388
vn -0.933513 0.258757 -0.248189
vn -0.933513 0.258757 -0.248189
vn -0.933513 0.258757 -0.248189
vn -0.933513 0.258757 -0.248189
vn -0.917162 0.315210 -0.243838
vn -0.917162 0.315210 -0.243838
vn -0.917162 0.315210 -0.243838
vn -0.917162 0.315210 -0.243838
vn 0.467912 0.258761 -0.845045
vn 0.467912 0.258761 -0.845045
vn 0.467912 0.258761 -0.845045
vn 0.467912 0.258761 -0.845045
vn 0.459696 0.315205 -0.830256
vn 0.459696 0.315205 -0.830256
vn 0.459696 0.315205 -0.830256
vn 0.459696 0.315205 -0.830256
vn -0.371868 0.315215 -0.873129
vn -0.371868 0.315215 -0.873129
vn -0.371868 0.315215 -0.873129
vn -0.371868 0.315215 -0.873129
vn -0.796973 0.010824 0.603918
vn -0.796973 0.010824 0.603918
vn -0.966367 0.010826 -0.256937
vn -0.966367 0.010826 -0.256937
vn -0.963722 0.074861 -0.256195
vn -0.963722 0.074861 -0.256195
vn -0.963722 0.074861 -0.256195
vn -0.963722 0.074861 -0.256195
vn 0.484365 0.010813 -0.874799
vn 0.484365 0.010813 -0.874799
vn 0.483048 0.074877 -0.872386
vn 0.483048 0.074877 -0.872387
vn 0.483048 0.074877 -0.872386
vn 0.483048 0.074877 -0.872387
vn -0.390748 0.074871 -0.917448
vn -0.390748 0.074871 -0.917448
vn -0.390748 0.074871 -0.917448
vn -0.390748 0.074871 -0.917448
vn 0.474646 0.199509 -0.857267
vn 0.474646 0.199509 -0.857267
vn 0.474646 0.199509 -0.857267
vn 0.474646 0.199509 -0.857267
vn -0.383970 0.199520 -0.901531
vn -0.383970 0.199520 -0.901531
vn -0.383970 0.199520 -0.901531
vn -0.383970 0.199520 -0.901531
vn -0.388068 0.138030 -0.911236
vn -0.388068 0.138030 -0.911236
vn -0.388068 0.138030 -0.911236
vn -0.388068 0.138030 -0.911236
vn 0.473824 -0.010825 0.880553
vn 0.473824 -0.010825 0.880553
vn 0.985719 -0.010806 0.168049
vn 0.985719 -0.010806 0.168049
vn 0.983015 -0.074878 0.167555
vn 0.983015 -0.074878 0.167555
vn 0.983015 -0.074878 0.167555
vn 0.983015 -0.074878 0.167555
vn -0.076893 -0.010812 -0.996981
vn -0.076893 -0.010812 -0.996981
vn -0.076693 -0.074872 -0.994240
vn -0.076693 -0.074872 -0.994240
vn -0.076693 -0.074872 -0.994240
vn -0.076693 -0.074872 -0.994240
vn 0.736744 -0.074880 -0.672013
vn 0.736744 -0.074880 -0.672013
vn 0.736744 -0.074880 -0.672013
vn 0.736744 -0.074880 -0.672013
vn -0.075364 -0.199522 -0.976991
vn -0.075364 -0.199522 -0.976991
vn -0.075364 -0.199522 -0.976991
vn -0.075364 -0.199522 -0.976991
vn 0.723972 -0.199523 -0.660344
vn 0.723972 -0.199523 -0.660344
vn 0.723972 -0.199523 -0.660344
vn 0.723972 -0.199523 -0.660344
vn 0.731756 -0.138018 -0.667446
vn 0.731756 -0.138018 -0.667446
vn 0.731756 -0.138018 -0.667446
vn 0.731756 -0.138018 -0.667446
vn 0.562470 -0.003027 0.826812
vn 0.580806 0.003025 0.814037
vn 0.538443 -0.010810 0.842592
vn 0.538443 -0.010810 0.842592
vn 0.536979 -0.074876 0.840266
vn 0.536979 -0.074876 0.840266
vn 0.536979 -0.074876 0.840266
vn 0.536979 -0.074876 0.840266
vn -0.332234 -0.074876 0.940220
vn -0.332234 -0.074876 0.940220
vn -0.332234 -0.074876 0.940220
vn -0.332234 -0.074876 0.940220
vn 0.527657 -0.199524 0.825693
vn 0.527657 -0.199524 0.825693
vn 0.527657 -0.199524 0.825693
vn 0.527657 -0.199524 0.825693
vn -0.326477 -0.199521 0.923907
vn -0.326477 -0.199521 0.923907
vn -0.326477 -0.199522 0.923907
vn -0.326477 -0.199522 0.923907
vn -0.329984 -0.138020 0.933842
vn -0.329984 -0.138020 0.933842
vn -0.329984 -0.138020 0.933842
vn -0.329984 -0.138020 0.933842
vn -0.816671 -0.199514 -0.541518
vn -0.816671 -0.199514 -0.541518
vn -0.816671 -0.199514 -0.541518
vn -0.816671 -0.199514 -0.541518
vn -0.825465 -0.138021 -0.547318
vn -0.825465 -0.138021 -0.547318
vn -0.825465 -0.138021 -0.547318
vn -0.825465 -0.138021 -0.547318
vn -0.939270 -0.138020 0.314202
vn -0.939270 -0.138020 0.314202
vn -0.939270 -0.138020 0.314202
vn -0.939270 -0.138020 0.314202
vn 0.489070 -0.418415 0.765336
vn 0.489070 -0.418415 0.765336
vn 0.489070 -0.418415 0.765336
vn 0.489070 -0.418415 0.765336
vn -0.302618 -0.418407 0.856363
vn -0.302618 -0.418407 0.856363
vn -0.302618 -0.418407 0.856363
vn -0.302618 -0.418407 0.856363
vn -0.309728 -0.368516 0.876507
vn -0.309728 -0.368516 0.876507
vn -0.309728 -0.368516 0.876507
vn -0.309728 -0.368516 0.876507
vn -0.756979 -0.418417 -0.501907
vn -0.756979 -0.418417 -0.501907
vn -0.756979 -0.418417 -0.501907
vn -0.756979 -0.418417 -0.501907
vn -0.774777 -0.368507 -0.513735
vn -0.774777 -0.368507 -0.513735
vn -0.774777 -0.368507 -0.513735
vn -0.774777 -0.368507 -0.513735
vn -0.881610 -0.368512 0.294895
vn -0.881610 -0.368512 0.294895
vn -0.881610 -0.368512 0.294895
vn -0.881610 -0.368512 0.294895
vn -0.805059 -0.258764 -0.533781
vn -0.805059 -0.258764 -0.533781
vn -0.805059 -0.258764 -0.533781
vn -0.805059 -0.258764 -0.533781
vn -0.916038 -0.258772 0.306450
vn -0.916038 -0.258772 0.306450
vn -0.916038 -0.258772 0.306450
vn -0.916038 -0.258772 0.306450
vn -0.900003 -0.315213 0.301056
vn -0.900003 -0.315213 0.301056
vn -0.900003 -0.315213 0.301056
vn -0.900003 -0.315213 0.301056
vn 0.492755 0.418420 0.762966
vn 0.492755 0.418420 0.762966
vn 0.492755 0.418420 0.762966
vn 0.492755 0.418420 0.762966
vn 0.904653 0.418425 0.080760
vn 0.904653 0.418425 0.080760
vn 0.904654 0.418425 0.080760
vn 0.904654 0.418425 0.080760
vn 0.925942 0.368513 0.082637
vn 0.925942 0.368513 0.082637
vn 0.925942 0.368513 0.082637
vn 0.925942 0.368513 0.082637
vn -0.141851 0.418410 -0.897113
vn -0.141851 0.418410 -0.897113
vn -0.141851 0.418410 -0.897113
vn -0.141851 0.418410 -0.897113
vn -0.145182 0.368513 -0.918216
vn -0.145182 0.368513 -0.918216
vn -0.145182 0.368513 -0.918216
vn -0.145182 0.368513 -0.918216
vn 0.634688 0.368519 -0.679239
vn 0.634688 0.368519 -0.679239
vn 0.634688 0.368519 -0.679239
vn 0.634688 0.368519 -0.679239
vn -0.150842 0.258760 -0.954091
vn -0.150842 0.258760 -0.954091
vn -0.150842 0.258760 -0.954091
vn -0.150842 0.258760 -0.954091
vn 0.659486 0.258764 -0.705776
vn 0.659486 0.258764 -0.705776
vn 0.659486 0.258764 -0.705776
vn 0.659486 0.258764 -0.705776
vn 0.647926 0.315215 -0.693421
vn 0.647926 0.315215 -0.693421
vn 0.647926 0.315215 -0.693420
vn 0.647926 0.315215 -0.693421
vn 0.548551 0.418421 0.723889
vn 0.548551 0.418421 0.723889
vn 0.548551 0.418421 0.723889
vn 0.548551 0.418421 0.723889
vn 0.561467 0.368513 0.740914
vn 0.561467 0.368513 0.740914
vn 0.561467 0.368513 0.740914
vn 0.561467 0.368513 0.740914
vn -0.238846 0.368506 0.898419
vn -0.238846 0.368506 0.898419
vn -0.238846 0.368506 0.898419
vn -0.238846 0.368506 0.898419
vn 0.583380 0.258768 0.769875
vn 0.583380 0.258768 0.769875
vn 0.583380 0.258768 0.769875
vn 0.583380 0.258768 0.769875
vn -0.248206 0.258765 0.933507
vn -0.248206 0.258765 0.933507
vn -0.248206 0.258765 0.933507
vn -0.248205 0.258765 0.933507
vn -0.243819 0.315201 0.917170
vn -0.243819 0.315201 0.917170
vn -0.243819 0.315201 0.917170
vn -0.243819 0.315201 0.917170
vn -0.845047 0.258760 -0.467909
vn -0.845047 0.258760 -0.467909
vn -0.845047 0.258760 -0.467909
vn -0.845047 0.258760 -0.467909
vn -0.830248 0.315213 -0.459706
vn -0.830248 0.315213 -0.459706
vn -0.830248 0.315213 -0.459706
vn -0.830248 0.315213 -0.459706
vn -0.873128 0.315214 0.371870
vn -0.873128 0.315214 0.371870
vn -0.873128 0.315215 0.371870
vn -0.873128 0.315215 0.371870
vn 0.603932 0.010808 0.796963
vn 0.603932 0.010808 0.796963
vn -0.256905 0.010805 0.966376
vn -0.256905 0.010805 0.966376
vn -0.256205 0.074867 0.963719
vn -0.256205 0.074867 0.963719
vn -0.256205 0.074867 0.963719
vn -0.256205 0.074867 0.963719
vn -0.874799 0.010813 -0.484366
vn -0.874799 0.010813 -0.484366
vn -0.872390 0.074872 -0.483042
vn -0.872390 0.074872 -0.483042
vn -0.872390 0.074872 -0.483042
vn -0.872390 0.074872 -0.483042
vn -0.917452 0.074875 0.390737
vn -0.917452 0.074875 0.390737
vn -0.917452 0.074875 0.390737
vn -0.917452 0.074875 0.390737
vn -0.857271 0.199506 -0.474640
vn -0.857271 0.199506 -0.474640
vn -0.857271 0.199506 -0.474640
vn -0.857271 0.199506 -0.474640
vn -0.901530 0.199516 0.383975
vn -0.901530 0.199516 0.383975
vn -0.901530 0.199516 0.383975
vn -0.901530 0.199516 0.383975
vn -0.911227 0.138015 0.388094
vn -0.911227 0.138015 0.388094
vn -0.911227 0.138015 0.388094
vn -0.911227 0.138015 0.388094
vn 0.880554 -0.010825 -0.473822
vn 0.880554 -0.010825 -0.473822
vn 0.168021 -0.010820 -0.985724
vn 0.168021 -0.010820 -0.985724
vn 0.167581 -0.074865 -0.983012
vn 0.167581 -0.074865 -0.983012
vn 0.167581 -0.074865 -0.983012
vn 0.167581 -0.074865 -0.983012
vn -0.996981 -0.010812 0.076894
vn -0.996981 -0.010812 0.076894
vn -0.994238 -0.074879 0.076708
vn -0.994238 -0.074879 0.076708
vn -0.994238 -0.074879 0.076708
vn -0.994238 -0.074879 0.076708
vn -0.671999 -0.074869 -0.736758
vn -0.671999 -0.074869 -0.736758
vn -0.671999 -0.074869 -0.736758
vn -0.671999 -0.074869 -0.736758
vn -0.976992 -0.199519 0.075360
vn -0.976992 -0.199519 0.075360
vn -0.976992 -0.199519 0.075360
vn -0.976992 -0.199519 0.075360
vn -0.660342 -0.199522 -0.723975
vn -0.660342 -0.199522 -0.723975
vn -0.660342 -0.199522 -0.723975
vn -0.660342 -0.199522 -0.723975
vn -0.667455 -0.138023 -0.731746
vn -0.667455 -0.138023 -0.731746
vn -0.667455 -0.138023 -0.731746
vn -0.667455 -0.138023 -0.731746
vn 0.842594 -0.010806 -0.538441
vn 0.842594 -0.010806 -0.538441
vn 0.840262 -0.074881 -0.536985
vn 0.840262 -0.074881 -0.536985
vn 0.840262 -0.074881 -0.536985
vn 0.840262 -0.074881 -0.536985
vn 0.940224 -0.074879 0.332224
vn 0.940224 -0.074879 0.332224
vn 0.940224 -0.074879 0.332224
vn 0.940224 -0.074879 0.332224
vn 0.825702 -0.199514 -0.527646
vn 0.825702 -0.199514 -0.527646
vn 0.825702 -0.199514 -0.527646
vn 0.825702 -0.199514 -0.527646
vn 0.923906 -0.199515 0.326484
vn 0.923906 -0.199515 0.326484
vn 0.923906 -0.199515 0.326484
vn 0.923906 -0.199515 0.326484
vn 0.933838 -0.138005 0.330002
vn 0.933838 -0.138005 0.330002
vn 0.933838 -0.138005 0.330002
vn 0.933838 -0.138005 0.330002
vn -0.541520 -0.199510 0.816671
vn -0.541520 -0.199510 0.816671
vn -0.541520 -0.199510 0.816671
vn -0.541520 -0.199510 0.816671
vn -0.547325 -0.138012 0.825462
vn -0.547325 -0.138012 0.825462
vn -0.547325 -0.138012 0.825462
vn -0.547325 -0.138012 0.825462
vn 0.314198 -0.138016 0.939272
vn 0.314198 -0.138016 0.939272
vn 0.314198 -0.138016 0.939271
vn 0.314198 -0.138016 0.939271
vn 0.765334 -0.418415 -0.489074
vn 0.765334 -0.418415 -0.489074
vn 0.765334 -0.418415 -0.489074
vn 0.765334 -0.418415 -0.489074
vn 0.856364 -0.418404 0.302618
vn 0.856364 -0.418404 0.302618
vn 0.856364 -0.418404 0.302618
vn 0.856364 -0.418404 0.302618
vn 0.876511 -0.368517 0.309715
vn 0.876511 -0.368517 0.309715
vn 0.876511 -0.368517 0.309715
vn 0.876511 -0.368517 0.309715
vn -0.501894 -0.418422 0.756984
vn -0.501894 -0.418422 0.756984
vn -0.501894 -0.418422 0.756984
vn -0.501894 -0.418422 0.756984
vn -0.513754 -0.368497 0.774769
vn -0.513754 -0.368497 0.774769
vn -0.513754 -0.368497 0.774769
vn -0.513754 -0.368497 0.774769
vn 0.294912 -0.368518 0.881602
vn 0.294912 -0.368518 0.881602
vn 0.294912 -0.368518 0.881602
vn 0.294912 -0.368518 0.881602
vn -0.533787 -0.258760 0.805055
vn -0.533788 -0.258760 0.805055
vn -0.533787 -0.258760 0.805055
vn -0.533788 -0.258760 0.805055
vn 0.306433 -0.258761 0.916047
vn 0.306433 -0.258761 0.916047
vn 0.306433 -0.258761 0.916047
vn 0.306433 -0.258761 0.916047
vn 0.301050 -0.315208 0.900007
vn 0.301050 -0.315208 0.900007
vn 0.301050 -0.315208 0.900007
vn 0.301050 -0.315208 0.900007
vn -0.527937 -0.849262 -0.006080
vn -0.526359 -0.842716 0.113026
vn -0.703858 -0.702650 0.104245
vn -0.638976 -0.639443 -0.427578
vn 0.524998 -0.845839 0.094521
vn 0.475328 -0.799914 -0.366336
vn 0.640034 -0.639488 -0.425924
vn 0.708417 -0.701520 0.077556
vn 0.799521 -0.475494 -0.366976
vn 0.839564 -0.541916 0.038208
vn 0.839017 0.544055 0.007405
vn 0.800265 0.475888 -0.364837
vn 0.640192 0.640189 -0.424631
vn 0.668296 0.742692 0.042286
vn -0.838131 -0.539252 0.082113
vn -0.798762 -0.475093 -0.369142
vn -0.799353 0.475404 -0.367458
vn -0.837277 0.546747 -0.005883
vn -0.659631 0.750886 0.032521
vn -0.639067 0.640087 -0.426477
vn 0.475867 0.800371 -0.364634
vn 0.514638 0.854990 0.064346
vn -0.499744 0.864212 0.058253
vn -0.475300 0.799538 -0.367192
vn 0.310232 -0.572057 -0.759281
vn 0.448618 -0.448814 -0.772857
vn 0.571631 -0.309930 -0.759724
vn -0.449592 -0.449443 -0.771925
vn -0.310594 -0.572756 -0.758606
vn -0.310594 -0.572756 -0.758606
vn -0.572922 -0.310616 -0.758471
vn -0.310149 0.571967 -0.759382
vn -0.449169 0.448869 -0.772505
vn -0.572469 0.310414 -0.758896
vn 0.448182 0.448227 -0.773450
vn 0.309764 0.571263 -0.760069
vn 0.571173 0.309706 -0.760160
vn 0.713169 -0.678828 0.174875
vn 0.500590 -0.795895 0.340530
vn 0.792146 -0.604627 0.083254
vn -0.502934 -0.755653 0.419579
vn -0.698820 -0.657442 0.281818
vn -0.788025 -0.586380 0.187548
vn -0.588270 0.807172 0.049108
vn -0.425831 0.900955 0.083362
vn -0.809883 0.586536 -0.008067
vn 0.483238 0.870897 0.089549
vn 0.629511 0.774708 0.059528
vn 0.817040 0.576477 0.010994
vn 0.356348 -0.860285 -0.364589
vn 0.356348 -0.860285 -0.364589
vn 0.860288 -0.356347 -0.364584
vn 0.860288 -0.356347 -0.364584
vn -0.356348 -0.860285 -0.364589
vn -0.356348 -0.860285 -0.364589
vn -0.860288 -0.356347 -0.364584
vn -0.860288 -0.356347 -0.364584
vn -0.356345 0.860289 -0.364585
vn -0.356345 0.860289 -0.364584
vn -0.860290 0.356342 -0.364584
vn -0.860290 0.356342 -0.364584
vn 0.356345 0.860289 -0.364584
vn 0.356345 0.860289 -0.364584
vn 0.860290 0.356341 -0.364584
vn 0.860290 0.356341 -0.364584
vn 0.380563 -0.918740 -0.105302
vn 0.380563 -0.918740 -0.105302
vn 0.382686 -0.923879 0.000000
vn 0.382686 -0.923879 0.000000
vn 0.918744 -0.380554 -0.105299
vn 0.918744 -0.380555 -0.105299
vn 0.923882 -0.382678 0.000000
vn 0.923882 -0.382678 0.000000
vn -0.380562 -0.918740 -0.105301
vn -0.380562 -0.918740 -0.105301
vn -0.382686 -0.923878 0.000003
vn -0.382686 -0.923878 0.000003
vn -0.918744 -0.380554 -0.105299
vn -0.918744 -0.380554 -0.105299
vn -0.923882 -0.382678 0.000000
vn -0.923882 -0.382678 0.000000
vn -0.380556 0.918743 -0.105297
vn -0.380556 0.918743 -0.105297
vn -0.382683 0.923880 0.000000
vn -0.382683 0.923880 0.000000
vn -0.918745 0.380553 -0.105297
vn -0.918745 0.380553 -0.105297
vn -0.923880 0.382682 -0.000001
vn -0.923880 0.382682 -0.000001
vn 0.380556 0.918743 -0.105297
vn 0.380556 0.918743 -0.105297
vn 0.382683 0.923880 -0.000000
vn 0.382682 0.923880 -0.000000
vn 0.918745 0.380553 -0.105297
vn 0.918745 0.380553 -0.105297
vn 0.923880 0.382681 -0.000001
vn 0.923880 0.382681 -0.000001
vn -0.373946 -0.902766 -0.212551
vn -0.373946 -0.902766 -0.212551
vn 0.373946 -0.902766 -0.212551
vn 0.373946 -0.902766 -0.212551
vn 0.902770 -0.373940 -0.212546
vn 0.902770 -0.373940 -0.212546
vn -0.902770 -0.373940 -0.212546
vn -0.902770 -0.373940 -0.212546
vn -0.902771 0.373937 -0.212546
vn -0.902771 0.373937 -0.212545
vn 0.373940 0.902770 -0.212546
vn 0.373940 0.902770 -0.212546
vn -0.373940 0.902770 -0.212546
vn -0.373940 0.902770 -0.212546
vn 0.902771 0.373937 -0.212546
vn 0.902771 0.373937 -0.212546
vn -0.585348 0.417083 -0.695277
vn -0.425472 0.339843 -0.838737
vn -0.163862 0.681779 -0.712971
vn -0.317136 0.743176 -0.589164
vn 0.488361 -0.190476 -0.851600
vn 0.637733 -0.292690 -0.712481
vn 0.790035 0.100670 -0.604739
vn 0.658110 0.204769 -0.724542
vn 0.753869 -0.379651 -0.536234
vn 0.896859 0.034656 -0.440957
vn 0.714724 -0.472591 0.515584
vn 0.585347 -0.417083 0.695277
vn 0.742616 -0.011937 0.669611
vn 0.861650 -0.048940 0.505137
vn 0.425464 -0.339839 0.838743
vn 0.601542 0.070433 0.795730
vn -0.488372 0.190478 0.851593
vn -0.637734 0.292688 0.712481
vn -0.364561 0.630570 0.685184
vn -0.220439 0.547442 0.807288
vn -0.753864 0.379644 0.536245
vn -0.459175 0.717552 0.523715
vn -0.714718 0.472588 -0.515595
vn -0.423965 0.801153 -0.422384
vn -0.707318 -0.434970 0.557228
vn -0.846363 -0.359995 0.392522
vn -0.836407 -0.022582 0.547643
vn -0.708427 -0.104418 0.698018
vn -0.836871 0.174754 -0.518756
vn -0.694611 0.280697 -0.662363
vn -0.696532 0.564828 -0.442506
vn -0.827573 0.474640 -0.299733
vn -0.516058 0.372069 -0.771524
vn -0.528514 0.659094 -0.535041
vn 0.531296 0.487323 -0.692994
vn 0.707268 0.434989 -0.557277
vn 0.615057 0.709376 -0.344226
vn 0.446519 0.766227 -0.462079
vn 0.846358 0.359993 -0.392534
vn 0.739735 0.647672 -0.182518
vn 0.836868 -0.174740 0.518766
vn 0.694589 -0.280690 0.662389
vn 0.603197 0.039977 0.796590
vn 0.730902 0.149898 0.665817
vn 0.516076 -0.372038 0.771527
vn 0.432374 -0.033656 0.901066
vn -0.531296 -0.487319 0.692997
vn -0.542725 -0.140765 0.828031
vn -0.592853 -0.412362 -0.691725
vn -0.434355 -0.334434 -0.836355
vn -0.589256 0.009429 -0.807892
vn -0.733208 -0.075076 -0.675847
vn 0.479873 0.195020 -0.855388
vn 0.630759 0.296252 -0.717201
vn 0.408604 0.586160 -0.699614
vn 0.259640 0.501033 -0.825562
vn 0.748780 0.382050 -0.541634
vn 0.509280 0.674655 -0.534298
vn 0.720458 0.468811 0.511036
vn 0.592852 0.412368 0.691722
vn 0.373233 0.694510 0.615104
vn 0.482985 0.755211 0.443150
vn 0.434354 0.334437 0.836354
vn 0.217379 0.630478 0.745147
vn -0.479884 -0.195014 0.855384
vn -0.630763 -0.296242 0.717202
vn -0.768585 0.033277 0.638882
vn -0.631530 0.138870 0.762814
vn -0.748776 -0.382035 0.541649
vn -0.881145 -0.034745 0.471567
vn -0.720461 -0.468803 -0.511037
vn -0.854855 -0.115308 -0.505893
vn -0.706731 -0.288592 -0.645946
vn -0.529714 -0.376961 -0.759805
vn -0.410842 0.088730 -0.907378
vn -0.571199 0.154049 -0.806226
vn 0.520874 -0.477268 -0.707747
vn 0.699316 -0.422859 -0.576322
vn 0.666152 0.035072 -0.744991
vn 0.508335 -0.000356 -0.861159
vn 0.841428 -0.346368 -0.414762
vn 0.785949 0.113595 -0.607767
vn 0.846925 0.185184 0.498422
vn 0.706673 0.288636 0.645990
vn 0.672615 0.661637 0.331401
vn 0.790783 0.580459 0.194242
vn 0.529708 0.376979 0.759801
vn 0.516019 0.745990 0.420978
vn -0.520871 0.477271 0.707747
vn -0.699380 0.422833 0.576264
vn -0.564731 0.780096 0.269314
vn -0.403114 0.834958 0.374624
vn -0.841435 0.346360 0.414754
vn -0.683084 0.720622 0.118746
vn -0.846915 -0.185190 -0.498438
vn -0.687871 0.256213 -0.679109
vn -0.390549 0.674399 -0.626624
vn -0.243343 0.596793 -0.764606
vn 0.622668 0.094234 -0.776792
vn 0.765949 0.003264 -0.642893
vn 0.874259 -0.085039 -0.477953
vn 0.837165 -0.173113 0.518832
vn 0.716416 -0.114357 0.688237
vn 0.563063 -0.047311 0.825059
vn -0.302955 0.455244 0.837240
vn -0.440087 0.556772 0.704505
vn -0.554542 0.634509 0.538407
vn -0.517444 0.722591 -0.458381
vn -0.716717 -0.133532 0.684461
vn -0.853834 -0.070302 0.515777
vn -0.844962 0.423881 -0.326135
vn -0.704687 0.538963 -0.461448
vn -0.531028 0.627337 -0.569612
vn 0.462087 0.733570 -0.498349
vn 0.627142 0.687692 -0.365750
vn 0.761416 0.611817 -0.214301
vn 0.752423 0.104428 0.650350
vn 0.615148 0.010456 0.788342
vn 0.447652 -0.081413 0.890494
vn -0.545469 -0.186401 0.817140
vn -0.723513 -0.109550 -0.681563
vn -0.571489 -0.041853 -0.819542
vn 0.294901 0.459883 -0.837581
vn 0.433494 0.560488 -0.705645
vn 0.549719 0.637123 -0.540261
vn 0.522883 0.719335 0.457331
vn 0.397650 0.670277 0.626581
vn 0.251766 0.592004 0.765601
vn -0.614633 0.090264 0.783632
vn -0.759359 0.000239 0.650672
vn -0.869432 -0.086970 0.486337
vn -0.842595 -0.169183 -0.511284
vn -0.632793 0.005922 -0.774299
vn -0.467909 -0.083001 -0.879870
vn 0.545852 -0.190741 -0.815882
vn 0.694293 -0.137930 -0.706351
vn 0.806908 -0.082504 -0.584886
vn 0.812732 0.463809 0.352631
vn 0.701182 0.542770 0.462325
vn 0.553926 0.612551 0.563868
vn -0.459549 0.726458 0.510953
vn -0.625870 0.679446 0.382936
vn -0.763488 0.602115 0.233545
vn -0.768664 0.098323 -0.632050
vn -0.452855 0.605760 -0.654200
vn -0.580548 0.657628 -0.480092
vn -0.266775 0.783812 -0.560776
vn -0.412936 0.809226 -0.417895
vn -0.299099 0.528455 -0.794529
vn -0.154714 0.690713 -0.706385
vn 0.590361 0.012285 -0.807046
vn 0.736682 -0.084551 -0.670932
vn 0.661472 0.217068 -0.717870
vn 0.800932 0.164204 -0.575800
vn 0.848701 -0.171797 -0.500192
vn 0.898490 0.048185 -0.436342
vn 0.810600 -0.262260 0.523590
vn 0.685734 -0.205534 0.698230
vn 0.863528 -0.034829 0.503096
vn 0.755202 0.055611 0.653129
vn 0.529150 -0.133079 0.838028
vn 0.605305 0.083688 0.791582
vn -0.360318 0.383091 0.850537
vn -0.503805 0.484783 0.714958
vn -0.210886 0.557335 0.803060
vn -0.312507 0.675221 0.668144
vn -0.618644 0.567171 0.543688
vn -0.447894 0.726218 0.521534
vn -0.720593 -0.225525 0.655655
vn -0.547425 -0.276210 0.789958
vn -0.691844 -0.004572 0.722033
vn -0.537962 -0.086549 0.838514
vn -0.857759 -0.157924 0.489192
vn -0.826197 0.027450 0.562712
vn -0.848563 0.357902 -0.389676
vn -0.708253 0.468927 -0.527716
vn -0.817557 0.512178 -0.263198
vn -0.680482 0.634377 -0.366756
vn -0.532584 0.559817 -0.634791
vn -0.524072 0.694666 -0.492735
vn 0.487260 0.669721 -0.560403
vn 0.657954 0.620437 -0.426796
vn 0.428812 0.798457 -0.422596
vn 0.573060 0.772600 -0.273297
vn 0.794272 0.544978 -0.268573
vn 0.715372 0.682576 -0.149443
vn 0.785036 0.024171 0.618978
vn 0.645590 -0.075910 0.759902
vn 0.706750 0.196001 0.679770
vn 0.561735 0.133064 0.816546
vn 0.472435 -0.166931 0.865413
vn 0.414994 0.016659 0.909672
vn -0.693032 -0.200697 -0.692407
vn -0.816179 -0.258329 -0.516834
vn -0.755281 0.022348 -0.655020
vn -0.863872 -0.064918 -0.499511
vn -0.537802 -0.127577 -0.833363
vn -0.604151 0.057063 -0.794824
vn 0.352050 0.387754 -0.851885
vn 0.497023 0.488495 -0.717176
vn 0.226151 0.537906 -0.812104
vn 0.335753 0.654183 -0.677728
vn 0.613690 0.569752 -0.546596
vn 0.470258 0.707693 -0.527284
vn 0.586131 0.654187 0.478006
vn 0.460156 0.601421 0.653108
vn 0.444537 0.786485 0.428752
vn 0.301955 0.757708 0.578533
vn 0.307748 0.523434 0.794549
vn 0.184816 0.664502 0.724072
vn -0.582106 0.008102 0.813073
vn -0.729904 -0.087772 0.677891
vn -0.645494 0.183660 0.741354
vn -0.789084 0.125881 0.601249
vn -0.843744 -0.173887 0.507799
vn -0.889591 0.013883 0.456548
vn -0.662599 -0.081156 -0.744564
vn -0.799812 0.016739 -0.600017
vn -0.552416 0.191885 -0.811182
vn -0.696364 0.241850 -0.675711
vn -0.491078 -0.169653 -0.854436
vn -0.416775 0.072820 -0.906088
vn 0.538214 -0.276763 -0.796071
vn 0.703948 -0.221986 -0.674670
vn 0.512818 -0.018524 -0.858297
vn 0.656274 0.073185 -0.750965
vn 0.833776 -0.153467 -0.530345
vn 0.789829 0.092669 -0.606286
vn 0.839374 0.381217 0.387459
vn 0.711078 0.473549 0.519730
vn 0.794734 0.568909 0.211520
vn 0.662548 0.685766 0.301257
vn 0.546709 0.552786 0.628917
vn 0.520560 0.734500 0.435348
vn -0.482486 0.661685 0.573917
vn -0.655461 0.610764 0.444227
vn -0.408974 0.826014 0.387869
vn -0.546102 0.802996 0.238686
vn -0.794484 0.534148 0.288930
vn -0.691528 0.710623 0.129631
vn 0.226427 -0.841102 -0.491200
vn 0.226427 -0.841103 -0.491199
vn 0.207402 -0.881272 -0.424669
vn 0.207402 -0.881272 -0.424669
vn -0.735140 -0.141259 -0.663034
vn -0.735140 -0.141259 -0.663034
vn -0.598882 -0.050195 -0.799262
vn -0.598878 -0.050192 -0.799266
vn 0.694829 -0.573070 0.434516
vn 0.694831 -0.573069 0.434514
vn 0.828915 -0.467882 0.306571
vn 0.828915 -0.467883 0.306571
vn 0.054401 -0.819436 -0.570584
vn 0.054401 -0.819436 -0.570584
vn 0.035763 -0.862083 -0.505503
vn 0.035763 -0.862085 -0.505500
vn 0.130235 -0.900267 -0.415401
vn 0.130236 -0.900267 -0.415401
vn 0.053014 -0.898266 -0.436244
vn 0.053013 -0.898265 -0.436244
vn 0.543414 0.150829 -0.825804
vn 0.543414 0.150829 -0.825804
vn 0.706634 0.093449 -0.701381
vn 0.706639 0.093447 -0.701377
vn -0.715086 -0.168401 0.678450
vn -0.546873 -0.225431 0.806294
vn -0.849051 -0.103307 0.518113
vn 0.457757 -0.114858 0.881627
vn 0.626601 -0.020735 0.779064
vn 0.765440 0.074382 0.639193
vn 0.638742 0.664271 -0.388269
vn 0.472360 0.709425 -0.523061
vn 0.774534 0.587305 -0.234882
vn -0.532249 0.598857 -0.598399
vn -0.702930 0.516605 -0.488886
vn -0.839947 0.409612 -0.355960
vn 0.620001 -0.459231 -0.636165
vn 0.529118 -0.424522 -0.734721
vn 0.529120 -0.424522 -0.734720
vn 0.620001 -0.459231 -0.636165
vn 0.521513 -0.853233 -0.004129
vn 0.521513 -0.853233 -0.004129
vn 0.614217 -0.784962 -0.081071
vn 0.614217 -0.784962 -0.081071
vn 0.418810 -0.905143 0.072893
vn 0.418810 -0.905143 0.072893
vn -0.318185 -0.945651 -0.067099
vn -0.219188 -0.975361 0.025047
vn -0.219188 -0.975361 0.025047
vn -0.318187 -0.945650 -0.067100
vn -0.411083 -0.897808 -0.157960
vn -0.411083 -0.897808 -0.157960
vn -0.310587 -0.516939 -0.797690
vn -0.310585 -0.516938 -0.797692
vn -0.405309 -0.572074 -0.713061
vn -0.405309 -0.572074 -0.713061
vn -0.209909 -0.451892 -0.867025
vn -0.209909 -0.451892 -0.867025
vn 0.428090 -0.381672 -0.819186
vn 0.428090 -0.381672 -0.819186
vn 0.131957 -0.802925 -0.581290
vn 0.131957 -0.802925 -0.581290
vn 0.208803 -0.802449 -0.558996
vn 0.208802 -0.802449 -0.558997
vn -0.449645 -0.759982 0.469305
vn -0.449645 -0.759982 0.469305
vn -0.610691 -0.716774 0.336589
vn -0.610691 -0.716774 0.336589
vn -0.744002 -0.641012 0.188587
vn -0.744002 -0.641012 0.188587
vn 0.529189 -0.652231 0.542727
vn 0.529189 -0.652231 0.542727
vn 0.837768 0.031821 -0.545098
vn 0.837768 0.031821 -0.545098
vn -0.435422 0.043151 -0.899192
vn -0.435422 0.043151 -0.899192
vn 0.939898 0.335297 0.064553
vn 0.939898 0.335297 0.064549
vn 0.766740 0.329526 0.550929
vn 0.766743 0.329524 0.550925
vn 0.803135 0.415856 -0.426659
vn 0.803124 0.415864 -0.426672
vn 0.359296 0.601790 0.713271
vn 0.359160 0.601869 0.713273
vn -0.082581 0.822403 0.562879
vn -0.082579 0.822402 0.562882
vn 0.407022 0.715033 -0.568385
vn 0.406957 0.715070 -0.568384
vn -0.046198 0.908798 -0.414672
vn -0.046181 0.908790 -0.414690
vn -0.173619 0.981538 0.080244
vn -0.173619 0.981538 0.080248
vn 0.652318 -0.286666 0.701643
vn 0.782825 -0.335575 0.523999
vn 0.496971 -0.204384 0.843355
vn 0.821508 -0.243732 -0.515479
vn 0.704139 -0.163616 -0.690954
vn 0.559129 -0.056777 -0.827134
vn -0.505768 0.538525 -0.673936
vn -0.629833 0.598514 -0.495068
vn -0.343971 0.467320 -0.814430
vn -0.668510 0.506668 0.544409
vn -0.557590 0.415474 0.718662
vn -0.406134 0.319717 0.856058
vn -0.100533 -0.873194 0.476891
vn -0.006015 -0.926855 0.375372
vn -0.006015 -0.926855 0.375372
vn -0.100533 -0.873194 0.476891
vn -0.793734 -0.469721 0.386457
vn -0.793735 -0.469720 0.386456
vn -0.698143 -0.526385 0.485300
vn -0.698143 -0.526385 0.485300
vn -0.871769 -0.402667 0.279067
vn -0.871769 -0.402667 0.279067
vn -0.759997 -0.389609 -0.520201
vn -0.846172 -0.341891 -0.408783
vn -0.846172 -0.341891 -0.408783
vn -0.759996 -0.389610 -0.520202
vn -0.657009 -0.428712 -0.620117
vn -0.657009 -0.428712 -0.620117
vn 0.027728 -0.846741 -0.531283
vn 0.027727 -0.846740 -0.531283
vn -0.059390 -0.775521 -0.628522
vn -0.059390 -0.775521 -0.628522
vn 0.114232 -0.899233 -0.422294
vn 0.114232 -0.899233 -0.422294
vn 0.088634 -0.960014 0.265553
vn 0.088634 -0.960014 0.265553
vn -0.016358 -0.864085 0.503080
vn -0.016358 -0.864088 0.503075
vn -0.033025 -0.824499 0.564899
vn -0.033025 -0.824499 0.564900
vn 0.803779 -0.005323 0.594904
vn 0.803779 -0.005323 0.594904
vn 0.665373 0.090623 0.740990
vn 0.665357 0.090633 0.741003
vn -0.712803 -0.472185 -0.518607
vn -0.712809 -0.472182 -0.518602
vn -0.850033 -0.366756 -0.378067
vn -0.850033 -0.366756 -0.378067
vn -0.179430 -0.884294 0.431078
vn -0.179430 -0.884294 0.431078
vn -0.196349 -0.846914 0.494149
vn -0.196349 -0.846914 0.494149
vn -0.105892 -0.809954 0.576854
vn -0.105892 -0.809954 0.576854
vn -0.178647 -0.810625 0.557649
vn -0.178649 -0.810626 0.557647
vn -0.531517 0.279986 0.799436
vn -0.531517 0.279986 0.799436
vn -0.705655 0.221558 0.673025
vn -0.705631 0.221568 0.673047
vn 0.680737 -0.028706 -0.731965
vn 0.519452 -0.087903 -0.849966
vn 0.812451 0.031740 -0.582164
vn -0.440896 0.003781 -0.897550
vn -0.598870 0.093457 -0.795375
vn -0.730832 0.179075 -0.658647
vn -0.592173 0.740891 0.316877
vn -0.432803 0.784623 0.443902
vn -0.725817 0.664969 0.176082
vn 0.527510 0.692946 0.491487
vn 0.687427 0.618731 0.380285
vn 0.817478 0.517633 0.252560
vn 0.164562 -0.689329 0.705510
vn 0.103426 -0.650156 0.752728
vn 0.103426 -0.650156 0.752728
vn 0.164561 -0.689329 0.705511
vn -0.360032 -0.639250 0.679512
vn -0.297520 -0.611878 0.732862
vn -0.297520 -0.611878 0.732863
vn -0.360032 -0.639251 0.679511
vn -0.419843 -0.661827 0.621061
vn -0.419843 -0.661827 0.621061
vn -0.362766 -0.904672 0.223539
vn -0.362766 -0.904672 0.223539
vn -0.421939 -0.864678 0.272579
vn -0.421939 -0.864678 0.272579
vn -0.300870 -0.937875 0.172822
vn -0.300870 -0.937875 0.172822
vn 0.161810 -0.954753 0.249527
vn 0.100037 -0.976148 0.192687
vn 0.100037 -0.976148 0.192687
vn 0.161810 -0.954753 0.249527
vn 0.222368 -0.926194 0.304494
vn 0.222368 -0.926194 0.304494
vn 0.224463 -0.723331 0.652999
vn 0.224463 -0.723331 0.652999
vn -0.106852 -0.901041 0.420366
vn -0.106852 -0.901041 0.420366
vn -0.033803 -0.898205 0.438275
vn -0.033803 -0.898205 0.438274
vn 0.485246 -0.652042 -0.582561
vn 0.485246 -0.652042 -0.582561
vn 0.658181 -0.603072 -0.450669
vn 0.658185 -0.603070 -0.450666
vn 0.798407 -0.524126 -0.296375
vn 0.798407 -0.524126 -0.296375
vn -0.540151 -0.554146 -0.633371
vn -0.540151 -0.554146 -0.633371
vn -0.844687 0.152129 0.513187
vn -0.844687 0.152129 0.513187
vn 0.493876 0.182075 0.850256
vn 0.493876 0.182075 0.850256
vn -0.535963 -0.650296 0.538386
vn -0.535964 -0.650295 0.538386
vn -0.419064 -0.575530 0.702248
vn -0.419061 -0.575528 0.702250
vn 0.558919 -0.825055 0.083031
vn 0.558919 -0.825055 0.083031
vn 0.548791 -0.835499 0.027732
vn 0.548791 -0.835499 0.027732
vn -0.717705 -0.128687 -0.684353
vn -0.837197 -0.189746 -0.512930
vn -0.564199 -0.061528 -0.823343
vn -0.864220 -0.106959 0.491613
vn -0.753792 -0.018156 0.656862
vn -0.607638 0.071511 0.790988
vn 0.411016 0.656408 0.632609
vn 0.537782 0.704962 0.462405
vn 0.264768 0.576742 0.772830
vn 0.564806 0.622177 -0.542116
vn 0.447104 0.545875 -0.708603
vn 0.308209 0.443699 -0.841510
vn 0.659700 -0.508857 0.553046
vn 0.748993 -0.474067 0.462892
vn 0.748992 -0.474068 0.462893
vn 0.659700 -0.508857 0.553046
vn 0.053066 -0.877094 0.477379
vn 0.053066 -0.877094 0.477379
vn 0.130445 -0.815360 0.564067
vn 0.130445 -0.815360 0.564067
vn -0.025230 -0.923641 0.382427
vn -0.025230 -0.923641 0.382427
vn 0.074621 -0.943132 -0.323935
vn -0.008835 -0.973861 -0.226972
vn -0.008835 -0.973861 -0.226972
vn 0.074622 -0.943131 -0.323936
vn 0.156788 -0.896074 -0.415294
vn 0.156788 -0.896074 -0.415294
vn 0.770553 -0.540105 -0.338430
vn 0.770553 -0.540105 -0.338429
vn 0.686054 -0.589566 -0.426311
vn 0.686054 -0.589566 -0.426311
vn 0.841713 -0.481296 -0.244692
vn 0.841713 -0.481296 -0.244692
vn 0.825319 -0.431072 0.364726
vn 0.825319 -0.431072 0.364726
vn 0.545802 -0.826358 0.138679
vn 0.545802 -0.826359 0.138679
vn -0.509289 -0.731983 -0.452576
vn -0.509289 -0.731983 -0.452576
vn -0.383459 -0.684522 -0.619991
vn -0.383459 -0.684522 -0.619991
vn 0.497646 -0.853830 0.152716
vn 0.497649 -0.853828 0.152716
vn -0.239951 -0.605497 -0.758813
vn -0.239951 -0.605497 -0.758813
vn -0.282836 -0.474223 0.833736
vn -0.282836 -0.474223 0.833736
vn 0.501343 -0.865103 0.015854
vn 0.501342 -0.865104 0.015854
vn 0.577802 0.024157 0.815820
vn 0.577802 0.024157 0.815820
vn 0.729286 0.089461 0.678335
vn 0.729293 0.089464 0.678327
vn 0.452462 -0.891287 0.029771
vn 0.452462 -0.891287 0.029771
vn 0.873806 0.068948 -0.481362
vn 0.873806 0.068948 -0.481362
vn 0.764862 -0.019521 -0.643899
vn 0.764867 -0.019517 -0.643893
vn 0.440086 -0.893875 0.085515
vn 0.440086 -0.893875 0.085515
vn 0.449453 -0.882156 0.140683
vn 0.449453 -0.882156 0.140683
vn 0.847143 0.150641 0.509565
vn 0.847143 0.150641 0.509565
vn 0.620652 -0.107086 -0.776739
vn 0.620652 -0.107086 -0.776739
vn 0.127561 -0.872085 0.472435
vn 0.237681 -0.909953 0.339844
vn 0.268016 -0.837917 -0.475461
vn 0.167733 -0.776692 -0.607136
vn 0.062226 -0.691279 -0.719904
vn -0.646120 -0.280216 -0.709935
vn -0.770212 -0.232387 -0.593944
vn -0.870319 -0.177321 -0.459458
vn -0.900661 -0.249359 0.355851
vn -0.810385 -0.327781 0.485629
vn -0.694870 -0.395996 0.600285
vn 0.013462 -0.807056 0.590322
vn -0.546871 -0.225420 0.806299
vn -0.715086 -0.168397 0.678450
vn -0.708360 -0.427729 0.561492
vn -0.534339 -0.481945 0.694414
vn 0.626607 -0.020744 0.779059
vn 0.457756 -0.114850 0.881629
vn 0.517626 -0.366158 0.773299
vn 0.693425 -0.273444 0.666626
vn 0.765448 0.074352 0.639187
vn 0.834646 -0.171184 0.523510
vn 0.638749 0.664245 -0.388302
vn 0.774538 0.587298 -0.234889
vn 0.844174 0.365912 -0.391763
vn 0.706121 0.442238 -0.553010
vn 0.472383 0.709375 -0.523107
vn 0.532833 0.491725 -0.688692
vn -0.702935 0.516604 -0.488879
vn -0.532252 0.598859 -0.598394
vn -0.519118 0.375939 -0.767584
vn -0.695655 0.287941 -0.658144
vn -0.839946 0.409615 -0.355959
vn -0.836154 0.180946 -0.517789
vn -0.849056 -0.103308 0.518104
vn -0.845692 -0.356121 0.397470
vn -0.837195 -0.189753 -0.512932
vn -0.717704 -0.128687 -0.684354
vn -0.598183 -0.403108 -0.692591
vn -0.722501 -0.461847 -0.514481
vn -0.753787 -0.018163 0.656868
vn -0.864218 -0.106961 0.491617
vn -0.750969 -0.374630 0.543782
vn -0.636088 -0.287002 0.716256
vn -0.607636 0.071495 0.790991
vn -0.485905 -0.190268 0.853050
vn 0.411010 0.656413 0.632608
vn 0.264772 0.576747 0.772825
vn 0.433159 0.341983 0.833919
vn 0.587457 0.421571 0.690777
vn 0.537773 0.704971 0.462402
vn 0.715188 0.474440 0.513238
vn 0.447096 0.545884 -0.708601
vn 0.564790 0.622197 -0.542109
vn 0.743657 0.387232 -0.545000
vn 0.625359 0.305466 -0.718064
vn 0.308208 0.443696 -0.841512
vn 0.478578 0.202847 -0.854293
vn -0.564199 -0.061521 -0.823344
vn -0.440478 -0.329389 -0.835154
vn 0.454153 0.515007 -0.726989
vn 0.454153 0.515007 -0.726989
vn 0.535616 0.545915 -0.644276
vn 0.535616 0.545915 -0.644276
vn 0.366134 0.476666 -0.799209
vn 0.366134 0.476666 -0.799209
vn -0.189495 0.529709 -0.826741
vn -0.189495 0.529709 -0.826741
vn -0.275348 0.584635 -0.763142
vn -0.275347 0.584634 -0.763143
vn 0.513449 -0.837351 -0.187651
vn 0.513446 -0.837352 -0.187654
vn 0.637049 -0.768247 -0.062967
vn 0.637049 -0.768247 -0.062967
vn 0.371574 -0.876646 -0.305654
vn 0.371574 -0.876646 -0.305654
vn -0.498606 -0.793559 -0.348793
vn -0.498606 -0.793559 -0.348793
vn -0.641380 -0.727085 -0.244905
vn -0.641381 -0.727085 -0.244904
vn -0.357227 0.631123 -0.688530
vn -0.357227 0.631123 -0.688530
vn -0.761327 -0.634727 -0.132295
vn -0.761327 -0.634727 -0.132295
vn -0.354341 0.912242 -0.205567
vn -0.354341 0.912242 -0.205567
vn -0.271547 0.953737 -0.129028
vn -0.271534 0.953742 -0.129016
vn -0.756770 -0.194488 0.624078
vn -0.756770 -0.194488 0.624078
vn -0.635325 -0.142862 0.758916
vn -0.635315 -0.142858 0.758924
vn -0.184817 0.981469 -0.050612
vn -0.184817 0.981469 -0.050612
vn -0.491251 -0.086146 0.866747
vn -0.491252 -0.086146 0.866747
vn 0.370782 0.928432 -0.023117
vn 0.370782 0.928432 -0.023117
vn 0.457960 0.884105 -0.092903
vn 0.457963 0.884103 -0.092906
vn 0.378869 -0.169126 0.909865
vn 0.378869 -0.169126 0.909865
vn 0.519500 -0.253025 0.816148
vn 0.519511 -0.253031 0.816140
vn 0.538533 0.827011 -0.161354
vn 0.538533 0.827011 -0.161354
vn 0.641647 -0.327922 0.693366
vn 0.641647 -0.327922 0.693366
vn 0.519449 -0.087874 -0.849971
vn 0.680740 -0.028691 -0.731963
vn 0.680740 -0.028691 -0.731963
vn 0.519449 -0.087874 -0.849971
vn -0.598863 0.093468 -0.795379
vn -0.440894 0.003800 -0.897551
vn -0.440894 0.003800 -0.897551
vn -0.598865 0.093469 -0.795377
vn -0.730825 0.179079 -0.658654
vn -0.730825 0.179079 -0.658654
vn -0.592164 0.740900 0.316874
vn -0.725812 0.664974 0.176086
vn -0.725812 0.664974 0.176086
vn -0.592164 0.740900 0.316874
vn -0.432795 0.784634 0.443889
vn -0.432795 0.784634 0.443889
vn 0.687423 0.618737 0.380282
vn 0.527509 0.692952 0.491479
vn 0.527509 0.692952 0.491479
vn 0.687427 0.618735 0.380278
vn 0.817475 0.517638 0.252558
vn 0.817475 0.517638 0.252558
vn 0.812455 0.031737 -0.582160
vn 0.812455 0.031737 -0.582160
vn 0.106934 0.875110 -0.471962
vn 0.080360 0.874365 -0.478570
vn 0.080360 0.874364 -0.478570
vn 0.106934 0.875110 -0.471962
vn 0.133409 0.869301 -0.475939
vn 0.133409 0.869301 -0.475939
vn 0.139477 0.855434 -0.498778
vn 0.139477 0.855433 -0.498778
vn 0.133133 0.842456 -0.522057
vn 0.133133 0.842456 -0.522057
vn 0.106590 0.842007 -0.528831
vn 0.106590 0.842008 -0.528831
vn 0.080079 0.847521 -0.524686
vn 0.080079 0.847521 -0.524686
vn 0.074053 0.861678 -0.502022
vn 0.074053 0.861678 -0.502022
vn -0.523538 0.454273 0.720794
vn -0.498144 -0.051667 0.865554
vn -0.653246 -0.084421 0.752425
vn -0.701908 0.400453 0.589036
vn -0.096198 -0.592641 0.799702
vn -0.428113 -0.552439 0.715214
vn -0.103063 -0.727650 0.678162
vn -0.285040 -0.719486 0.633318
vn -0.105877 -0.938560 0.328475
vn -0.105766 -0.940920 0.321688
vn 0.052094 -0.931766 0.359303
vn 0.043266 -0.928939 0.367696
vn 0.284860 -0.949559 -0.131116
vn 0.284860 -0.949559 -0.131116
vn 0.401116 -0.915543 -0.029803
vn 0.401113 -0.915543 -0.029805
vn 0.474107 -0.687430 -0.550148
vn 0.518287 -0.496939 -0.696010
vn 0.696461 -0.444363 -0.563456
vn 0.644250 -0.639820 -0.419014
vn 0.080689 -0.754381 0.651459
vn -0.253641 -0.900592 0.352988
vn 0.113994 -0.858909 0.499280
vn -0.292634 -0.825647 0.482360
vn 0.078746 -0.939433 0.333563
vn -0.252085 -0.750375 0.611056
vn -0.105354 -0.948491 0.298773
vn -0.103914 -0.748586 0.654844
vn -0.286949 -0.904519 0.315444
vn 0.044803 -0.778722 0.625767
vn -0.322434 -0.817244 0.477649
vn 0.082827 -0.861496 0.500963
vn -0.699376 0.422833 0.576268
vn -0.520883 0.477265 0.707743
vn 0.520886 -0.477268 -0.707738
vn 0.699377 -0.422835 -0.576266
vn 0.529722 0.376964 0.759798
vn 0.706730 0.288597 0.645945
vn 0.703727 0.266261 0.658691
vn 0.526698 0.354008 0.772831
vn -0.706729 -0.288600 -0.645944
vn -0.529726 -0.376966 -0.759794
vn -0.532048 -0.396665 -0.748052
vn -0.709198 -0.310171 -0.633113
vn 0.846916 0.185192 0.498436
vn 0.843778 0.162304 0.511562
vn -0.846914 -0.185195 -0.498437
vn -0.849151 -0.204948 -0.486764
vn 0.841428 -0.346371 -0.414760
vn 0.699374 -0.422839 -0.576266
vn 0.696373 -0.444936 -0.563113
vn 0.838293 -0.369071 -0.401313
vn -0.699374 0.422839 0.576267
vn -0.841430 0.346368 0.414759
vn -0.843668 0.326478 0.426188
vn -0.701844 0.401043 0.588710
vn 0.520875 -0.477272 -0.707743
vn 0.517854 -0.499927 -0.694191
vn -0.520871 0.477274 0.707745
vn -0.523196 0.457347 0.719096
vn -0.529707 -0.376976 -0.759803
vn -0.706729 -0.288601 -0.645943
vn -0.709258 -0.310743 -0.632765
vn -0.532359 -0.399666 -0.746232
vn 0.706727 0.288601 0.645946
vn 0.529703 0.376976 0.759805
vn 0.527101 0.357077 0.771142
vn 0.703809 0.266848 0.658365
vn -0.846925 -0.185186 -0.498422
vn -0.849463 -0.207944 -0.484945
vn 0.846923 0.185185 0.498425
vn 0.844236 0.165337 0.509833
vn -0.841428 0.346367 0.414763
vn -0.843968 0.323423 0.427919
vn 0.841427 -0.346369 -0.414764
vn 0.838741 -0.366079 -0.403113
vn 0.392203 -0.136672 0.909669
vn 0.548645 -0.199166 0.811986
vn 0.243988 -0.616580 0.748531
vn -0.261973 -0.901780 0.343748
vn -0.539123 -0.590699 -0.600351
vn -0.709226 -0.510608 -0.486083
vn -0.444733 -0.879907 -0.167259
vn -0.444733 -0.879907 -0.167259
vn -0.561831 -0.823612 -0.077520
vn -0.561831 -0.823612 -0.077519
vn 0.660940 -0.299153 0.688234
vn 0.291989 -0.827342 0.479841
vn -0.299498 -0.823788 0.481326
vn -0.845005 -0.405794 -0.348278
vn -0.664922 -0.746779 0.014155
vn -0.664922 -0.746779 0.014155
vn 0.656293 -0.749627 -0.085665
vn 0.542360 -0.807272 -0.232718
vn 0.240457 -0.956649 0.164326
vn -0.260332 -0.742880 0.616731
vn -0.839718 0.106873 0.532402
vn -0.702152 0.174211 0.690386
vn -0.661103 -0.377653 0.648322
vn -0.661103 -0.377653 0.648322
vn -0.556786 -0.336420 0.759481
vn -0.556784 -0.336419 0.759483
vn 0.384706 -0.860532 -0.333896
vn -0.100286 -0.987538 0.121293
vn -0.103730 -0.743848 0.660250
vn -0.530588 0.233115 0.814944
vn -0.438583 -0.286796 0.851700
vn -0.438583 -0.286796 0.851700
vn -0.505619 -0.775534 -0.378017
vn -0.659530 -0.692528 -0.292276
vn -0.431626 -0.892485 0.131031
vn 0.053728 -0.772861 0.632296
vn 0.482616 0.136406 0.865145
vn 0.651332 0.045011 0.757457
vn 0.290984 -0.356436 0.887852
vn 0.290984 -0.356436 0.887852
vn 0.406146 -0.428338 0.807200
vn 0.406143 -0.428337 0.807202
vn -0.774387 -0.613037 -0.156556
vn -0.488476 -0.752839 0.441162
vn 0.089994 -0.860975 0.500623
vn 0.788519 -0.048568 0.613090
vn 0.511178 -0.489559 0.706420
vn 0.511178 -0.489559 0.706420
vn -0.769729 -0.162572 0.617323
vn 0.507366 -0.858696 0.072252
vn 0.507366 -0.858696 0.072252
vn 0.783209 -0.561231 -0.267588
vn -0.461399 0.885360 -0.057000
vn -0.461399 0.885360 -0.057000
vn -0.461399 0.885360 -0.057000
vn -0.461399 0.885360 -0.057000
vn -0.459895 0.880713 -0.113322
vn -0.459895 0.880713 -0.113322
vn -0.459895 0.880713 -0.113322
vn -0.459895 0.880713 -0.113322
vn -0.474282 0.870703 -0.130124
vn -0.474282 0.870703 -0.130124
vn -0.474282 0.870703 -0.130124
vn -0.474282 0.870703 -0.130124
vn -0.523190 0.842380 -0.129106
vn -0.523190 0.842380 -0.129106
vn -0.523190 0.842380 -0.129106
vn -0.523190 0.842380 -0.129106
vn -0.538497 0.835192 -0.111693
vn -0.538497 0.835192 -0.111693
vn -0.538497 0.835192 -0.111693
vn -0.538497 0.835192 -0.111693
vn -0.540017 0.839832 -0.055356
vn -0.540017 0.839832 -0.055356
vn -0.540017 0.839832 -0.055356
vn -0.540017 0.839832 -0.055356
vn -0.525632 0.849836 -0.038589
vn -0.525632 0.849836 -0.038589
vn -0.525632 0.849836 -0.038589
vn -0.525632 0.849836 -0.038589
vn -0.476710 0.878168 -0.039601
vn -0.476710 0.878168 -0.039601
vn -0.476710 0.878168 -0.039601
vn -0.476710 0.878168 -0.039601
vn 0.720536 0.463186 0.516029
vn 0.843964 0.143607 0.516820
vn 0.730546 0.084894 0.677566
vn 0.593941 0.410484 0.691908
vn 0.785784 -0.614322 0.071772
vn 0.773603 -0.629488 0.072685
vn 0.698345 -0.619682 0.358202
vn 0.703035 -0.609392 0.366582
vn 0.233455 -0.968548 0.086104
vn 0.229231 -0.969559 0.086075
vn 0.277304 -0.949279 -0.148231
vn 0.282882 -0.948438 -0.142980
vn -0.438072 -0.787320 -0.433842
vn -0.677674 -0.533036 -0.506587
vn -0.549001 -0.482821 -0.682263
vn -0.319269 -0.743322 -0.587827
vn 0.713744 -0.666855 -0.214183
vn 0.270664 -0.911016 0.311113
vn 0.477964 -0.835127 -0.272238
vn 0.472287 -0.802429 0.364765
vn 0.216642 -0.954736 -0.203829
vn 0.665024 -0.682641 0.302893
vn 0.163433 -0.982853 0.085386
vn 0.726407 -0.683068 0.075832
vn 0.201251 -0.907567 0.368539
vn 0.677251 -0.720049 -0.151196
vn 0.459069 -0.777225 0.430321
vn 0.487563 -0.849201 -0.202830
vn 0.570735 0.449087 0.687446
vn 0.696509 0.503641 0.511098
vn 0.725018 0.416300 -0.548674
vn 0.608610 0.333082 -0.720174
vn 0.631850 0.294373 -0.717014
vn 0.749095 0.375690 -0.545631
vn -0.706099 -0.445953 0.550046
vn -0.586778 -0.367112 0.721748
vn 0.461836 0.233245 -0.855748
vn 0.486348 0.192938 -0.852197
vn -0.442842 -0.262845 0.857207
vn -0.458544 -0.299757 -0.836590
vn -0.613873 -0.374868 -0.694719
vn -0.591764 -0.414238 -0.691536
vn -0.435672 -0.341017 -0.833005
vn 0.474810 0.268578 0.838105
vn 0.632572 0.339025 0.696358
vn -0.738570 -0.431273 -0.518186
vn -0.715234 -0.472318 -0.515127
vn 0.754918 0.400132 0.519609
vn -0.767080 -0.343945 0.541562
vn -0.651741 -0.258869 0.712896
vn -0.629669 -0.298129 0.717381
vn -0.743796 -0.384831 0.546509
vn 0.783343 0.313057 -0.537000
vn 0.670343 0.223319 -0.707650
vn -0.503880 -0.160876 0.848660
vn -0.481031 -0.202063 0.853100
vn 0.520066 0.129937 -0.844184
vn 0.416485 0.372128 0.829495
vn 0.440974 0.331889 0.833901
vn -0.397571 -0.401484 -0.825074
vn 0.718917 -0.658063 -0.223856
vn 0.870979 0.060840 -0.487538
vn 0.766057 -0.023863 -0.642330
vn -0.464069 -0.707660 0.532783
vn -0.353476 -0.638541 0.683608
vn 0.264803 -0.911009 0.316136
vn 0.474926 -0.830547 -0.290926
vn 0.628848 -0.107561 -0.770052
vn -0.228828 -0.544036 0.807256
vn 0.471557 -0.801006 0.368813
vn 0.206138 -0.955019 -0.213182
vn -0.243394 -0.612728 -0.751880
vn -0.380218 -0.687721 -0.618445
vn 0.610651 -0.057885 0.789781
vn 0.750728 0.000896 0.660610
vn 0.668094 -0.677458 0.307735
vn 0.144184 -0.985883 0.085123
vn -0.501011 -0.733726 -0.458949
vn 0.860955 0.059641 0.505172
vn 0.729388 -0.679904 0.075653
vn 0.190258 -0.906360 0.377244
vn -0.528040 -0.650952 0.545376
vn -0.415731 -0.578937 0.701427
vn 0.886957 -0.020006 -0.461419
vn 0.784930 -0.103865 -0.610817
vn 0.680591 -0.715723 -0.156639
vn 0.455054 -0.769656 0.447834
vn -0.285897 -0.482517 0.827913
vn 0.651692 -0.183595 -0.735929
vn 0.487052 -0.848468 -0.207080
vn 0.586338 0.022604 0.809751
vn -0.187770 -0.669768 -0.718438
vn -0.107715 0.876578 0.469051
vn -0.107715 0.876578 0.469051
vn -0.107715 0.876578 0.469051
vn -0.107715 0.876578 0.469051
vn -0.154739 0.871397 0.465535
vn -0.154739 0.871397 0.465535
vn -0.154739 0.871397 0.465535
vn -0.154739 0.871397 0.465535
vn -0.169134 0.862540 0.476884
vn -0.169134 0.862540 0.476884
vn -0.169134 0.862540 0.476884
vn -0.169134 0.862540 0.476884
vn -0.169542 0.838552 0.517770
vn -0.169542 0.838552 0.517770
vn -0.169542 0.838552 0.517770
vn -0.169542 0.838552 0.517770
vn -0.155399 0.832846 0.531243
vn -0.155399 0.832846 0.531243
vn -0.155399 0.832846 0.531243
vn -0.155399 0.832846 0.531243
vn -0.108421 0.838007 0.534780
vn -0.108421 0.838007 0.534780
vn -0.108421 0.838007 0.534780
vn -0.108421 0.838006 0.534780
vn -0.094041 0.846858 0.523439
vn -0.094041 0.846858 0.523439
vn -0.094041 0.846858 0.523439
vn -0.094041 0.846858 0.523438
vn -0.093602 0.870856 0.482544
vn -0.093602 0.870856 0.482544
vn -0.093602 0.870856 0.482544
vn -0.093602 0.870856 0.482544
vn 0.535446 0.481920 -0.693578
vn 0.549878 0.157251 -0.820309
vn 0.707797 0.101726 -0.699053
vn 0.707628 0.432639 -0.558647
vn 0.125893 -0.611861 -0.780882
vn 0.126530 -0.624594 -0.770631
vn 0.404647 -0.608862 -0.682311
vn 0.411671 -0.600025 -0.685929
vn 0.123342 -0.966082 -0.226873
vn 0.123166 -0.966944 -0.223269
vn -0.113764 -0.952007 -0.284147
vn -0.109102 -0.951186 -0.288689
vn -0.433088 -0.798271 0.418566
vn -0.524221 -0.542343 0.656548
vn -0.696005 -0.495224 0.519934
vn -0.584240 -0.757365 0.291652
vn -0.158309 -0.670805 -0.724541
vn 0.353586 -0.900264 -0.253974
vn -0.223196 -0.839692 -0.495078
vn 0.415567 -0.786354 -0.457112
vn -0.163394 -0.958229 -0.234733
vn 0.357782 -0.664026 -0.656553
vn 0.120265 -0.978503 -0.167537
vn 0.128600 -0.670404 -0.730767
vn 0.399537 -0.896271 -0.192533
vn -0.104877 -0.714997 -0.691216
vn 0.469979 -0.763424 -0.443061
vn -0.163590 -0.850117 -0.500539
vn 0.701976 0.466008 -0.538579
vn 0.529365 0.516875 -0.672765
vn -0.523564 0.400981 -0.751728
vn -0.698921 0.311811 -0.643648
vn -0.694202 0.278341 -0.663785
vn -0.518805 0.365881 -0.772640
vn 0.526504 -0.426692 0.735342
vn 0.702223 -0.341325 0.624804
vn -0.839066 0.206931 -0.503137
vn -0.833955 0.172048 -0.524326
vn 0.841967 -0.232666 0.486783
vn -0.848603 -0.330647 0.412971
vn -0.711602 -0.403420 0.575217
vn -0.706892 -0.437369 0.555889
vn -0.843504 -0.366207 0.392930
vn 0.851486 0.303791 -0.427415
vn 0.714883 0.372544 -0.591737
vn -0.538743 -0.455865 0.708480
vn -0.533989 -0.491284 0.688110
vn 0.541669 0.428993 -0.722883
vn 0.514161 -0.339958 0.787443
vn 0.689282 -0.249208 0.680284
vn 0.694925 -0.283052 0.661030
vn 0.520237 -0.375230 0.767174
vn -0.509038 0.313329 -0.801689
vn -0.683331 0.218625 -0.696607
vn 0.829672 -0.145901 0.538849
vn 0.835395 -0.181389 0.518858
vn -0.824517 0.119291 -0.553119
vn 0.839216 0.391659 -0.377254
vn 0.844951 0.356845 -0.398396
vn -0.834046 -0.417136 0.361061
vn -0.166446 -0.663655 -0.729286
vn -0.443834 0.047892 -0.894829
vn -0.602102 -0.042443 -0.797290
vn 0.528967 -0.692385 0.490711
vn 0.684700 -0.617699 0.386825
vn 0.357585 -0.900131 -0.248792
vn -0.239107 -0.836370 -0.493268
vn -0.734647 -0.130965 -0.665689
vn 0.812617 -0.517922 0.267227
vn 0.418936 -0.785036 -0.456300
vn -0.171676 -0.958812 -0.226290
vn -0.743631 -0.638327 0.198873
vn -0.613943 -0.711231 0.342380
vn 0.821328 -0.026756 -0.569828
vn 0.696187 0.030140 -0.717227
vn 0.361860 -0.659477 -0.658898
vn 0.119358 -0.981243 -0.151380
vn -0.458025 -0.753744 0.471257
vn 0.542756 0.085814 -0.835495
vn 0.128488 -0.667672 -0.733284
vn 0.406444 -0.895178 -0.182920
vn 0.535658 -0.644338 0.545802
vn 0.695932 -0.567017 0.440647
vn -0.419270 -0.020076 -0.907639
vn -0.572732 -0.109537 -0.812391
vn -0.109465 -0.711385 -0.694225
vn 0.484399 -0.756727 -0.439001
vn 0.826473 -0.465473 0.316667
vn -0.702925 -0.194548 -0.684140
vn -0.167255 -0.849563 -0.500269
vn 0.835481 0.041852 -0.547923
vn -0.711658 -0.685688 0.152886
vn 0.488959 0.868032 0.086251
vn 0.488959 0.868032 0.086251
vn 0.488959 0.868032 0.086251
vn 0.488959 0.868032 0.086251
vn 0.488298 0.866528 0.103409
vn 0.488298 0.866528 0.103409
vn 0.488298 0.866528 0.103409
vn 0.488298 0.866528 0.103409
vn 0.493671 0.865872 0.080961
vn 0.493671 0.865872 0.080961
vn 0.493671 0.865872 0.080961
vn 0.493671 0.865872 0.080961
vn 0.508559 0.857232 0.080747
vn 0.508559 0.857232 0.080747
vn 0.508559 0.857232 0.080747
vn 0.508559 0.857233 0.080747
vn 0.492621 0.863447 0.108554
vn 0.492621 0.863447 0.108554
vn 0.492621 0.863447 0.108554
vn 0.492621 0.863447 0.108554
vn 0.507546 0.854788 0.108327
vn 0.507546 0.854788 0.108327
vn 0.507546 0.854788 0.108327
vn 0.507546 0.854788 0.108327
vn 0.512875 0.854154 0.085910
vn 0.512875 0.854154 0.085910
vn 0.512875 0.854154 0.085910
vn 0.512875 0.854154 0.085910
vn 0.512242 0.852635 0.103065
vn 0.512242 0.852635 0.103065
vn 0.512242 0.852635 0.103065
vn 0.512242 0.852635 0.103065
vn -0.687824 -0.632745 -0.355714
vn -0.689572 -0.629105 -0.358773
vn -0.769142 -0.633455 -0.084588
vn -0.764642 -0.638838 -0.084898
vn -0.730720 0.062686 -0.679794
vn -0.612115 0.368912 -0.699442
vn -0.742028 0.421015 -0.521671
vn -0.847487 0.122260 -0.516544
vn -0.202993 -0.974689 -0.093674
vn -0.201492 -0.975003 -0.093645
vn -0.258088 -0.952717 0.160379
vn -0.260016 -0.952496 0.158563
vn 0.455939 -0.775180 0.437282
vn 0.676697 -0.532371 0.508588
vn 0.544134 -0.483500 0.685672
vn 0.331622 -0.730537 0.596945
vn -0.708035 -0.680777 0.187693
vn -0.241412 -0.908299 -0.341632
vn -0.458324 -0.779433 -0.427110
vn -0.486876 -0.844396 0.223487
vn -0.215704 -0.906745 -0.362332
vn -0.694582 -0.700317 0.164658
vn -0.483491 -0.839177 0.249035
vn -0.463559 -0.789020 -0.403187
vn -0.235909 -0.954759 0.181057
vn -0.675976 -0.656108 -0.335527
vn -0.177205 -0.979754 -0.093170
vn -0.747439 -0.658738 -0.086024
vn -0.577347 0.430661 -0.693687
vn -0.706223 0.485551 -0.515256
vn 0.706386 -0.485615 0.514974
vn 0.577343 -0.430660 0.693691
vn -0.745446 0.392419 0.538811
vn -0.629721 0.306291 0.713889
vn -0.664416 0.244718 0.706161
vn -0.781204 0.327992 0.531169
vn 0.629721 -0.306296 -0.713887
vn 0.745590 -0.392537 -0.538526
vn 0.715817 -0.439494 -0.542633
vn 0.596355 -0.359505 -0.717716
vn -0.418753 0.353605 -0.836426
vn -0.455358 0.289436 -0.841948
vn 0.418498 -0.353477 0.836608
vn 0.389700 -0.400642 0.829228
vn 0.645583 -0.279026 -0.710891
vn 0.497040 -0.177844 -0.849307
vn 0.459372 -0.241394 -0.854813
vn 0.609102 -0.339778 -0.716621
vn -0.496806 0.177684 0.849478
vn -0.645587 0.279022 0.710890
vn -0.675155 0.224071 0.702821
vn -0.523623 0.129372 0.842070
vn -0.481586 0.204399 0.852230
vn -0.518078 0.140496 0.843715
vn 0.481347 -0.204244 -0.852402
vn 0.452392 -0.251784 -0.855539
vn 0.434205 -0.327053 0.839346
vn 0.593207 -0.403399 0.696688
vn 0.556799 -0.463976 0.688985
vn 0.396648 -0.390338 0.830847
vn -0.593206 0.403393 -0.696692
vn -0.433958 0.326923 -0.839525
vn -0.460933 0.278236 -0.842690
vn -0.622932 0.348072 -0.700572
vn 0.760903 -0.365849 -0.535893
vn 0.722501 -0.428875 -0.542272
vn -0.761047 0.365959 0.535613
vn -0.787048 0.317065 0.529175
vn 0.721678 -0.458986 0.518182
vn 0.683321 -0.521904 0.510576
vn -0.721839 0.459045 -0.517906
vn -0.747925 0.409946 -0.522066
vn -0.581912 0.000361 -0.813252
vn -0.456871 -0.776782 -0.433449
vn -0.710042 -0.677696 0.191230
vn -0.884048 0.035449 0.466049
vn -0.779249 -0.052555 0.624506
vn 0.491982 -0.689596 -0.531424
vn 0.379487 -0.616875 -0.689532
vn -0.239343 -0.908210 -0.343322
vn -0.486689 -0.844107 0.224982
vn 0.193064 -0.654523 0.730976
vn -0.482530 -0.837681 0.255841
vn -0.640288 -0.138257 0.755590
vn 0.250697 -0.517665 -0.818031
vn -0.463262 -0.788476 -0.404592
vn 0.271793 -0.495050 -0.825260
vn 0.402497 -0.594929 -0.695741
vn -0.211707 -0.906417 -0.365498
vn -0.695699 -0.698763 0.166532
vn -0.648567 -0.166105 0.742812
vn -0.786088 -0.081907 0.612664
vn 0.515558 -0.668730 -0.535723
vn -0.170258 -0.980999 -0.093020
vn -0.748458 -0.657587 -0.085961
vn -0.889853 0.005807 0.456209
vn -0.232175 -0.955015 0.184502
vn 0.213417 -0.633670 0.743583
vn 0.353965 -0.710178 0.608570
vn -0.590932 -0.029247 -0.806191
vn -0.738214 0.031749 -0.673819
vn -0.676957 -0.654251 -0.337171
vn 0.478993 -0.755554 0.446883
vn -0.853802 0.091382 -0.512515
vn -0.000056 -0.760535 -0.649297
vn -0.000830 -0.568277 -0.822837
vn 0.000000 -0.570089 -0.821583
vn -0.000000 -0.761868 -0.647732
vn -0.000581 -0.295935 -0.955208
vn 0.000000 -0.296341 -0.955082
vn -0.000055 -0.059956 -0.998201
vn 0.000000 -0.059781 -0.998211
vn 0.000056 -0.760531 0.649301
vn 0.000830 -0.568271 0.822841
vn 0.000000 -0.570083 0.821587
vn 0.000000 -0.761865 0.647736
vn 0.000581 -0.295944 0.955205
vn -0.000000 -0.296349 0.955080
vn 0.000055 -0.059966 0.998200
vn 0.000000 -0.059792 0.998211
vn -0.000056 -0.760531 0.649301
vn -0.000830 -0.568271 0.822841
vn -0.001514 -0.525467 0.850812
vn -0.001292 -0.738011 0.674787
vn -0.000581 -0.295944 0.955205
vn 0.000055 -0.268761 0.963207
vn -0.000055 -0.059966 0.998200
vn 0.000347 -0.059247 0.998243
vn 0.000056 -0.760535 -0.649298
vn 0.000830 -0.568277 -0.822837
vn 0.001516 -0.525474 -0.850809
vn 0.001292 -0.738015 -0.674783
vn 0.000581 -0.295935 -0.955208
vn -0.000052 -0.268749 -0.963210
vn 0.000055 -0.059956 -0.998201
vn -0.000345 -0.059237 -0.998244
vn 0.649300 -0.760532 -0.000056
vn 0.822837 -0.568277 -0.000831
vn 0.821582 -0.570091 -0.000000
vn 0.647735 -0.761866 -0.000000
vn 0.955206 -0.295943 -0.000582
vn 0.955080 -0.296348 0.000000
vn 0.998201 -0.059961 -0.000055
vn 0.998211 -0.059784 0.000000
vn -0.649298 -0.760534 0.000056
vn -0.822841 -0.568271 0.000831
vn -0.821587 -0.570083 0.000000
vn -0.647733 -0.761867 -0.000000
vn -0.955208 -0.295935 0.000581
vn -0.955082 -0.296340 0.000000
vn -0.998201 -0.059959 0.000055
vn -0.998211 -0.059785 0.000000
vn -0.000000 -0.802550 -0.596585
vn 0.000000 -0.802550 -0.596585
vn -0.001292 -0.738015 -0.674783
vn 0.000000 -0.802548 0.596587
vn 0.000000 -0.802548 0.596587
vn 0.001292 -0.738011 0.674787
vn 0.596588 -0.802548 0.000000
vn 0.596587 -0.802548 -0.000001
vn 0.674785 -0.738013 -0.001294
vn -0.596584 -0.802551 -0.000000
vn -0.596583 -0.802551 0.000001
vn -0.674784 -0.738014 0.001294
vn -0.000000 -0.802550 -0.596585
vn 0.000000 -0.802548 0.596587
vn 0.000000 -0.802548 0.596587
vn 0.000000 -0.802548 0.596587
vn -0.000000 -0.802550 -0.596585
vn 0.000000 -0.802550 -0.596585
vn 0.596588 -0.802548 -0.000000
vn 0.674785 -0.738013 0.001294
vn 0.596587 -0.802548 0.000001
vn 0.596588 -0.802548 -0.000000
vn 0.649300 -0.760532 0.000056
vn -0.596584 -0.802551 -0.000000
vn -0.674784 -0.738014 -0.001294
vn -0.596583 -0.802551 -0.000001
vn -0.596584 -0.802551 0.000000
vn -0.649298 -0.760534 -0.000056
vn -0.001516 -0.525474 -0.850808
vn 0.000052 -0.268750 -0.963210
vn 0.000345 -0.059237 -0.998244
vn -0.850812 -0.525468 -0.001516
vn -0.822841 -0.568272 -0.000831
vn -0.998244 -0.059240 0.000346
vn -0.963210 -0.268751 0.000054
vn -0.955208 -0.295935 -0.000581
vn -0.998201 -0.059959 -0.000055
vn 0.001514 -0.525467 0.850812
vn -0.000055 -0.268760 0.963207
vn -0.000347 -0.059246 0.998243
vn 0.850809 -0.525473 0.001517
vn 0.822837 -0.568278 0.000831
vn 0.998244 -0.059243 -0.000346
vn 0.963208 -0.268759 -0.000052
vn 0.955206 -0.295943 0.000582
vn 0.998201 -0.059960 0.000055
vn 0.850809 -0.525472 -0.001517
vn 0.963207 -0.268759 0.000052
vn 0.998243 -0.059244 0.000346
vn -0.850812 -0.525468 0.001516
vn -0.963210 -0.268750 -0.000054
vn -0.998244 -0.059240 -0.000346
vn -0.510602 0.691788 0.510602
vn -0.114157 0.575786 0.809592
vn -0.026928 0.212809 0.976723
vn -0.238119 0.662064 0.710613
vn -0.809599 0.575776 0.114158
vn -0.710614 0.662063 0.238119
vn -0.976724 0.212803 0.026927
vn 0.000000 0.157129 0.987578
vn -0.000000 0.596619 0.802525
vn -0.510603 0.691787 -0.510602
vn -0.809599 0.575776 -0.114158
vn -0.976724 0.212803 -0.026927
vn -0.710614 0.662063 -0.238119
vn -0.114159 0.575779 -0.809596
vn -0.238119 0.662063 -0.710614
vn -0.026927 0.212805 -0.976724
vn -0.000000 0.596618 -0.802526
vn 0.000000 0.157125 -0.987579
vn -0.802526 0.596617 0.000000
vn -0.987579 0.157123 0.000000
vn 0.510601 0.691790 0.510601
vn 0.809590 0.575788 0.114158
vn 0.976722 0.212810 0.026928
vn 0.710613 0.662064 0.238118
vn 0.114158 0.575787 0.809591
vn 0.238119 0.662064 0.710613
vn 0.026928 0.212809 0.976723
vn 0.987578 0.157130 0.000000
vn 0.802524 0.596619 -0.000000
vn 0.976722 0.212810 -0.026928
vn 0.710613 0.662064 -0.238118
vn 0.809591 0.575787 -0.114158
vn 0.510602 0.691789 -0.510601
vn 0.238119 0.662063 -0.710613
vn 0.026927 0.212805 -0.976724
vn 0.114158 0.575780 -0.809596
vn -0.500593 0.706266 0.500594
vn 0.500594 0.706266 0.500593
vn 0.500595 0.706266 -0.500592
vn -0.500593 0.706267 -0.500593
vn -0.000000 0.000000 -1.000000
vn 0.000000 0.000000 1.000000
vn 0.000000 0.000000 1.000000
vn 0.000000 0.000000 -1.000000
vn 1.000000 0.000000 0.000000
vn 1.000000 0.000000 0.000000
vn -1.000000 0.000000 0.000000
vn -1.000000 0.000000 0.000000
s off
g pCube1
usemtl standardSurface2SG
f 21/3184/1 8/3177/2 19/20/3 18/19/4
s 1
f 27/26/5 15/15/6 24/23/7 23/22/8
s off
f 31/3194/9 7/3173/10 29/28/11 28/27/12
f 34/3200/13 12/18/14 33/31/15 32/30/16
f 38/3188/17 10/10/18 40/36/19 39/35/20
s 2
f 26/25/21 11/11/22 41/37/23 43/40/24
s 3
f 45/42/25 14/13/26 30/44/27 46/43/28
s 4
f 47/46/29 6/14/30 20/48/31 48/47/32
s off
f 19/20/33 1/1/34 20/21/35 18/19/36
f 24/23/37 3/3/38 25/24/39 23/22/40
s 2
f 25/24/41 11/11/22 26/25/42 23/22/43
s off
f 26/25/44 13/12/45 27/26/46 23/22/47
f 29/28/48 2/2/49 30/29/50 28/27/51
f 33/31/52 3/8/53 24/32/54 32/30/55
f 36/34/56 2/2/57 29/28/58 35/33/59
f 29/28/60 7/3173/61 37/3182/62 35/33/63
f 40/36/64 4/4/65 41/37/66 39/35/67
f 25/24/68 3/3/69 33/39/70 42/38/71
f 33/39/72 12/3171/73 22/3180/74 42/38/75
f 41/37/76 4/4/77 44/41/78 43/40/79
s 3
f 44/41/80 14/13/26 45/42/81 43/40/82
s off
f 45/42/83 13/12/84 26/25/85 43/40/86
f 30/44/87 2/6/88 36/45/89 46/43/90
s 4
f 36/45/91 6/14/30 47/46/92 46/43/93
s off
f 47/46/94 13/12/95 45/42/96 46/43/97
f 20/48/98 1/5/99 49/49/100 48/47/101
s 1
f 49/49/102 15/15/6 27/26/103 48/47/104
s off
f 27/26/105 13/12/106 47/46/107 48/47/108
f 44/51/109 4/7/110 40/52/111 50/50/112
f 40/52/113 10/3175/114 51/3192/115 50/50/116
f 49/54/117 1/1/118 19/20/119 52/53/120
f 19/20/121 8/3177/122 53/3198/123 52/53/124
s 4
f 6/9/30 36/34/91 55/56/125 54/55/126
s 9
f 36/34/127 35/33/128 56/57/129 55/56/130
s 4
f 20/2872/31 6/2873/30 54/59/126 57/58/131
s 10
f 18/2874/132 20/2875/133 57/60/134 58/2876/135
s 11
f 5/16/136 21/2877/137 60/62/138 59/61/139
s 10
f 21/2877/140 18/2878/132 58/63/135 60/62/141
s 11
f 37/17/142 5/2879/136 59/65/139 61/64/143
s 9
f 35/2880/128 37/2881/144 61/66/145 56/2882/129
s 2
f 11/2883/22 25/2884/41 63/2885/146 62/67/147
s 12
f 25/2886/148 42/2887/149 64/2888/150 63/68/151
s 2
f 41/2889/23 11/2890/22 62/70/147 65/69/152
s 13
f 39/2891/153 41/2892/154 65/2893/155 66/2894/156
s 14
f 9/2895/157 38/2896/158 68/2897/159 67/71/160
s 13
f 38/2898/161 39/2899/153 66/2900/156 68/72/162
s 14
f 22/2901/163 9/2902/157 67/74/160 69/73/164
s 12
f 42/2903/149 22/2904/165 69/2905/166 64/2906/150
s 3
f 14/2907/26 44/2908/80 71/2909/167 70/75/168
s 15
f 44/2910/169 50/2911/170 72/2912/171 71/76/172
s 3
f 30/2913/27 14/2914/26 70/78/168 73/77/173
s 16
f 28/2915/174 30/2916/175 73/2917/176 74/2918/177
s 17
f 16/2919/178 31/2920/179 76/2921/180 75/79/181
s 16
f 31/2922/182 28/2923/174 74/2924/177 76/2925/183
s 17
f 51/2926/184 16/2927/178 75/2928/181 77/80/185
s 15
f 50/2929/170 51/2926/186 77/80/187 72/81/171
s 1
f 15/2930/6 49/2931/102 79/83/188 78/82/189
s 18
f 49/2931/190 52/2932/191 80/2933/192 79/83/193
s 1
f 24/2934/7 15/2930/6 78/82/189 81/84/194
s 19
f 32/2935/195 24/2934/196 81/84/197 82/2936/198
s 20
f 17/2937/199 34/2938/200 84/2939/201 83/85/202
s 19
f 34/2940/203 32/2941/195 82/2942/198 84/2943/204
s 20
f 53/3198/205 17/3201/199 83/2944/202 85/86/206
s 18
f 52/53/191 53/3198/207 85/86/208 80/2945/192
s 4
f 54/55/126 55/56/125 87/88/209 86/87/210
s 9
f 55/56/130 56/57/129 88/89/211 87/88/212
s 4
f 57/58/131 54/59/126 86/91/210 89/90/213
s 10
f 58/2876/135 57/60/134 89/92/214 90/2946/215
s 11
f 59/61/139 60/62/138 92/94/216 91/93/217
s 10
f 60/62/141 58/63/135 90/95/215 92/94/218
s 11
f 61/64/143 59/65/139 91/97/217 93/96/219
s 9
f 56/2882/129 61/66/145 93/98/220 88/2947/211
s 2
f 62/67/147 63/2885/146 95/2948/221 94/99/222
s 12
f 63/68/151 64/2888/150 96/2949/223 95/100/224
s 2
f 65/69/152 62/70/147 94/102/222 97/101/225
s 13
f 66/2894/156 65/2893/155 97/2950/226 98/2951/227
s 14
f 67/71/160 68/2897/159 100/2952/228 99/103/229
s 13
f 68/72/162 66/2900/156 98/2953/227 100/104/230
s 14
f 69/73/164 67/74/160 99/106/229 101/105/231
s 12
f 64/2906/150 69/2905/166 101/2954/232 96/2955/223
s 3
f 70/75/168 71/2909/167 103/2956/233 102/107/234
s 15
f 71/76/172 72/2912/171 104/2957/235 103/108/236
s 3
f 73/77/173 70/78/168 102/110/234 105/109/237
s 16
f 74/2918/177 73/2917/176 105/2958/238 106/2959/239
s 17
f 75/79/181 76/2921/180 108/2960/240 107/111/241
s 16
f 76/2925/183 74/2924/177 106/2961/239 108/2962/242
s 17
f 77/80/185 75/2928/181 107/2963/241 109/112/243
s 15
f 72/81/171 77/80/187 109/112/244 104/113/235
s 1
f 78/82/189 79/83/188 111/115/245 110/114/246
s 18
f 79/83/193 80/2933/192 112/2964/247 111/115/248
s 1
f 81/84/194 78/82/189 110/114/246 113/116/249
s 19
f 82/2936/198 81/84/197 113/116/250 114/2965/251
s 20
f 83/85/202 84/2939/201 116/2966/252 115/117/253
s 19
f 84/2943/204 82/2942/198 114/2967/251 116/2968/254
s 20
f 85/86/206 83/2944/202 115/2969/253 117/118/255
s 18
f 80/2945/192 85/86/208 117/118/256 112/2970/247
s 21
f 86/87/257 87/88/258 119/120/259 118/119/260
s 9
f 87/88/212 88/89/211 120/121/261 119/120/262
s 21
f 89/90/263 86/91/257 118/123/260 121/122/264
s 10
f 90/2946/215 89/92/214 121/124/265 122/2971/266
s 22
f 91/93/267 92/94/268 124/126/269 123/125/270
s 10
f 92/94/218 90/95/215 122/127/266 124/126/271
s 22
f 93/96/272 91/97/267 123/129/270 125/128/273
s 9
f 88/2947/211 93/98/220 125/130/274 120/2972/261
s 23
f 94/99/275 95/2948/276 127/2973/277 126/131/278
s 12
f 95/100/224 96/2949/223 128/2974/279 127/132/280
s 23
f 97/101/281 94/102/275 126/134/278 129/133/282
s 13
f 98/2951/227 97/2950/226 129/2975/283 130/2976/284
s 24
f 99/103/285 100/2952/286 132/2977/287 131/135/288
s 13
f 100/104/230 98/2953/227 130/2978/284 132/136/289
s 24
f 101/105/290 99/106/285 131/138/288 133/137/291
s 12
f 96/2955/223 101/2954/232 133/2979/292 128/2980/279
s 25
f 102/107/293 103/2956/294 135/2981/295 134/139/296
s 15
f 103/108/236 104/2957/235 136/2982/297 135/140/298
s 25
f 105/109/299 102/110/293 134/142/296 137/141/300
s 16
f 106/2959/239 105/2958/238 137/2983/301 138/2984/302
s 26
f 107/111/303 108/2960/304 140/2985/305 139/143/306
s 16
f 108/2962/242 106/2961/239 138/2986/302 140/2987/307
s 26
f 109/112/308 107/2963/303 139/2988/306 141/144/309
s 15
f 104/113/235 109/112/244 141/144/310 136/145/297
s 27
f 110/114/311 111/115/312 143/147/313 142/146/314
s 18
f 111/115/248 112/2964/247 144/2989/315 143/147/316
s 27
f 113/116/317 110/114/311 142/146/314 145/148/318
s 19
f 114/2965/251 113/116/250 145/148/319 146/2990/320
s 28
f 115/117/321 116/2966/322 148/2991/323 147/149/324
s 19
f 116/2968/254 114/2967/251 146/2992/320 148/2993/325
s 28
f 117/118/326 115/2969/321 147/2994/324 149/150/327
s 18
f 112/2970/247 117/118/256 149/150/328 144/2995/315
s 21
f 118/119/260 119/120/259 151/152/329 150/151/330
s 9
f 119/120/262 120/121/261 152/153/331 151/152/332
s 21
f 121/122/264 118/123/260 150/155/330 153/154/333
s 10
f 122/2971/266 121/124/265 153/156/334 154/2996/335
s 22
f 123/125/270 124/126/269 156/158/336 155/157/337
s 10
f 124/126/271 122/127/266 154/159/335 156/158/338
s 22
f 125/128/273 123/129/270 155/161/337 157/160/339
s 9
f 120/2972/261 125/130/274 157/162/340 152/2997/331
s 23
f 126/131/278 127/2973/277 159/2998/341 158/163/342
s 12
f 127/132/280 128/2974/279 160/2999/343 159/164/344
s 23
f 129/133/282 126/134/278 158/166/342 161/165/345
s 13
f 130/2976/284 129/2975/283 161/3000/346 162/3001/347
s 24
f 131/135/288 132/2977/287 164/3002/348 163/167/349
s 13
f 132/136/289 130/2978/284 162/3003/347 164/168/350
s 24
f 133/137/291 131/138/288 163/170/349 165/169/351
s 12
f 128/2980/279 133/2979/292 165/3004/352 160/3005/343
s 25
f 134/139/296 135/2981/295 167/3006/353 166/171/354
s 15
f 135/140/298 136/2982/297 168/3007/355 167/172/356
s 25
f 137/141/300 134/142/296 166/174/354 169/173/357
s 16
f 138/2984/302 137/2983/301 169/3008/358 170/3009/359
s 26
f 139/143/306 140/2985/305 172/3010/360 171/175/361
s 16
f 140/2987/307 138/2986/302 170/3011/359 172/3012/362
s 26
f 141/144/309 139/2988/306 171/3013/361 173/176/363
s 15
f 136/145/297 141/144/310 173/176/364 168/177/355
s 27
f 142/146/314 143/147/313 175/179/365 174/178/366
s 18
f 143/147/316 144/2989/315 176/3014/367 175/179/368
s 27
f 145/148/318 142/146/314 174/178/366 177/180/369
s 19
f 146/2990/320 145/148/319 177/180/370 178/3015/371
s 28
f 147/149/324 148/2991/323 180/3016/372 179/181/373
s 19
f 148/2993/325 146/2992/320 178/3017/371 180/3018/374
s 28
f 149/150/327 147/2994/324 179/3019/373 181/182/375
s 18
f 144/2995/315 149/150/328 181/182/376 176/3020/367
s 29
f 150/151/377 151/152/378 183/184/379 182/183/380
s 9
f 151/152/332 152/153/331 184/185/381 183/184/382
s 29
f 153/154/383 150/155/377 182/187/380 185/186/384
s 10
f 154/2996/335 153/156/334 185/188/385 186/3021/386
s 30
f 155/157/387 156/158/388 188/190/389 187/189/390
s 10
f 156/158/338 154/159/335 186/191/386 188/190/391
s 30
f 157/160/392 155/161/387 187/193/390 189/192/393
s 9
f 152/2997/331 157/162/340 189/194/394 184/3022/381
s 31
f 158/163/395 159/2998/396 191/3023/397 190/195/398
s 12
f 159/164/344 160/2999/343 192/3024/399 191/196/400
s 31
f 161/165/401 158/166/395 190/198/398 193/197/402
s 13
f 162/3001/347 161/3000/346 193/3025/403 194/3026/404
s 32
f 163/167/405 164/3002/406 196/3027/407 195/199/408
s 13
f 164/168/350 162/3003/347 194/3028/404 196/200/409
s 32
f 165/169/410 163/170/405 195/202/408 197/201/411
s 12
f 160/3005/343 165/3004/352 197/3029/412 192/3030/399
s 33
f 166/171/413 167/3006/414 199/3031/415 198/203/416
s 15
f 167/172/356 168/3007/355 200/3032/417 199/204/418
s 33
f 169/173/419 166/174/413 198/206/416 201/205/420
s 16
f 170/3009/359 169/3008/358 201/3033/421 202/3034/422
s 34
f 171/175/423 172/3010/424 204/3035/425 203/207/426
s 16
f 172/3012/362 170/3011/359 202/3036/422 204/3037/427
s 34
f 173/176/428 171/3013/423 203/3038/426 205/208/429
s 15
f 168/177/355 173/176/364 205/208/430 200/209/417
s 35
f 174/178/431 175/179/432 207/211/433 206/210/434
s 18
f 175/179/368 176/3014/367 208/3039/435 207/211/436
s 35
f 177/180/437 174/178/431 206/210/434 209/212/438
s 19
f 178/3015/371 177/180/370 209/212/439 210/3040/440
s 36
f 179/181/441 180/3016/442 212/3041/443 211/213/444
s 19
f 180/3018/374 178/3017/371 210/3042/440 212/3043/445
s 36
f 181/182/446 179/3019/441 211/3044/444 213/214/447
s 18
f 176/3020/367 181/182/376 213/214/448 208/3045/435
s 29
f 182/183/380 183/184/379 215/216/449 214/215/450
s 9
f 183/184/382 184/185/381 216/217/451 215/216/452
s 29
f 185/186/384 182/187/380 214/219/450 217/218/453
s 10
f 186/3021/386 185/188/385 217/220/454 218/3046/455
s 30
f 187/189/390 188/190/389 220/222/456 219/221/457
s 10
f 188/190/391 186/191/386 218/223/455 220/222/458
s 30
f 189/192/393 187/193/390 219/225/457 221/224/459
s 9
f 184/3022/381 189/194/394 221/226/460 216/3047/451
s 31
f 190/195/398 191/3023/397 223/3048/461 222/227/462
s 12
f 191/196/400 192/3024/399 224/3049/463 223/228/464
s 31
f 193/197/402 190/198/398 222/230/462 225/229/465
s 13
f 194/3026/404 193/3025/403 225/3050/466 226/3051/467
s 32
f 195/199/408 196/3027/407 228/3052/468 227/231/469
s 13
f 196/200/409 194/3028/404 226/3053/467 228/232/470
s 32
f 197/201/411 195/202/408 227/234/469 229/233/471
s 12
f 192/3030/399 197/3029/412 229/3054/472 224/3055/463
s 33
f 198/203/416 199/3031/415 231/3056/473 230/235/474
s 15
f 199/204/418 200/3032/417 232/3057/475 231/236/476
s 33
f 201/205/420 198/206/416 230/238/474 233/237/477
s 16
f 202/3034/422 201/3033/421 233/3058/478 234/3059/479
s 34
f 203/207/426 204/3035/425 236/3060/480 235/239/481
s 16
f 204/3037/427 202/3036/422 234/3061/479 236/3062/482
s 34
f 205/208/429 203/3038/426 235/3063/481 237/240/483
s 15
f 200/209/417 205/208/430 237/240/484 232/241/475
s 35
f 206/210/434 207/211/433 239/243/485 238/242/486
s 18
f 207/211/436 208/3039/435 240/3064/487 239/243/488
s 35
f 209/212/438 206/210/434 238/242/486 241/244/489
s 19
f 210/3040/440 209/212/439 241/244/490 242/3065/491
s 36
f 211/213/444 212/3041/443 244/3066/492 243/245/493
s 19
f 212/3043/445 210/3042/440 242/3067/491 244/3068/494
s 36
f 213/214/447 211/3044/444 243/3069/493 245/246/495
s 18
f 208/3045/435 213/214/448 245/246/496 240/3070/487
s 29
f 214/215/450 215/216/449 247/248/497 246/247/498
s 9
f 215/216/452 216/217/451 248/249/499 247/248/500
s 29
f 217/218/453 214/219/450 246/251/498 249/250/501
s 10
f 218/3046/455 217/220/454 249/252/502 250/3071/503
s 30
f 219/221/457 220/222/456 252/254/504 251/253/505
s 10
f 220/222/458 218/223/455 250/255/503 252/254/506
s 30
f 221/224/459 219/225/457 251/257/505 253/256/507
s 9
f 216/3047/451 221/226/460 253/258/508 248/3072/499
s 31
f 222/227/462 223/3048/461 255/3073/509 254/259/510
s 12
f 223/228/464 224/3049/463 256/3074/511 255/260/512
s 31
f 225/229/465 222/230/462 254/262/510 257/261/513
s 13
f 226/3051/467 225/3050/466 257/3075/514 258/3076/515
s 32
f 227/231/469 228/3052/468 260/3077/516 259/263/517
s 13
f 228/232/470 226/3053/467 258/3078/515 260/264/518
s 32
f 229/233/471 227/234/469 259/266/517 261/265/519
s 12
f 224/3055/463 229/3054/472 261/3079/520 256/3080/511
s 33
f 230/235/474 231/3056/473 263/3081/521 262/267/522
s 15
f 231/236/476 232/3057/475 264/3082/523 263/268/524
s 33
f 233/237/477 230/238/474 262/270/522 265/269/525
s 16
f 234/3059/479 233/3058/478 265/3083/526 266/3084/527
s 34
f 235/239/481 236/3060/480 268/3085/528 267/271/529
s 16
f 236/3062/482 234/3061/479 266/3086/527 268/3087/530
s 34
f 237/240/483 235/3063/481 267/3088/529 269/272/531
s 15
f 232/241/475 237/240/484 269/272/532 264/273/523
s 35
f 238/242/486 239/243/485 271/275/533 270/274/534
s 18
f 239/243/488 240/3064/487 272/3089/535 271/275/536
s 35
f 241/244/489 238/242/486 270/274/534 273/276/537
s 19
f 242/3065/491 241/244/490 273/276/538 274/3090/539
s 36
f 243/245/493 244/3066/492 276/3091/540 275/277/541
s 19
f 244/3068/494 242/3067/491 274/3092/539 276/3093/542
s 36
f 245/246/495 243/3069/493 275/3094/541 277/278/543
s 18
f 240/3070/487 245/246/496 277/278/544 272/3095/535
s 37
f 246/247/545 247/248/546 279/280/547 278/279/548
s 9
f 247/248/500 248/249/499 280/281/549 279/280/550
s 37
f 249/250/551 246/251/545 278/283/548 281/282/552
s 10
f 250/3071/503 249/252/502 281/284/553 282/3096/554
s 38
f 251/253/555 252/254/556 284/286/557 283/285/558
s 10
f 252/254/506 250/255/503 282/287/554 284/286/559
s 38
f 253/256/560 251/257/555 283/289/558 285/288/561
s 9
f 248/3072/499 253/258/508 285/290/562 280/3097/549
s 39
f 254/259/563 255/3073/564 287/3098/565 286/291/566
s 12
f 255/260/512 256/3074/511 288/3099/567 287/292/568
s 39
f 257/261/569 254/262/563 286/294/566 289/293/570
s 13
f 258/3076/515 257/3075/514 289/3100/571 290/3101/572
s 40
f 259/263/573 260/3077/574 292/3102/575 291/295/576
s 13
f 260/264/518 258/3078/515 290/3103/572 292/296/577
s 40
f 261/265/578 259/266/573 291/298/576 293/297/579
s 12
f 256/3080/511 261/3079/520 293/3104/580 288/3105/567
s 41
f 262/267/581 263/3081/582 295/3106/583 294/299/584
s 15
f 263/268/524 264/3082/523 296/3107/585 295/300/586
s 41
f 265/269/587 262/270/581 294/302/584 297/301/588
s 16
f 266/3084/527 265/3083/526 297/3108/589 298/3109/590
s 42
f 267/271/591 268/3085/592 300/3110/593 299/303/594
s 16
f 268/3087/530 266/3086/527 298/3111/590 300/3112/595
s 42
f 269/272/596 267/3088/591 299/3113/594 301/304/597
s 15
f 264/273/523 269/272/532 301/304/598 296/305/585
s 43
f 270/274/599 271/275/600 303/307/601 302/306/602
s 18
f 271/275/536 272/3089/535 304/3114/603 303/307/604
s 43
f 273/276/605 270/274/599 302/306/602 305/308/606
s 19
f 274/3090/539 273/276/538 305/308/607 306/3115/608
s 44
f 275/277/609 276/3091/610 308/3116/611 307/309/612
s 19
f 276/3093/542 274/3092/539 306/3117/608 308/3118/613
s 44
f 277/278/614 275/3094/609 307/3119/612 309/310/615
s 18
f 272/3095/535 277/278/544 309/310/616 304/3120/603
s 37
f 278/279/548 279/280/547 311/1815/617 310/311/618
s 9
f 279/280/550 280/281/549 312/1817/619 311/1815/620
s 37
f 281/282/552 278/283/548 310/1819/618 313/313/621
s 10
f 282/3096/554 281/284/553 313/1821/622 314/314/623
s 38
f 283/285/558 284/286/557 316/1823/624 315/316/625
s 10
f 284/286/559 282/287/554 314/1825/623 316/1823/626
s 38
f 285/288/561 283/289/558 315/1827/625 317/318/627
s 9
f 280/3097/549 285/290/562 317/1829/628 312/319/619
s 39
f 286/291/566 287/3098/565 319/3121/629 318/321/630
s 12
f 287/292/568 288/3099/567 320/3122/631 319/322/632
s 39
f 289/293/570 286/294/566 318/324/630 321/323/633
s 13
f 290/3101/572 289/3100/571 321/3123/634 322/3124/635
s 40
f 291/295/576 292/3102/575 324/3125/636 323/325/637
s 13
f 292/296/577 290/3103/572 322/3126/635 324/326/638
s 40
f 293/297/579 291/298/576 323/328/637 325/327/639
s 12
f 288/3105/567 293/3104/580 325/3127/640 320/3128/631
s 41
f 294/299/584 295/3106/583 327/3129/641 326/329/642
s 15
f 295/300/586 296/3107/585 328/3130/643 327/330/644
s 41
f 297/301/588 294/302/584 326/332/642 329/331/645
s 16
f 298/3109/590 297/3108/589 329/3131/646 330/3132/647
s 42
f 299/303/594 300/3110/593 332/3133/648 331/333/649
s 16
f 300/3112/595 298/3111/590 330/3134/647 332/312/650
s 42
f 301/304/597 299/3113/594 331/3135/649 333/334/651
s 15
f 296/305/585 301/304/598 333/334/652 328/335/643
s 43
f 302/306/602 303/307/601 335/337/653 334/336/654
s 18
f 303/307/604 304/3114/603 336/3136/655 335/337/656
s 43
f 305/308/606 302/306/602 334/336/654 337/338/657
s 19
f 306/3115/608 305/308/607 337/338/658 338/315/659
s 44
f 307/309/612 308/3116/611 340/3137/660 339/339/661
s 19
f 308/3118/613 306/3117/608 338/3138/659 340/317/662
s 44
f 309/310/615 307/3119/612 339/3139/661 341/340/663
s 18
f 304/3120/603 309/310/616 341/340/664 336/320/655
s 39
f 318/321/630 319/3121/629 343/341/665 342/349/666
s 12
f 319/322/632 320/3122/631 344/3140/667 343/350/668
s 39
f 321/323/633 318/324/630 342/352/669 345/351/670
s 13
f 322/3124/635 321/3123/634 345/3141/671 346/3142/672
s 40
f 323/325/637 324/3125/636 348/345/673 347/353/674
s 13
f 324/326/638 322/3126/635 346/3143/675 348/354/676
s 40
f 325/327/639 323/328/637 347/356/677 349/355/678
s 12
f 320/3128/631 325/3127/640 349/3144/679 344/3145/680
s 41
f 326/329/642 327/3129/641 351/347/681 350/357/682
s 15
f 327/330/644 328/3130/643 352/3146/683 351/358/684
s 41
f 329/331/645 326/332/642 350/360/685 353/359/686
s 16
f 330/3132/647 329/3131/646 353/3147/687 354/3148/688
s 42
f 331/333/649 332/3133/648 356/3149/689 355/361/690
s 16
f 332/312/650 330/3134/647 354/3150/691 356/342/692
s 42
f 333/334/651 331/3135/649 355/343/693 357/362/694
s 15
f 328/335/643 333/334/652 357/362/695 352/363/696
s 43
f 334/336/654 335/337/653 359/365/697 358/364/698
s 18
f 335/337/656 336/3136/655 360/3151/699 359/365/700
s 43
f 337/338/657 334/336/654 358/364/701 361/366/702
s 19
f 338/315/659 337/338/658 361/366/703 362/344/704
s 44
f 339/339/661 340/3137/660 364/3152/705 363/367/706
s 19
f 340/317/662 338/3138/659 362/3153/707 364/346/708
s 44
f 341/340/663 339/3139/661 363/3154/709 365/368/710
s 18
f 336/320/655 341/340/664 365/368/711 360/348/712
s 39
f 342/349/666 343/341/665 375/369/713 374/377/714
s 12
f 343/350/668 344/3140/667 376/3155/715 375/378/716
s 39
f 345/351/670 342/352/669 374/380/717 377/379/718
s 13
f 346/3142/672 345/3141/671 377/3156/719 378/3157/720
s 40
f 347/353/674 348/345/673 380/373/721 379/381/722
s 13
f 348/354/676 346/3143/675 378/3158/723 380/382/724
s 40
f 349/355/678 347/356/677 379/384/725 381/383/726
s 12
f 344/3145/680 349/3144/679 381/3159/727 376/3160/728
s 41
f 350/357/682 351/347/681 383/375/729 382/385/730
s 15
f 351/358/684 352/3146/683 384/3161/731 383/386/732
s 41
f 353/359/686 350/360/685 382/388/733 385/387/734
s 16
f 354/3148/688 353/3147/687 385/3162/735 386/3163/736
s 42
f 355/361/690 356/3149/689 388/3164/737 387/389/738
s 16
f 356/342/692 354/3150/691 386/3165/739 388/370/740
s 42
f 357/362/694 355/343/693 387/371/741 389/390/742
s 15
f 352/363/696 357/362/695 389/390/743 384/391/744
s 43
f 358/364/698 359/365/697 391/393/745 390/392/746
s 18
f 359/365/700 360/3151/699 392/3166/747 391/393/748
s 43
f 361/366/702 358/364/701 390/392/749 393/394/750
s 19
f 362/344/704 361/366/703 393/394/751 394/372/752
s 44
f 363/367/706 364/3152/705 396/3167/753 395/395/754
s 19
f 364/346/708 362/3153/707 394/3168/755 396/374/756
s 44
f 365/368/710 363/3154/709 395/3169/757 397/396/758
s 18
f 360/348/712 365/368/711 397/396/759 392/376/760
s 45
f 374/377/761 375/369/762 399/416/763 398/401/764
f 375/378/762 376/3155/765 400/418/766 399/402/763
s 46
f 377/379/767 374/380/768 398/420/769 401/403/770
f 378/3157/771 377/3156/767 401/422/770 402/404/772
s 47
f 379/381/773 380/373/774 404/424/775 403/405/776
f 380/382/774 378/3158/777 402/426/778 404/406/775
s 48
f 381/383/779 379/384/780 403/428/781 405/407/782
f 376/3160/783 381/3159/779 405/430/782 400/408/784
s 49
f 382/385/785 383/375/786 407/432/787 406/409/788
f 383/386/786 384/3161/789 408/434/790 407/410/787
s 50
f 385/387/791 382/388/792 406/436/793 409/411/794
f 386/3163/795 385/3162/791 409/438/794 410/412/796
s 51
f 387/389/797 388/3164/798 412/440/799 411/413/800
f 388/370/798 386/3165/801 410/442/802 412/397/799
s 52
f 389/390/803 387/371/804 411/444/805 413/446/806
f 384/391/807 389/390/803 413/446/806 408/414/808
s 53
f 390/392/809 391/393/810 415/448/811 414/452/812
f 391/393/810 392/3166/813 416/450/814 415/448/811
s 54
f 393/394/815 390/392/816 414/452/817 417/454/818
f 394/372/819 393/394/815 417/454/818 418/398/820
s 55
f 395/395/821 396/3167/822 420/456/823 419/415/824
f 396/374/822 394/3168/825 418/458/826 420/399/823
s 56
f 397/396/827 395/3169/828 419/460/829 421/462/830
f 392/376/831 397/396/827 421/462/830 416/400/832
s 57
f 398/401/833 399/416/834 481/536/835 478/417/836
f 399/402/834 400/418/837 484/538/838 481/419/835
s 58
f 401/403/839 398/420/840 478/533/841 487/421/842
f 402/404/843 401/422/839 487/539/842 490/423/844
s 59
f 403/405/845 404/424/846 496/546/847 493/425/848
f 404/406/846 402/426/849 490/541/850 496/427/847
s 60
f 405/407/851 403/428/852 493/543/853 499/429/854
f 400/408/855 405/430/851 499/548/854 484/431/856
s 61
f 406/409/857 407/432/858 505/552/859 502/433/860
f 407/410/858 408/434/861 508/554/862 505/435/859
s 62
f 409/411/863 406/436/864 502/549/865 511/437/866
f 410/412/867 409/438/863 511/555/866 514/439/868
s 63
f 411/413/869 412/440/870 520/561/871 517/441/872
f 412/397/870 410/442/873 514/557/874 520/443/871
s 64
f 413/446/875 411/444/876 517/559/877 523/445/878
f 408/414/879 413/446/875 523/445/878 508/447/880
s 65
f 414/452/881 415/448/882 529/451/883 526/449/884
f 415/448/882 416/450/885 532/563/886 529/451/883
s 66
f 417/454/887 414/452/888 526/449/889 535/453/890
f 418/398/891 417/454/887 535/453/890 538/455/892
s 67
f 419/415/893 420/456/894 544/569/895 541/457/896
f 420/399/894 418/458/897 538/565/898 544/459/895
s 68
f 421/462/899 419/460/900 541/567/901 547/461/902
f 416/400/903 421/462/899 547/461/902 532/463/904
s 69
f 456/523/905 459/464/906 423/628/907 422/465/908
f 459/464/906 462/466/909 424/630/910 423/628/907
s 70
f 465/522/911 456/467/912 422/632/913 425/468/914
f 468/526/915 465/469/911 425/634/914 426/470/916
s 71
f 471/530/917 474/471/918 428/636/919 427/472/920
f 474/471/918 468/473/921 426/638/922 428/636/919
s 72
f 477/529/923 471/474/924 427/640/925 429/475/926
f 462/531/927 477/476/923 429/642/926 424/477/928
s 57
f 480/535/929 483/478/930 431/644/931 430/479/932
f 483/537/930 486/480/933 432/646/934 431/481/931
s 74
f 489/534/935 480/482/936 430/648/937 433/483/938
f 492/540/939 489/484/935 433/650/938 434/485/940
s 59
f 495/545/941 498/486/942 436/652/943 435/487/944
f 498/542/942 492/488/945 434/654/946 436/489/943
s 60
f 501/544/947 495/490/948 435/656/949 437/491/950
f 486/547/951 501/492/947 437/658/950 432/493/952
s 61
f 504/551/953 507/494/954 439/660/955 438/495/956
f 507/553/954 510/496/957 440/662/958 439/497/955
s 78
f 513/550/959 504/498/960 438/664/961 441/499/962
f 516/556/963 513/500/959 441/666/962 442/501/964
s 63
f 519/560/965 522/502/966 444/668/967 443/503/968
f 522/558/966 516/504/969 442/670/970 444/505/967
s 64
f 525/507/971 519/506/972 443/672/973 445/674/974
f 510/562/975 525/507/971 445/674/974 440/508/976
s 65
f 528/511/977 531/509/978 447/676/979 446/680/980
f 531/509/978 534/510/981 448/678/982 447/676/979
s 82
f 537/512/983 528/511/984 446/680/985 449/682/986
f 540/564/987 537/512/983 449/682/986 450/513/988
s 67
f 543/568/989 546/514/990 452/684/991 451/515/992
f 546/566/990 540/516/993 450/686/994 452/517/991
s 68
f 549/519/995 543/518/996 451/688/997 453/690/998
f 534/570/999 549/519/995 453/690/998 448/520/1000
s 85
f 454/521/1001 455/572/1002 464/577/1003 463/1803/1004
s 70
f 455/572/1005 456/467/912 465/522/911 464/577/1006
s 69
f 456/523/905 455/571/1007 458/573/1008 459/464/906
f 455/571/1009 454/1799/1010 457/1801/1011 458/573/1008
f 459/464/906 458/573/1008 461/575/1012 462/466/909
f 458/573/1008 457/1801/1011 460/524/1013 461/575/1012
s 85
f 463/525/1004 464/576/1003 467/579/1014 466/1805/1015
s 70
f 464/576/1006 465/469/911 468/526/915 467/579/1016
s 71
f 466/527/1017 467/578/1018 473/582/1019 472/1809/1020
f 467/578/1018 468/473/921 474/471/918 473/582/1019
s 72
f 469/528/1021 470/581/1022 476/584/1023 475/1811/1024
f 470/581/1022 471/474/924 477/529/923 476/584/1023
s 71
f 471/530/917 470/580/1025 473/582/1019 474/471/918
f 470/580/1025 469/1807/1026 472/1809/1020 473/582/1019
s 72
f 462/531/927 461/574/1027 476/583/1023 477/476/923
f 461/574/1027 460/1814/1028 475/532/1024 476/583/1023
s 58
f 478/533/841 479/586/1029 488/592/1030 487/421/842
s 74
f 479/586/1031 480/482/936 489/534/935 488/592/1032
s 57
f 480/535/929 479/585/1033 482/588/1034 483/478/930
f 479/585/1035 478/417/836 481/536/835 482/588/1034
f 483/537/930 482/587/1034 485/590/1036 486/480/933
f 482/587/1034 481/419/835 484/538/838 485/590/1036
s 58
f 487/539/842 488/591/1030 491/594/1037 490/423/844
s 74
f 488/591/1032 489/484/935 492/540/939 491/594/1038
s 59
f 490/541/850 491/593/1039 497/598/1040 496/427/847
f 491/593/1039 492/488/945 498/542/942 497/598/1040
s 60
f 493/543/853 494/596/1041 500/600/1042 499/429/854
f 494/596/1041 495/490/948 501/544/947 500/600/1042
s 59
f 495/545/941 494/595/1043 497/597/1040 498/486/942
f 494/595/1043 493/425/848 496/546/847 497/597/1040
s 60
f 486/547/951 485/589/1044 500/599/1042 501/492/947
f 485/589/1044 484/431/856 499/548/854 500/599/1042
s 62
f 502/549/865 503/602/1045 512/608/1046 511/437/866
s 78
f 503/602/1047 504/498/960 513/550/959 512/608/1048
s 61
f 504/551/953 503/601/1049 506/604/1050 507/494/954
f 503/601/1051 502/433/860 505/552/859 506/604/1050
f 507/553/954 506/603/1050 509/606/1052 510/496/957
f 506/603/1050 505/435/859 508/554/862 509/606/1052
s 62
f 511/555/866 512/607/1046 515/610/1053 514/439/868
s 78
f 512/607/1048 513/500/959 516/556/963 515/610/1054
s 63
f 514/557/874 515/609/1055 521/614/1056 520/443/871
f 515/609/1055 516/504/969 522/558/966 521/614/1056
s 64
f 517/559/877 518/612/1057 524/615/1058 523/445/878
f 518/612/1057 519/506/972 525/507/971 524/615/1058
s 63
f 519/560/965 518/611/1059 521/613/1056 522/502/966
f 518/611/1059 517/441/872 520/561/871 521/613/1056
s 64
f 510/562/975 509/605/1060 524/615/1058 525/507/971
f 509/605/1060 508/447/880 523/445/878 524/615/1058
s 66
f 526/449/889 527/616/1061 536/620/1062 535/453/890
s 82
f 527/616/1063 528/511/984 537/512/983 536/620/1064
s 65
f 528/511/977 527/616/1065 530/617/1066 531/509/978
f 527/616/1067 526/449/884 529/451/883 530/617/1066
f 531/509/978 530/617/1066 533/619/1068 534/510/981
f 530/617/1066 529/451/883 532/563/886 533/619/1068
s 66
f 535/453/890 536/620/1062 539/622/1069 538/455/892
s 82
f 536/620/1064 537/512/983 540/564/987 539/622/1070
s 67
f 538/565/898 539/621/1071 545/626/1072 544/459/895
f 539/621/1071 540/516/993 546/566/990 545/626/1072
s 68
f 541/567/901 542/624/1073 548/627/1074 547/461/902
f 542/624/1073 543/518/996 549/519/995 548/627/1074
s 67
f 543/568/989 542/623/1075 545/625/1072 546/514/990
f 542/623/1075 541/457/896 544/569/895 545/625/1072
s 68
f 534/570/999 533/618/1076 548/627/1074 549/519/995
f 533/618/1076 532/463/904 547/461/902 548/627/1074
s 69
f 422/465/908 423/628/907 553/631/1077 550/629/1078
f 423/628/907 424/630/910 556/695/1079 553/631/1077
s 70
f 425/468/914 422/632/913 550/692/1080 559/633/1081
f 426/470/916 425/634/914 559/696/1081 562/635/1082
s 71
f 427/472/920 428/636/919 568/639/1083 565/637/1084
f 428/636/919 426/638/922 562/698/1085 568/639/1083
s 72
f 429/475/926 427/640/925 565/699/1086 571/641/1087
f 424/477/928 429/642/926 571/703/1087 556/643/1088
s 57
f 430/479/932 431/644/931 577/707/1089 574/645/1090
f 431/481/931 432/646/934 580/709/1091 577/647/1089
s 74
f 433/483/938 430/648/937 574/704/1092 583/649/1093
f 434/485/940 433/650/938 583/710/1093 586/651/1094
s 59
f 435/487/944 436/652/943 592/717/1095 589/653/1096
f 436/489/943 434/654/946 586/712/1097 592/655/1095
s 60
f 437/491/950 435/656/949 589/714/1098 595/657/1099
f 432/493/952 437/658/950 595/719/1099 580/659/1100
s 61
f 438/495/956 439/660/955 601/723/1101 598/661/1102
f 439/497/955 440/662/958 604/725/1103 601/663/1101
s 78
f 441/499/962 438/664/961 598/720/1104 607/665/1105
f 442/501/964 441/666/962 607/726/1105 610/667/1106
s 63
f 443/503/968 444/668/967 616/732/1107 613/669/1108
f 444/505/967 442/670/970 610/728/1109 616/671/1107
s 64
f 445/674/974 443/672/973 613/730/1110 619/673/1111
f 440/508/976 445/674/974 619/673/1111 604/675/1112
s 65
f 446/680/980 447/676/979 625/679/1113 622/677/1114
f 447/676/979 448/678/982 628/734/1115 625/679/1113
s 82
f 449/682/986 446/680/985 622/677/1116 631/681/1117
f 450/513/988 449/682/986 631/681/1117 634/683/1118
s 67
f 451/515/992 452/684/991 640/740/1119 637/685/1120
f 452/517/991 450/686/994 634/736/1121 640/687/1119
s 68
f 453/690/998 451/688/997 637/738/1122 643/689/1123
f 448/520/1000 453/690/998 643/689/1123 628/691/1124
s 70
f 550/692/1080 551/743/1125 560/748/1126 559/633/1081
f 551/743/1125 552/2141/1127 561/693/1128 560/748/1126
s 69
f 552/694/1129 551/742/1130 554/744/1131 555/2139/1132
f 551/742/1130 550/629/1078 553/631/1077 554/744/1131
f 555/2139/1132 554/744/1131 557/746/1133 558/2140/1134
f 554/744/1131 553/631/1077 556/695/1079 557/746/1133
s 70
f 559/696/1081 560/747/1126 563/750/1135 562/635/1082
f 560/747/1126 561/2142/1128 564/697/1136 563/750/1135
s 71
f 562/698/1085 563/749/1137 569/753/1138 568/639/1083
f 563/749/1137 564/2144/1139 570/2143/1140 569/753/1138
s 72
f 565/699/1086 566/752/1141 572/755/1142 571/641/1087
f 566/752/1141 567/2145/1143 573/700/1144 572/755/1142
s 71
f 567/701/1145 566/751/1146 569/753/1138 570/2143/1140
f 566/751/1146 565/637/1084 568/639/1083 569/753/1138
s 72
f 558/702/1147 557/745/1148 572/754/1142 573/2146/1144
f 557/745/1148 556/643/1088 571/703/1087 572/754/1142
s 74
f 574/704/1092 575/757/1149 584/763/1150 583/649/1093
f 575/757/1149 576/2052/1151 585/705/1152 584/763/1150
s 57
f 576/706/1153 575/756/1154 578/759/1155 579/2050/1156
f 575/756/1154 574/645/1090 577/707/1089 578/759/1155
f 579/708/1156 578/758/1155 581/761/1157 582/2051/1158
f 578/758/1155 577/647/1089 580/709/1091 581/761/1157
s 74
f 583/710/1093 584/762/1150 587/765/1159 586/651/1094
f 584/762/1150 585/2053/1152 588/711/1160 587/765/1159
s 59
f 586/712/1097 587/764/1161 593/769/1162 592/655/1095
f 587/764/1161 588/2055/1163 594/713/1164 593/769/1162
s 60
f 589/714/1098 590/767/1165 596/771/1166 595/657/1099
f 590/767/1165 591/2056/1167 597/715/1168 596/771/1166
s 59
f 591/716/1169 590/766/1170 593/768/1162 594/2054/1164
f 590/766/1170 589/653/1096 592/717/1095 593/768/1162
s 60
f 582/718/1171 581/760/1172 596/770/1166 597/2057/1168
f 581/760/1172 580/659/1100 595/719/1099 596/770/1166
s 78
f 598/720/1104 599/773/1173 608/779/1174 607/665/1105
f 599/773/1173 600/2189/1175 609/721/1176 608/779/1174
s 61
f 600/722/1177 599/772/1178 602/775/1179 603/2187/1180
f 599/772/1178 598/661/1102 601/723/1101 602/775/1179
f 603/724/1180 602/774/1179 605/777/1181 606/2188/1182
f 602/774/1179 601/663/1101 604/725/1103 605/777/1181
s 78
f 607/726/1105 608/778/1174 611/781/1183 610/667/1106
f 608/778/1174 609/2190/1176 612/727/1184 611/781/1183
s 63
f 610/728/1109 611/780/1185 617/785/1186 616/671/1107
f 611/780/1185 612/2192/1187 618/729/1188 617/785/1186
s 64
f 613/730/1110 614/783/1189 620/786/1190 619/673/1111
f 614/783/1189 615/2193/1191 621/2194/1192 620/786/1190
s 63
f 615/731/1193 614/782/1194 617/784/1186 618/2191/1188
f 614/782/1194 613/669/1108 616/732/1107 617/784/1186
s 64
f 606/733/1195 605/776/1196 620/786/1190 621/2194/1192
f 605/776/1196 604/675/1112 619/673/1111 620/786/1190
s 82
f 622/677/1116 623/787/1197 632/791/1198 631/681/1117
f 623/787/1197 624/2111/1199 633/2113/1200 632/791/1198
s 65
f 624/2111/1201 623/787/1202 626/788/1203 627/2107/1204
f 623/787/1202 622/677/1114 625/679/1113 626/788/1203
f 627/2107/1204 626/788/1203 629/790/1205 630/2109/1206
f 626/788/1203 625/679/1113 628/734/1115 629/790/1205
s 82
f 631/681/1117 632/791/1198 635/793/1207 634/683/1118
f 632/791/1198 633/2113/1200 636/735/1208 635/793/1207
s 67
f 634/736/1121 635/792/1209 641/797/1210 640/687/1119
f 635/792/1209 636/2117/1211 642/737/1212 641/797/1210
s 68
f 637/738/1122 638/795/1213 644/798/1214 643/689/1123
f 638/795/1213 639/2119/1215 645/2121/1216 644/798/1214
s 67
f 639/739/1217 638/794/1218 641/796/1210 642/2115/1212
f 638/794/1218 637/685/1120 640/740/1119 641/796/1210
s 68
f 630/741/1219 629/789/1220 644/798/1214 645/2121/1216
f 629/789/1220 628/691/1124 643/689/1123 644/798/1214
s 87
usemtl standardSurface3SG
f 683/799/1221 682/834/1222 685/835/1223 684/800/1224
f 682/834/1222 681/833/1225 686/836/1226 685/835/1223
f 681/833/1225 680/832/1227 687/837/1228 686/836/1226
f 680/832/1227 679/831/1229 688/838/1230 687/837/1228
f 679/831/1229 678/1920/1231 689/1922/1232 688/838/1230
s 88
f 731/806/1233 730/866/1234 733/867/1235 732/807/1236
f 730/866/1234 729/865/1237 734/868/1238 733/867/1235
f 729/865/1237 728/864/1239 735/869/1240 734/868/1238
f 728/864/1239 727/863/1241 736/870/1242 735/869/1240
f 727/863/1241 726/1936/1243 737/1938/1244 736/870/1242
s 89
f 779/813/1245 778/898/1246 781/899/1247 780/814/1248
f 778/898/1246 777/897/1249 782/900/1250 781/899/1247
f 777/897/1249 776/896/1251 783/901/1252 782/900/1250
f 776/896/1251 775/895/1253 784/902/1254 783/901/1252
f 775/895/1253 774/1952/1255 785/1954/1256 784/902/1254
s 90
f 827/820/1257 826/930/1258 829/931/1259 828/821/1260
f 826/930/1258 825/929/1261 830/932/1262 829/931/1259
f 825/929/1261 824/928/1263 831/933/1264 830/932/1262
f 824/928/1263 823/927/1265 832/934/1266 831/933/1264
f 823/927/1265 822/1968/1267 833/1970/1268 832/934/1266
s 87
f 708/804/1269 714/805/1270 1952/2241/1271 702/803/1272
s 88
f 731/806/1233 732/807/1236 1951/2240/1273 768/828/1274
s 89
f 1954/2243/1275 780/814/1248 786/815/1276 792/816/1277
s 90
f 846/824/1278 1953/2242/1279 834/822/1280 840/823/1281
s 87
f 688/838/1282 689/1922/1283 695/1924/1284 694/842/1285
f 687/837/1286 688/838/1282 694/842/1285 693/841/1287
f 686/836/1288 687/837/1286 693/841/1287 692/840/1289
f 684/800/1224 685/835/1223 691/839/1290 690/801/1291
f 685/835/1223 686/836/1288 692/840/1289 691/839/1290
f 694/842/1285 695/1924/1284 701/1926/1292 700/846/1293
f 693/841/1287 694/842/1285 700/846/1293 699/845/1294
f 692/840/1289 693/841/1287 699/845/1294 698/844/1295
f 690/801/1291 691/839/1290 697/843/1296 696/802/1297
f 691/839/1290 692/840/1289 698/844/1295 697/843/1296
f 700/846/1298 701/1926/1299 707/1928/1300 706/850/1301
f 699/845/1302 700/846/1298 706/850/1301 705/849/1303
f 698/844/1304 699/845/1302 705/849/1303 704/848/1305
f 696/802/1297 697/843/1296 703/847/1306 702/803/1272
f 697/843/1296 698/844/1304 704/848/1305 703/847/1306
f 706/850/1301 707/1928/1300 713/1930/1307 712/854/1308
f 705/849/1303 706/850/1301 712/854/1308 711/853/1309
f 704/848/1305 705/849/1303 711/853/1309 710/852/1310
f 702/803/1272 703/847/1306 709/851/1311 708/804/1269
f 703/847/1306 704/848/1305 710/852/1310 709/851/1311
f 712/854/1312 713/1930/1313 719/1932/1314 718/858/1315
f 711/853/1316 712/854/1312 718/858/1315 717/857/1317
f 710/852/1318 711/853/1316 717/857/1317 716/856/1319
f 708/804/1269 709/851/1311 715/855/1320 714/805/1270
f 709/851/1311 710/852/1318 716/856/1319 715/855/1320
f 718/858/1315 719/1932/1314 725/1934/1321 724/862/1322
f 717/857/1317 718/858/1315 724/862/1322 723/861/1323
f 716/856/1319 717/857/1317 723/861/1323 722/860/1324
f 714/805/1270 715/855/1320 721/859/1325 720/827/1326
f 715/855/1320 716/856/1319 722/860/1324 721/859/1325
f 678/1920/1231 679/831/1229 724/862/1327 725/1934/1328
f 679/831/1229 680/832/1227 723/861/1329 724/862/1327
f 680/832/1227 681/833/1225 722/860/1330 723/861/1329
f 681/833/1225 682/834/1222 721/859/1325 722/860/1330
f 682/834/1222 683/799/1221 720/827/1326 721/859/1325
s 88
f 736/870/1331 737/1938/1332 743/1940/1333 742/874/1334
f 735/869/1335 736/870/1331 742/874/1334 741/873/1336
f 734/868/1238 735/869/1335 741/873/1336 740/872/1337
f 732/807/1236 733/867/1235 739/871/1338 738/808/1339
f 733/867/1235 734/868/1238 740/872/1337 739/871/1338
f 742/874/1334 743/1940/1333 749/1942/1340 748/878/1341
f 741/873/1336 742/874/1334 748/878/1341 747/877/1342
f 740/872/1337 741/873/1336 747/877/1342 746/876/1343
f 738/808/1339 739/871/1338 745/875/1344 744/809/1345
f 739/871/1338 740/872/1337 746/876/1343 745/875/1344
f 748/878/1346 749/1942/1347 755/1944/1348 754/882/1349
f 747/877/1350 748/878/1346 754/882/1349 753/881/1351
f 746/876/1352 747/877/1350 753/881/1351 752/880/1353
f 744/809/1345 745/875/1344 751/879/1354 750/810/1355
f 745/875/1344 746/876/1352 752/880/1353 751/879/1354
f 754/882/1349 755/1944/1348 761/1946/1356 760/886/1357
f 753/881/1351 754/882/1349 760/886/1357 759/885/1358
f 752/880/1353 753/881/1351 759/885/1358 758/884/1359
f 750/810/1355 751/879/1354 757/883/1360 756/811/1361
f 751/879/1354 752/880/1353 758/884/1359 757/883/1360
f 760/886/1362 761/1946/1363 767/1948/1364 766/890/1365
f 759/885/1366 760/886/1362 766/890/1365 765/889/1367
f 758/884/1368 759/885/1366 765/889/1367 764/888/1369
f 756/811/1361 757/883/1360 763/887/1370 762/812/1371
f 757/883/1360 758/884/1368 764/888/1369 763/887/1370
f 766/890/1365 767/1948/1364 773/1950/1372 772/894/1373
f 765/889/1367 766/890/1365 772/894/1373 771/893/1374
f 764/888/1369 765/889/1367 771/893/1374 770/892/1375
f 762/812/1371 763/887/1370 769/891/1376 768/828/1274
f 763/887/1370 764/888/1369 770/892/1375 769/891/1376
f 726/1936/1243 727/863/1241 772/894/1377 773/1950/1378
f 727/863/1241 728/864/1239 771/893/1379 772/894/1377
f 728/864/1239 729/865/1237 770/892/1380 771/893/1379
f 729/865/1237 730/866/1234 769/891/1376 770/892/1380
f 730/866/1234 731/806/1233 768/828/1274 769/891/1376
s 89
f 784/902/1381 785/1954/1382 791/1956/1383 790/906/1384
f 783/901/1385 784/902/1381 790/906/1384 789/905/1386
f 782/900/1387 783/901/1385 789/905/1386 788/904/1388
f 780/814/1248 781/899/1247 787/903/1389 786/815/1276
f 781/899/1247 782/900/1387 788/904/1388 787/903/1389
f 790/906/1384 791/1956/1383 797/1958/1390 796/910/1391
f 789/905/1386 790/906/1384 796/910/1391 795/909/1392
f 788/904/1388 789/905/1386 795/909/1392 794/908/1393
f 786/815/1276 787/903/1389 793/907/1394 792/816/1277
f 787/903/1389 788/904/1388 794/908/1393 793/907/1394
f 796/910/1395 797/1958/1396 803/1960/1397 802/914/1398
f 795/909/1399 796/910/1395 802/914/1398 801/913/1400
f 794/908/1401 795/909/1399 801/913/1400 800/912/1402
f 792/816/1277 793/907/1394 799/911/1403 798/817/1404
f 793/907/1394 794/908/1401 800/912/1402 799/911/1403
f 802/914/1398 803/1960/1397 809/1962/1405 808/918/1406
f 801/913/1400 802/914/1398 808/918/1406 807/917/1407
f 800/912/1402 801/913/1400 807/917/1407 806/916/1408
f 798/817/1404 799/911/1403 805/915/1409 804/818/1410
f 799/911/1403 800/912/1402 806/916/1408 805/915/1409
f 808/918/1411 809/1962/1412 815/1964/1413 814/922/1414
f 807/917/1415 808/918/1411 814/922/1414 813/921/1416
f 806/916/1417 807/917/1415 813/921/1416 812/920/1418
f 804/818/1410 805/915/1409 811/919/1419 810/819/1420
f 805/915/1409 806/916/1417 812/920/1418 811/919/1419
f 814/922/1414 815/1964/1413 821/1966/1421 820/926/1422
f 813/921/1416 814/922/1414 820/926/1422 819/925/1423
f 812/920/1418 813/921/1416 819/925/1423 818/924/1424
f 810/819/1420 811/919/1419 817/923/1425 816/829/1426
f 811/919/1419 812/920/1418 818/924/1424 817/923/1425
f 774/1952/1255 775/895/1253 820/926/1427 821/1966/1428
f 775/895/1253 776/896/1251 819/925/1429 820/926/1427
f 776/896/1251 777/897/1249 818/924/1430 819/925/1429
f 777/897/1249 778/898/1246 817/923/1425 818/924/1430
f 778/898/1246 779/813/1245 816/829/1426 817/923/1425
s 90
f 832/934/1431 833/1970/1432 839/1972/1433 838/938/1434
f 831/933/1435 832/934/1431 838/938/1434 837/937/1436
f 830/932/1437 831/933/1435 837/937/1436 836/936/1438
f 828/821/1260 829/931/1259 835/935/1439 834/822/1280
f 829/931/1259 830/932/1437 836/936/1438 835/935/1439
f 838/938/1434 839/1972/1433 845/1974/1440 844/942/1441
f 837/937/1436 838/938/1434 844/942/1441 843/941/1442
f 836/936/1438 837/937/1436 843/941/1442 842/940/1443
f 834/822/1280 835/935/1439 841/939/1444 840/823/1281
f 835/935/1439 836/936/1438 842/940/1443 841/939/1444
f 844/942/1445 845/1974/1446 851/1976/1447 850/946/1448
f 843/941/1449 844/942/1445 850/946/1448 849/945/1450
f 842/940/1451 843/941/1449 849/945/1450 848/944/1452
f 840/823/1281 841/939/1444 847/943/1453 846/824/1278
f 841/939/1444 842/940/1451 848/944/1452 847/943/1453
f 850/946/1448 851/1976/1447 857/1978/1454 856/950/1455
f 849/945/1450 850/946/1448 856/950/1455 855/949/1456
f 848/944/1452 849/945/1450 855/949/1456 854/948/1457
f 846/824/1278 847/943/1453 853/947/1458 852/825/1459
f 847/943/1453 848/944/1452 854/948/1457 853/947/1458
f 856/950/1460 857/1978/1461 863/1980/1462 862/954/1463
f 855/949/1464 856/950/1460 862/954/1463 861/953/1465
f 854/948/1466 855/949/1464 861/953/1465 860/952/1467
f 852/825/1459 853/947/1458 859/951/1468 858/826/1469
f 853/947/1458 854/948/1466 860/952/1467 859/951/1468
f 862/954/1463 863/1980/1462 869/1982/1470 868/958/1471
f 861/953/1465 862/954/1463 868/958/1471 867/957/1472
f 860/952/1467 861/953/1465 867/957/1472 866/956/1473
f 858/826/1469 859/951/1468 865/955/1474 864/830/1475
f 859/951/1468 860/952/1467 866/956/1473 865/955/1474
f 822/1968/1267 823/927/1265 868/958/1476 869/1982/1477
f 823/927/1265 824/928/1263 867/957/1478 868/958/1476
f 824/928/1263 825/929/1261 866/956/1479 867/957/1478
f 825/929/1261 826/930/1258 865/955/1474 866/956/1479
f 826/930/1258 827/820/1257 864/830/1475 865/955/1474
s 105
usemtl standardSurface2SG
f 872/960/1480 871/968/1481 874/969/1482 873/959/1483 1556/1637/1484 1048/1129/1485 1232/1313/1486 924/1005/1487 1386/1467/1488 970/1051/1489 1383/1464/1490
f 871/968/1481 870/3268/1491 875/3260/1492 874/969/1482
f 881/962/1493 880/971/1494 883/972/1495 882/961/1496 1594/1675/1497 1062/1143/1498 1262/1343/1499 930/1011/1500 1406/1487/1501 980/1061/1502 1403/1484/1503
f 880/971/1494 879/3271/1504 884/3262/1505 883/972/1495
f 887/964/1506 886/973/1507 889/974/1508 888/963/1509 1632/1713/1510 1076/1157/1511 1292/1373/1512 936/1017/1513 1426/1507/1514 990/1071/1515 1423/1504/1516
f 886/973/1507 885/3275/1517 890/3264/1518 889/974/1508
s off
f 1099/1180/1519 947/1028/1520 1096/1177/1521 1095/1176/1522
f 1104/1185/1523 952/1033/1524 1101/1182/1525 1100/1181/1526
f 1109/1190/1527 957/1038/1528 1106/1187/1529 1105/1186/1530
f 1114/1195/1531 962/1043/1532 1111/1192/1533 1110/1191/1534
s 105
f 870/3268/1535 871/968/1481 877/970/1536 876/3258/1537
f 871/968/1481 872/960/1480 1536/1617/1538 1040/1121/1539 1217/1298/1540 920/1001/1541 1376/1457/1542 965/1046/1543 1373/1454/1544 878/965/1545 877/970/1536
f 876/3258/1537 877/970/1536 892/975/1546 891/3278/1547
f 877/970/1536 878/965/1545 1670/1751/1548 1090/1171/1549 1322/1403/1550 942/1023/1551 1446/1527/1552 1000/1081/1553 1443/1524/1554 893/967/1555 892/975/1546
f 873/959/1483 874/969/1482 880/971/1494 881/962/1493 1575/1656/1556 1055/1136/1557 1247/1328/1558 927/1008/1559 1396/1477/1560 975/1056/1561 1393/1474/1562
f 874/969/1482 875/3260/1492 879/3271/1563 880/971/1494
f 882/961/1496 883/972/1495 886/973/1507 887/964/1506 1613/1694/1564 1069/1150/1565 1277/1358/1566 933/1014/1567 1416/1497/1568 985/1066/1569 1413/1494/1570
f 883/972/1495 884/3262/1505 885/3275/1571 886/973/1507
f 888/963/1509 889/974/1508 892/975/1546 893/967/1555 1651/1732/1572 1083/1164/1573 1307/1388/1574 939/1020/1575 1436/1517/1576 995/1076/1577 1433/1514/1578
f 889/974/1508 890/3264/1518 891/3278/1579 892/975/1546
s off
f 1119/1200/1580 967/1048/1581 1116/1197/1582 1115/1196/1583
f 1124/1205/1584 972/1053/1585 1121/1202/1586 1120/1201/1587
f 1129/1210/1588 977/1058/1589 1126/1207/1590 1125/1206/1591
f 1134/1215/1592 982/1063/1593 1131/1212/1594 1130/1211/1595
f 1139/1220/1596 987/1068/1597 1136/1217/1598 1135/1216/1599
f 1144/1225/1600 992/1073/1601 1141/1222/1602 1140/1221/1603
f 1149/1230/1604 997/1078/1605 1146/1227/1606 1145/1226/1607
f 1154/1235/1608 1002/1083/1609 1151/1232/1610 1150/1231/1611
f 1159/1240/1612 946/1027/1613 1156/1237/1614 1155/1236/1615
f 1164/1245/1616 1006/1087/1617 1161/1242/1618 1160/1241/1619
f 1169/1250/1620 1009/1090/1621 1166/1247/1622 1165/1246/1623
f 1174/1255/1624 951/1032/1625 1171/1252/1626 1170/1251/1627
f 1179/1260/1628 1015/1096/1629 1176/1257/1630 1175/1256/1631
f 1184/1265/1632 1018/1099/1633 1181/1262/1634 1180/1261/1635
f 1189/1270/1636 956/1037/1637 1186/1267/1638 1185/1266/1639
f 1194/1275/1640 1024/1105/1641 1191/1272/1642 1190/1271/1643
f 1199/1280/1644 1027/1108/1645 1196/1277/1646 1195/1276/1647
f 1204/1285/1648 961/1042/1649 1201/1282/1650 1200/1281/1651
f 1209/1290/1652 1032/1113/1653 1206/1287/1654 1205/1286/1655
f 1214/1295/1656 1035/1116/1657 1211/1292/1658 1210/1291/1659
f 1219/1300/1660 966/1047/1661 1216/1297/1662 1215/1296/1663
f 1224/1305/1664 1041/1122/1665 1221/1302/1666 1220/1301/1667
f 1229/1310/1668 1044/1125/1669 1226/1307/1670 1225/1306/1671
f 1234/1315/1672 971/1052/1673 1231/1312/1674 1230/1311/1675
f 1239/1320/1676 1049/1130/1677 1236/1317/1678 1235/1316/1679
f 1244/1325/1680 1052/1133/1681 1241/1322/1682 1240/1321/1683
f 1249/1330/1684 976/1057/1685 1246/1327/1686 1245/1326/1687
f 1254/1335/1688 1056/1137/1689 1251/1332/1690 1250/1331/1691
f 1259/1340/1692 1059/1140/1693 1256/1337/1694 1255/1336/1695
f 1264/1345/1696 981/1062/1697 1261/1342/1698 1260/1341/1699
f 1269/1350/1700 1063/1144/1701 1266/1347/1702 1265/1346/1703
f 1274/1355/1704 1066/1147/1705 1271/1352/1706 1270/1351/1707
f 1279/1360/1708 986/1067/1709 1276/1357/1710 1275/1356/1711
f 1284/1365/1712 1070/1151/1713 1281/1362/1714 1280/1361/1715
f 1289/1370/1716 1073/1154/1717 1286/1367/1718 1285/1366/1719
f 1294/1375/1720 991/1072/1721 1291/1372/1722 1290/1371/1723
f 1299/1380/1724 1077/1158/1725 1296/1377/1726 1295/1376/1727
f 1304/1385/1728 1080/1161/1729 1301/1382/1730 1300/1381/1731
f 1309/1390/1732 996/1077/1733 1306/1387/1734 1305/1386/1735
f 1314/1395/1736 1084/1165/1737 1311/1392/1738 1310/1391/1739
f 1319/1400/1740 1087/1168/1741 1316/1397/1742 1315/1396/1743
f 1324/1405/1744 1001/1082/1745 1321/1402/1746 1320/1401/1747
f 1329/1410/1748 1091/1172/1749 1326/1407/1750 1325/1406/1751
f 1334/1415/1752 1093/1174/1753 1331/1412/1754 1330/1411/1755
f 1098/1179/1756 944/1025/1757 1336/1417/1758 1335/1416/1759
s 106
f 1338/1419/1760 945/1026/1761 1177/1258/1762 1339/1420/1763
s off
f 1340/1421/1764 946/1027/1765 1342/1423/1766 1341/1422/1767
f 1103/1184/1768 949/1030/1769 1345/1426/1770 1344/1425/1771
s 107
f 1347/1428/1772 950/1031/1773 1192/1273/1774 1348/1429/1775
s off
f 1349/1430/1776 951/1032/1777 1351/1432/1778 1350/1431/1779
f 1108/1189/1780 954/1035/1781 1354/1435/1782 1353/1434/1783
s 108
f 1356/1437/1784 955/1036/1785 1207/1288/1786 1357/1438/1787
s off
f 1358/1439/1788 956/1037/1789 1360/1441/1790 1359/1440/1791
f 1113/1194/1792 959/1040/1793 1363/1444/1794 1362/1443/1795
s 109
f 1365/1446/1796 960/1041/1797 1162/1243/1798 1366/1447/1799
s off
f 1367/1448/1800 961/1042/1801 1369/1450/1802 1368/1449/1803
s 110
f 1118/1199/1804 964/1045/1805 1372/1453/1806 1371/1452/1807
s off
f 1374/1455/1808 965/1046/1809 1376/1457/1810 1375/1456/1811
f 1377/1458/1812 966/1047/1813 1379/1460/1814 1378/1459/1815
f 1123/1204/1816 969/1050/1817 1382/1463/1818 1381/1462/1819
f 1384/1465/1820 970/1051/1821 1386/1467/1822 1385/1466/1823
f 1387/1468/1824 971/1052/1825 1389/1470/1826 1388/1469/1827
s 111
f 1128/1209/1828 974/1055/1829 1392/1473/1830 1391/1472/1831
s off
f 1394/1475/1832 975/1056/1833 1396/1477/1834 1395/1476/1835
f 1397/1478/1836 976/1057/1837 1399/1480/1838 1398/1479/1839
f 1133/1214/1840 979/1060/1841 1402/1483/1842 1401/1482/1843
f 1404/1485/1844 980/1061/1845 1406/1487/1846 1405/1486/1847
f 1407/1488/1848 981/1062/1849 1409/1490/1850 1408/1489/1851
s 112
f 1138/1219/1852 984/1065/1853 1412/1493/1854 1411/1492/1855
s off
f 1414/1495/1856 985/1066/1857 1416/1497/1858 1415/1496/1859
f 1417/1498/1860 986/1067/1861 1419/1500/1862 1418/1499/1863
f 1143/1224/1864 989/1070/1865 1422/1503/1866 1421/1502/1867
f 1424/1505/1868 990/1071/1869 1426/1507/1870 1425/1506/1871
f 1427/1508/1872 991/1072/1873 1429/1510/1874 1428/1509/1875
s 113
f 1148/1229/1876 994/1075/1877 1432/1513/1878 1431/1512/1879
s off
f 1434/1515/1880 995/1076/1881 1436/1517/1882 1435/1516/1883
f 1437/1518/1884 996/1077/1885 1439/1520/1886 1438/1519/1887
f 1153/1234/1888 999/1080/1889 1442/1523/1890 1441/1522/1891
f 1444/1525/1892 1000/1081/1893 1446/1527/1894 1445/1526/1895
f 1447/1528/1896 1001/1082/1897 1449/1530/1898 1448/1529/1899
s 114
f 1158/1239/1900 1004/1085/1901 1452/1533/1902 1451/1532/1903
s 115
f 1454/1535/1904 1005/1086/1905 1202/1283/1906 1455/1536/1907
s off
f 1456/1537/1908 1006/1087/1909 1458/1539/1910 1457/1538/1911
s 116
f 1163/1244/1912 960/1041/1913 1364/1445/1914 1459/1540/1915
s off
f 1461/1542/1916 1008/1089/1917 1227/1308/1918 1462/1543/1919
f 1463/1544/1920 1009/1090/1921 1465/1546/1922 1464/1545/1923
f 1168/1249/1924 1011/1092/1925 1467/1548/1926 1466/1547/1927
f 1469/1550/1928 1012/1093/1929 1242/1323/1930 1470/1551/1931
f 1471/1552/1932 947/1028/1933 1343/1424/1934 1472/1553/1935
s 117
f 1173/1254/1936 1014/1095/1937 1474/1555/1938 1473/1554/1939
s 118
f 1475/1556/1940 1004/1085/1941 1157/1238/1942 1476/1557/1943
s off
f 1477/1558/1944 1015/1096/1945 1479/1560/1946 1478/1559/1947
s 119
f 1178/1259/1948 945/1026/1949 1337/1418/1950 1480/1561/1951
s off
f 1482/1563/1952 1017/1098/1953 1257/1338/1954 1483/1564/1955
f 1484/1565/1956 1018/1099/1957 1486/1567/1958 1485/1566/1959
f 1183/1264/1960 1020/1101/1961 1488/1569/1962 1487/1568/1963
f 1490/1571/1964 1021/1102/1965 1272/1353/1966 1491/1572/1967
f 1492/1573/1968 952/1033/1969 1352/1433/1970 1493/1574/1971
s 120
f 1188/1269/1972 1023/1104/1973 1495/1576/1974 1494/1575/1975
s 121
f 1496/1577/1976 1014/1095/1977 1172/1253/1978 1497/1578/1979
s off
f 1498/1579/1980 1024/1105/1981 1500/1581/1982 1499/1580/1983
s 122
f 1193/1274/1984 950/1031/1985 1346/1427/1986 1501/1582/1987
s off
f 1503/1584/1988 1026/1107/1989 1287/1368/1990 1504/1585/1991
f 1505/1586/1992 1027/1108/1993 1507/1588/1994 1506/1587/1995
f 1198/1279/1996 1029/1110/1997 1509/1590/1998 1508/1589/1999
f 1511/1592/2000 1030/1111/2001 1302/1383/2002 1512/1593/2003
f 1513/1594/2004 957/1038/2005 1361/1442/2006 1514/1595/2007
s 123
f 1203/1284/2008 1005/1086/2009 1453/1534/2010 1515/1596/2011
s 124
f 1516/1597/2012 1023/1104/2013 1187/1268/2014 1517/1598/2015
s off
f 1518/1599/2016 1032/1113/2017 1520/1601/2018 1519/1600/2019
s 125
f 1208/1289/2020 955/1036/2021 1355/1436/2022 1521/1602/2023
s off
f 1523/1604/2024 1034/1115/2025 1317/1398/2026 1524/1605/2027
f 1525/1606/2028 1035/1116/2029 1527/1608/2030 1526/1607/2031
f 1213/1294/2032 1037/1118/2033 1529/1610/2034 1528/1609/2035
f 1531/1612/2036 1038/1119/2037 1332/1413/2038 1532/1613/2039
f 1533/1614/2040 962/1043/2041 1370/1451/2042 1534/1615/2043
f 1218/1299/2044 1040/1121/2045 1536/1617/2046 1535/1616/2047
f 1537/1618/2048 969/1050/2049 1122/1203/2050 1538/1619/2051
f 1539/1620/2052 1041/1122/2053 1541/1622/2054 1540/1621/2055
f 1223/1304/2056 1043/1124/2057 1543/1624/2058 1542/1623/2059
f 1544/1625/2060 1011/1092/2061 1167/1248/2062 1545/1626/2063
f 1546/1627/2064 1044/1125/2065 1548/1629/2066 1547/1628/2067
f 1228/1309/2068 1008/1089/2069 1460/1541/2070 1549/1630/2071
s 126
f 1551/1632/2072 1046/1127/2073 1327/1408/2074 1552/1633/2075
s off
f 1553/1634/2076 967/1048/2077 1380/1461/2078 1554/1635/2079
f 1233/1314/2080 1048/1129/2081 1556/1637/2082 1555/1636/2083
s 127
f 1557/1638/2084 974/1055/2085 1127/1208/2086 1558/1639/2087
s off
f 1559/1640/2088 1049/1130/2089 1561/1642/2090 1560/1641/2091
s 128
f 1238/1319/2092 1051/1132/2093 1563/1644/2094 1562/1643/2095
s off
f 1564/1645/2096 944/1025/2097 1097/1178/2098 1565/1646/2099
f 1566/1647/2100 1052/1133/2101 1568/1649/2102 1567/1648/2103
f 1243/1324/2104 1012/1093/2105 1468/1549/2106 1569/1650/2107
f 1570/1651/2108 1043/1124/2109 1222/1303/2110 1571/1652/2111
f 1572/1653/2112 972/1053/2113 1390/1471/2114 1573/1654/2115
f 1248/1329/2116 1055/1136/2117 1575/1656/2118 1574/1655/2119
f 1576/1657/2120 979/1060/2121 1132/1213/2122 1577/1658/2123
f 1578/1659/2124 1056/1137/2125 1580/1661/2126 1579/1660/2127
f 1253/1334/2128 1058/1139/2129 1582/1663/2130 1581/1662/2131
f 1583/1664/2132 1020/1101/2133 1182/1263/2134 1584/1665/2135
f 1585/1666/2136 1059/1140/2137 1587/1668/2138 1586/1667/2139
f 1258/1339/2140 1017/1098/2141 1481/1562/2142 1588/1669/2143
s 129
f 1589/1670/2144 1051/1132/2145 1237/1318/2146 1590/1671/2147
s off
f 1591/1672/2148 977/1058/2149 1400/1481/2150 1592/1673/2151
f 1263/1344/2152 1062/1143/2153 1594/1675/2154 1593/1674/2155
s 130
f 1595/1676/2156 984/1065/2157 1137/1218/2158 1596/1677/2159
s off
f 1597/1678/2160 1063/1144/2161 1599/1680/2162 1598/1679/2163
s 131
f 1268/1349/2164 1065/1146/2165 1601/1682/2166 1600/1681/2167
s off
f 1602/1683/2168 949/1030/2169 1102/1183/2170 1603/1684/2171
f 1604/1685/2172 1066/1147/2173 1606/1687/2174 1605/1686/2175
f 1273/1354/2176 1021/1102/2177 1489/1570/2178 1607/1688/2179
f 1608/1689/2180 1058/1139/2181 1252/1333/2182 1609/1690/2183
f 1610/1691/2184 982/1063/2185 1410/1491/2186 1611/1692/2187
f 1278/1359/2188 1069/1150/2189 1613/1694/2190 1612/1693/2191
f 1614/1695/2192 989/1070/2193 1142/1223/2194 1615/1696/2195
f 1616/1697/2196 1070/1151/2197 1618/1699/2198 1617/1698/2199
f 1283/1364/2200 1072/1153/2201 1620/1701/2202 1619/1700/2203
f 1621/1702/2204 1029/1110/2205 1197/1278/2206 1622/1703/2207
f 1623/1704/2208 1073/1154/2209 1625/1706/2210 1624/1705/2211
f 1288/1369/2212 1026/1107/2213 1502/1583/2214 1626/1707/2215
s 132
f 1627/1708/2216 1065/1146/2217 1267/1348/2218 1628/1709/2219
s off
f 1629/1710/2220 987/1068/2221 1420/1501/2222 1630/1711/2223
f 1293/1374/2224 1076/1157/2225 1632/1713/2226 1631/1712/2227
s 133
f 1633/1714/2228 994/1075/2229 1147/1228/2230 1634/1715/2231
s off
f 1635/1716/2232 1077/1158/2233 1637/1718/2234 1636/1717/2235
s 134
f 1298/1379/2236 1079/1160/2237 1639/1720/2238 1638/1719/2239
s off
f 1640/1721/2240 954/1035/2241 1107/1188/2242 1641/1722/2243
f 1642/1723/2244 1080/1161/2245 1644/1725/2246 1643/1724/2247
f 1303/1384/2248 1030/1111/2249 1510/1591/2250 1645/1726/2251
f 1646/1727/2252 1072/1153/2253 1282/1363/2254 1647/1728/2255
f 1648/1729/2256 992/1073/2257 1430/1511/2258 1649/1730/2259
f 1308/1389/2260 1083/1164/2261 1651/1732/2262 1650/1731/2263
f 1652/1733/2264 999/1080/2265 1152/1233/2266 1653/1734/2267
f 1654/1735/2268 1084/1165/2269 1656/1737/2270 1655/1736/2271
f 1313/1394/2272 1086/1167/2273 1658/1739/2274 1657/1738/2275
f 1659/1740/2276 1037/1118/2277 1212/1293/2278 1660/1741/2279
f 1661/1742/2280 1087/1168/2281 1663/1744/2282 1662/1743/2283
f 1318/1399/2284 1034/1115/2285 1522/1603/2286 1664/1745/2287
s 135
f 1665/1746/2288 1079/1160/2289 1297/1378/2290 1666/1747/2291
s off
f 1667/1748/2292 997/1078/2293 1440/1521/2294 1668/1749/2295
f 1323/1404/2296 1090/1171/2297 1670/1751/2298 1669/1750/2299
s 136
f 1671/1752/2300 964/1045/2301 1117/1198/2302 1672/1753/2303
s off
f 1673/1754/2304 1091/1172/2305 1675/1756/2306 1674/1755/2307
s 137
f 1328/1409/2308 1046/1127/2309 1550/1631/2310 1676/1757/2311
s off
f 1677/1758/2312 959/1040/2313 1112/1193/2314 1678/1759/2315
f 1679/1760/2316 1093/1174/2317 1681/1762/2318 1680/1761/2319
f 1333/1414/2320 1038/1119/2321 1530/1611/2322 1682/1763/2323
f 1683/1764/2324 1086/1167/2325 1312/1393/2326 1684/1765/2327
f 1685/1766/2328 1002/1083/2329 1450/1531/2330 1686/1767/2331
f 1096/1177/2332 907/988/2333 1097/1178/2334 1095/1176/2335
f 1097/1178/2336 944/1025/2337 1098/1179/2338 1095/1176/2339
f 1098/1179/2340 943/1024/2341 1099/1180/2342 1095/1176/2343
f 1101/1182/2344 911/992/2345 1102/1183/2346 1100/1181/2347
f 1102/1183/2348 949/1030/2349 1103/1184/2350 1100/1181/2351
f 1103/1184/2352 948/1029/2353 1104/1185/2354 1100/1181/2355
f 1106/1187/2356 915/996/2357 1107/1188/2358 1105/1186/2359
f 1107/1188/2360 954/1035/2361 1108/1189/2362 1105/1186/2363
f 1108/1189/2364 953/1034/2365 1109/1190/2366 1105/1186/2367
f 1111/1192/2368 918/999/2369 1112/1193/2370 1110/1191/2371
f 1112/1193/2372 959/1040/2373 1113/1194/2374 1110/1191/2375
f 1113/1194/2376 958/1039/2377 1114/1195/2378 1110/1191/2379
s 138
f 1116/1197/2380 922/1003/2381 1117/1198/2382 1115/1196/2383
s 136
f 1117/1198/2302 964/1045/2301 1118/1199/2384 1115/1196/2385
s off
f 1118/1199/2386 963/1044/2387 1119/1200/2388 1115/1196/2389
f 1121/1202/2390 921/1002/2391 1122/1203/2392 1120/1201/2393
f 1122/1203/2394 969/1050/2395 1123/1204/2396 1120/1201/2397
f 1123/1204/2398 968/1049/2399 1124/1205/2400 1120/1201/2401
s 139
f 1126/1207/2402 925/1006/2403 1127/1208/2404 1125/1206/2405
s 127
f 1127/1208/2086 974/1055/2085 1128/1209/2406 1125/1206/2407
s off
f 1128/1209/2408 973/1054/2409 1129/1210/2410 1125/1206/2411
f 1131/1212/2412 928/1009/2413 1132/1213/2414 1130/1211/2415
f 1132/1213/2416 979/1060/2417 1133/1214/2418 1130/1211/2419
f 1133/1214/2420 978/1059/2421 1134/1215/2422 1130/1211/2423
s 140
f 1136/1217/2424 931/1012/2425 1137/1218/2426 1135/1216/2427
s 130
f 1137/1218/2158 984/1065/2157 1138/1219/2428 1135/1216/2429
s off
f 1138/1219/2430 983/1064/2431 1139/1220/2432 1135/1216/2433
f 1141/1222/2434 934/1015/2435 1142/1223/2436 1140/1221/2437
f 1142/1223/2438 989/1070/2439 1143/1224/2440 1140/1221/2441
f 1143/1224/2442 988/1069/2443 1144/1225/2444 1140/1221/2445
s 141
f 1146/1227/2446 937/1018/2447 1147/1228/2448 1145/1226/2449
s 133
f 1147/1228/2230 994/1075/2229 1148/1229/2450 1145/1226/2451
s off
f 1148/1229/2452 993/1074/2453 1149/1230/2454 1145/1226/2455
f 1151/1232/2456 940/1021/2457 1152/1233/2458 1150/1231/2459
f 1152/1233/2460 999/1080/2461 1153/1234/2462 1150/1231/2463
f 1153/1234/2464 998/1079/2465 1154/1235/2466 1150/1231/2467
s 142
f 1156/1237/2468 904/985/2469 1157/1238/2470 1155/1236/2471
s 118
f 1157/1238/1942 1004/1085/1941 1158/1239/2472 1155/1236/2473
s off
f 1158/1239/2474 1003/1084/2475 1159/1240/2476 1155/1236/2477
s 143
f 1161/1242/2478 905/986/2479 1162/1243/2480 1160/1241/2481
s 109
f 1162/1243/1798 960/1041/1797 1163/1244/2482 1160/1241/2483
s off
f 1163/1244/2484 1007/1088/2485 1164/1245/2486 1160/1241/2487
f 1166/1247/2488 906/987/2489 1167/1248/2490 1165/1246/2491
f 1167/1248/2492 1011/1092/2493 1168/1249/2494 1165/1246/2495
f 1168/1249/2496 1010/1091/2497 1169/1250/2498 1165/1246/2499
s 144
f 1171/1252/2500 909/990/2501 1172/1253/2502 1170/1251/2503
s 121
f 1172/1253/1978 1014/1095/1977 1173/1254/2504 1170/1251/2505
s off
f 1173/1254/2506 1013/1094/2507 1174/1255/2508 1170/1251/2509
s 145
f 1176/1257/2510 904/985/2511 1177/1258/2512 1175/1256/2513
s 106
f 1177/1258/1762 945/1026/1761 1178/1259/2514 1175/1256/2515
s off
f 1178/1259/2516 1016/1097/2517 1179/1260/2518 1175/1256/2519
f 1181/1262/2520 910/991/2521 1182/1263/2522 1180/1261/2523
f 1182/1263/2524 1020/1101/2525 1183/1264/2526 1180/1261/2527
f 1183/1264/2528 1019/1100/2529 1184/1265/2530 1180/1261/2531
s 146
f 1186/1267/2532 913/994/2533 1187/1268/2534 1185/1266/2535
s 124
f 1187/1268/2014 1023/1104/2013 1188/1269/2536 1185/1266/2537
s off
f 1188/1269/2538 1022/1103/2539 1189/1270/2540 1185/1266/2541
s 147
f 1191/1272/2542 909/990/2543 1192/1273/2544 1190/1271/2545
s 107
f 1192/1273/1774 950/1031/1773 1193/1274/2546 1190/1271/2547
s off
f 1193/1274/2548 1025/1106/2549 1194/1275/2550 1190/1271/2551
f 1196/1277/2552 914/995/2553 1197/1278/2554 1195/1276/2555
f 1197/1278/2556 1029/1110/2557 1198/1279/2558 1195/1276/2559
f 1198/1279/2560 1028/1109/2561 1199/1280/2562 1195/1276/2563
s 148
f 1201/1282/2564 905/986/2565 1202/1283/2566 1200/1281/2567
s 115
f 1202/1283/1906 1005/1086/1905 1203/1284/2568 1200/1281/2569
s off
f 1203/1284/2570 1031/1112/2571 1204/1285/2572 1200/1281/2573
s 149
f 1206/1287/2574 913/994/2575 1207/1288/2576 1205/1286/2577
s 108
f 1207/1288/1786 955/1036/1785 1208/1289/2578 1205/1286/2579
s off
f 1208/1289/2580 1033/1114/2581 1209/1290/2582 1205/1286/2583
f 1211/1292/2584 917/998/2585 1212/1293/2586 1210/1291/2587
f 1212/1293/2588 1037/1118/2589 1213/1294/2590 1210/1291/2591
f 1213/1294/2592 1036/1117/2593 1214/1295/2594 1210/1291/2595
f 1216/1297/2596 920/1001/2597 1217/1298/2598 1215/1296/2599
f 1217/1298/2600 1040/1121/2601 1218/1299/2602 1215/1296/2603
f 1218/1299/2604 1039/1120/2605 1219/1300/2606 1215/1296/2607
f 1221/1302/2608 921/1002/2609 1222/1303/2610 1220/1301/2611
f 1222/1303/2612 1043/1124/2613 1223/1304/2614 1220/1301/2615
f 1223/1304/2616 1042/1123/2617 1224/1305/2618 1220/1301/2619
f 1226/1307/2620 906/987/2621 1227/1308/2622 1225/1306/2623
f 1227/1308/2624 1008/1089/2625 1228/1309/2626 1225/1306/2627
f 1228/1309/2628 1045/1126/2629 1229/1310/2630 1225/1306/2631
f 1231/1312/2632 924/1005/2633 1232/1313/2634 1230/1311/2635
f 1232/1313/2636 1048/1129/2637 1233/1314/2638 1230/1311/2639
f 1233/1314/2640 1047/1128/2641 1234/1315/2642 1230/1311/2643
s 150
f 1236/1317/2644 925/1006/2645 1237/1318/2646 1235/1316/2647
s 129
f 1237/1318/2146 1051/1132/2145 1238/1319/2648 1235/1316/2649
s off
f 1238/1319/2650 1050/1131/2651 1239/1320/2652 1235/1316/2653
f 1241/1322/2654 907/988/2655 1242/1323/2656 1240/1321/2657
f 1242/1323/2658 1012/1093/2659 1243/1324/2660 1240/1321/2661
f 1243/1324/2662 1053/1134/2663 1244/1325/2664 1240/1321/2665
f 1246/1327/2666 927/1008/2667 1247/1328/2668 1245/1326/2669
f 1247/1328/2670 1055/1136/2671 1248/1329/2672 1245/1326/2673
f 1248/1329/2674 1054/1135/2675 1249/1330/2676 1245/1326/2677
f 1251/1332/2678 928/1009/2679 1252/1333/2680 1250/1331/2681
f 1252/1333/2682 1058/1139/2683 1253/1334/2684 1250/1331/2685
f 1253/1334/2686 1057/1138/2687 1254/1335/2688 1250/1331/2689
f 1256/1337/2690 910/991/2691 1257/1338/2692 1255/1336/2693
f 1257/1338/2694 1017/1098/2695 1258/1339/2696 1255/1336/2697
f 1258/1339/2698 1060/1141/2699 1259/1340/2700 1255/1336/2701
f 1261/1342/2702 930/1011/2703 1262/1343/2704 1260/1341/2705
f 1262/1343/2706 1062/1143/2707 1263/1344/2708 1260/1341/2709
f 1263/1344/2710 1061/1142/2711 1264/1345/2712 1260/1341/2713
s 151
f 1266/1347/2714 931/1012/2715 1267/1348/2716 1265/1346/2717
s 132
f 1267/1348/2218 1065/1146/2217 1268/1349/2718 1265/1346/2719
s off
f 1268/1349/2720 1064/1145/2721 1269/1350/2722 1265/1346/2723
f 1271/1352/2724 911/992/2725 1272/1353/2726 1270/1351/2727
f 1272/1353/2728 1021/1102/2729 1273/1354/2730 1270/1351/2731
f 1273/1354/2732 1067/1148/2733 1274/1355/2734 1270/1351/2735
f 1276/1357/2736 933/1014/2737 1277/1358/2738 1275/1356/2739
f 1277/1358/2740 1069/1150/2741 1278/1359/2742 1275/1356/2743
f 1278/1359/2744 1068/1149/2745 1279/1360/2746 1275/1356/2747
f 1281/1362/2748 934/1015/2749 1282/1363/2750 1280/1361/2751
f 1282/1363/2752 1072/1153/2753 1283/1364/2754 1280/1361/2755
f 1283/1364/2756 1071/1152/2757 1284/1365/2758 1280/1361/2759
f 1286/1367/2760 914/995/2761 1287/1368/2762 1285/1366/2763
f 1287/1368/2764 1026/1107/2765 1288/1369/2766 1285/1366/2767
f 1288/1369/2768 1074/1155/2769 1289/1370/2770 1285/1366/2771
f 1291/1372/2772 936/1017/2773 1292/1373/2774 1290/1371/2775
f 1292/1373/2776 1076/1157/2777 1293/1374/2778 1290/1371/2779
f 1293/1374/2780 1075/1156/2781 1294/1375/2782 1290/1371/2783
s 152
f 1296/1377/2784 937/1018/2785 1297/1378/2786 1295/1376/2787
s 135
f 1297/1378/2290 1079/1160/2289 1298/1379/2788 1295/1376/2789
s off
f 1298/1379/2790 1078/1159/2791 1299/1380/2792 1295/1376/2793
f 1301/1382/2794 915/996/2795 1302/1383/2796 1300/1381/2797
f 1302/1383/2798 1030/1111/2799 1303/1384/2800 1300/1381/2801
f 1303/1384/2802 1081/1162/2803 1304/1385/2804 1300/1381/2805
f 1306/1387/2806 939/1020/2807 1307/1388/2808 1305/1386/2809
f 1307/1388/2810 1083/1164/2811 1308/1389/2812 1305/1386/2813
f 1308/1389/2814 1082/1163/2815 1309/1390/2816 1305/1386/2817
f 1311/1392/2818 940/1021/2819 1312/1393/2820 1310/1391/2821
f 1312/1393/2822 1086/1167/2823 1313/1394/2824 1310/1391/2825
f 1313/1394/2826 1085/1166/2827 1314/1395/2828 1310/1391/2829
f 1316/1397/2830 917/998/2831 1317/1398/2832 1315/1396/2833
f 1317/1398/2834 1034/1115/2835 1318/1399/2836 1315/1396/2837
f 1318/1399/2838 1088/1169/2839 1319/1400/2840 1315/1396/2841
f 1321/1402/2842 942/1023/2843 1322/1403/2844 1320/1401/2845
f 1322/1403/2846 1090/1171/2847 1323/1404/2848 1320/1401/2849
f 1323/1404/2850 1089/1170/2851 1324/1405/2852 1320/1401/2853
s 153
f 1326/1407/2854 922/1003/2855 1327/1408/2856 1325/1406/2857
s 126
f 1327/1408/2074 1046/1127/2073 1328/1409/2858 1325/1406/2859
s off
f 1328/1409/2860 1092/1173/2861 1329/1410/2862 1325/1406/2863
f 1331/1412/2864 918/999/2865 1332/1413/2866 1330/1411/2867
f 1332/1413/2868 1038/1119/2869 1333/1414/2870 1330/1411/2871
f 1333/1414/2872 1094/1175/2873 1334/1415/2874 1330/1411/2875
s 154
f 1336/1417/2876 894/978/2877 1337/1418/2878 1335/1416/2879
s 119
f 1337/1418/1950 945/1026/1949 1338/1419/2880 1335/1416/2881
s off
f 1338/1419/2882 943/1024/2883 1098/1179/2884 1335/1416/2885
s 145
f 1177/1258/2512 904/985/2511 1156/1237/2886 1339/1420/2887
s off
f 1156/1237/2888 946/1027/2889 1340/1421/2890 1339/1420/2891
f 1340/1421/2892 943/1024/2893 1338/1419/2894 1339/1420/2895
f 1342/1423/2896 903/984/2897 1343/1424/2898 1341/1422/2899
f 1343/1424/2900 947/1028/2901 1099/1180/2902 1341/1422/2903
f 1099/1180/2904 943/1024/2905 1340/1421/2906 1341/1422/2907
s 155
f 1345/1426/2908 898/980/2909 1346/1427/2910 1344/1425/2911
s 122
f 1346/1427/1986 950/1031/1985 1347/1428/2912 1344/1425/2913
s off
f 1347/1428/2914 948/1029/2915 1103/1184/2916 1344/1425/2917
s 147
f 1192/1273/2544 909/990/2543 1171/1252/2918 1348/1429/2919
s off
f 1171/1252/2920 951/1032/2921 1349/1430/2922 1348/1429/2923
f 1349/1430/2924 948/1029/2925 1347/1428/2926 1348/1429/2927
f 1351/1432/2928 908/989/2929 1352/1433/2930 1350/1431/2931
f 1352/1433/2932 952/1033/2933 1104/1185/2934 1350/1431/2935
f 1104/1185/2936 948/1029/2937 1349/1430/2938 1350/1431/2939
s 156
f 1354/1435/2940 900/982/2941 1355/1436/2942 1353/1434/2943
s 125
f 1355/1436/2022 955/1036/2021 1356/1437/2944 1353/1434/2945
s off
f 1356/1437/2946 953/1034/2947 1108/1189/2948 1353/1434/2949
s 149
f 1207/1288/2576 913/994/2575 1186/1267/2950 1357/1438/2951
s off
f 1186/1267/2952 956/1037/2953 1358/1439/2954 1357/1438/2955
f 1358/1439/2956 953/1034/2957 1356/1437/2958 1357/1438/2959
f 1360/1441/2960 912/993/2961 1361/1442/2962 1359/1440/2963
f 1361/1442/2964 957/1038/2965 1109/1190/2966 1359/1440/2967
f 1109/1190/2968 953/1034/2969 1358/1439/2970 1359/1440/2971
s 157
f 1363/1444/2972 896/976/2973 1364/1445/2974 1362/1443/2975
s 116
f 1364/1445/1914 960/1041/1913 1365/1446/2976 1362/1443/2977
s off
f 1365/1446/2978 958/1039/2979 1113/1194/2980 1362/1443/2981
s 143
f 1162/1243/2480 905/986/2479 1201/1282/2982 1366/1447/2983
s off
f 1201/1282/2984 961/1042/2985 1367/1448/2986 1366/1447/2987
f 1367/1448/2988 958/1039/2989 1365/1446/2990 1366/1447/2991
f 1369/1450/2992 916/997/2993 1370/1451/2994 1368/1449/2995
f 1370/1451/2996 962/1043/2997 1114/1195/2998 1368/1449/2999
f 1114/1195/3000 958/1039/3001 1367/1448/3002 1368/1449/3003
s 158
f 1372/1453/3004 878/965/3005 1373/1454/3006 1371/1452/3007
s off
f 1373/1454/3008 965/1046/3009 1374/1455/3010 1371/1452/3011
f 1374/1455/3012 963/1044/3013 1118/1199/3014 1371/1452/3015
f 1376/1457/3016 920/1001/3017 1216/1297/3018 1375/1456/3019
f 1216/1297/3020 966/1047/3021 1377/1458/3022 1375/1456/3023
f 1377/1458/3024 963/1044/3025 1374/1455/3026 1375/1456/3027
f 1379/1460/3028 919/1000/3029 1380/1461/3030 1378/1459/3031
f 1380/1461/3032 967/1048/3033 1119/1200/3034 1378/1459/3035
f 1119/1200/3036 963/1044/3037 1377/1458/3038 1378/1459/3039
f 1382/1463/3040 872/960/3041 1383/1464/3042 1381/1462/3043
f 1383/1464/3044 970/1051/3045 1384/1465/3046 1381/1462/3047
f 1384/1465/3048 968/1049/3049 1123/1204/3050 1381/1462/3051
f 1386/1467/3052 924/1005/3053 1231/1312/3054 1385/1466/3055
f 1231/1312/3056 971/1052/3057 1387/1468/3058 1385/1466/3059
f 1387/1468/3060 968/1049/3061 1384/1465/3062 1385/1466/3063
f 1389/1470/3064 923/1004/3065 1390/1471/3066 1388/1469/3067
f 1390/1471/3068 972/1053/3069 1124/1205/3070 1388/1469/3071
f 1124/1205/3072 968/1049/3073 1387/1468/3074 1388/1469/3075
s 159
f 1392/1473/3076 873/959/3077 1393/1474/3078 1391/1472/3079
s off
f 1393/1474/3080 975/1056/3081 1394/1475/3082 1391/1472/3083
f 1394/1475/3084 973/1054/3085 1128/1209/3086 1391/1472/3087
f 1396/1477/3088 927/1008/3089 1246/1327/3090 1395/1476/3091
f 1246/1327/3092 976/1057/3093 1397/1478/3094 1395/1476/3095
f 1397/1478/3096 973/1054/3097 1394/1475/3098 1395/1476/3099
f 1399/1480/3100 926/1007/3101 1400/1481/3102 1398/1479/3103
f 1400/1481/3104 977/1058/3105 1129/1210/3106 1398/1479/3107
f 1129/1210/3108 973/1054/3109 1397/1478/3110 1398/1479/3111
f 1402/1483/3112 881/962/3113 1403/1484/3114 1401/1482/3115
f 1403/1484/3116 980/1061/3117 1404/1485/3118 1401/1482/3119
f 1404/1485/3120 978/1059/3121 1133/1214/3122 1401/1482/3123
f 1406/1487/3124 930/1011/3125 1261/1342/3126 1405/1486/3127
f 1261/1342/3128 981/1062/3129 1407/1488/3130 1405/1486/3131
f 1407/1488/3132 978/1059/3133 1404/1485/3134 1405/1486/3135
f 1409/1490/3136 929/1010/3137 1410/1491/3138 1408/1489/3139
f 1410/1491/3140 982/1063/3141 1134/1215/3142 1408/1489/3143
f 1134/1215/3144 978/1059/3145 1407/1488/3146 1408/1489/3147
s 160
f 1412/1493/3148 882/961/3149 1413/1494/3150 1411/1492/3151
s off
f 1413/1494/3152 985/1066/3153 1414/1495/3154 1411/1492/3155
f 1414/1495/3156 983/1064/3157 1138/1219/3158 1411/1492/3159
f 1416/1497/3160 933/1014/3161 1276/1357/3162 1415/1496/3163
f 1276/1357/3164 986/1067/3165 1417/1498/3166 1415/1496/3167
f 1417/1498/3168 983/1064/3169 1414/1495/3170 1415/1496/3171
f 1419/1500/3172 932/1013/3173 1420/1501/3174 1418/1499/3175
f 1420/1501/3176 987/1068/3177 1139/1220/3178 1418/1499/3179
f 1139/1220/3180 983/1064/3181 1417/1498/3182 1418/1499/3183
f 1422/1503/3184 887/964/3185 1423/1504/3186 1421/1502/3187
f 1423/1504/3188 990/1071/3189 1424/1505/3190 1421/1502/3191
f 1424/1505/3192 988/1069/3193 1143/1224/3194 1421/1502/3195
f 1426/1507/3196 936/1017/3197 1291/1372/3198 1425/1506/3199
f 1291/1372/3200 991/1072/3201 1427/1508/3202 1425/1506/3203
f 1427/1508/3204 988/1069/3205 1424/1505/3206 1425/1506/3207
f 1429/1510/3208 935/1016/3209 1430/1511/3210 1428/1509/3211
f 1430/1511/3212 992/1073/3213 1144/1225/3214 1428/1509/3215
f 1144/1225/3216 988/1069/3217 1427/1508/3218 1428/1509/3219
s 161
f 1432/1513/3220 888/963/3221 1433/1514/3222 1431/1512/3223
s off
f 1433/1514/3224 995/1076/3225 1434/1515/3226 1431/1512/3227
f 1434/1515/3228 993/1074/3229 1148/1229/3230 1431/1512/3231
f 1436/1517/3232 939/1020/3233 1306/1387/3234 1435/1516/3235
f 1306/1387/3236 996/1077/3237 1437/1518/3238 1435/1516/3239
f 1437/1518/3240 993/1074/3241 1434/1515/3242 1435/1516/3243
f 1439/1520/3244 938/1019/3245 1440/1521/3246 1438/1519/3247
f 1440/1521/3248 997/1078/3249 1149/1230/3250 1438/1519/3251
f 1149/1230/3252 993/1074/3253 1437/1518/3254 1438/1519/3255
f 1442/1523/3256 893/967/3257 1443/1524/3258 1441/1522/3259
f 1443/1524/3260 1000/1081/3261 1444/1525/3262 1441/1522/3263
f 1444/1525/3264 998/1079/3265 1153/1234/3266 1441/1522/3267
f 1446/1527/3268 942/1023/3269 1321/1402/3270 1445/1526/3271
f 1321/1402/3272 1001/1082/3273 1447/1528/3274 1445/1526/3275
f 1447/1528/3276 998/1079/3277 1444/1525/3278 1445/1526/3279
f 1449/1530/3280 941/1022/3281 1450/1531/3282 1448/1529/3283
f 1450/1531/3284 1002/1083/3285 1154/1235/3286 1448/1529/3287
f 1154/1235/3288 998/1079/3289 1447/1528/3290 1448/1529/3291
s 162
f 1452/1533/3292 895/966/3293 1453/1534/3294 1451/1532/3295
s 123
f 1453/1534/2010 1005/1086/2009 1454/1535/3296 1451/1532/3297
s off
f 1454/1535/3298 1003/1084/3299 1158/1239/3300 1451/1532/3301
s 148
f 1202/1283/2566 905/986/2565 1161/1242/3302 1455/1536/3303
s off
f 1161/1242/3304 1006/1087/3305 1456/1537/3306 1455/1536/3307
f 1456/1537/3308 1003/1084/3309 1454/1535/3310 1455/1536/3311
f 1458/1539/3312 903/984/3313 1342/1423/3314 1457/1538/3315
f 1342/1423/3316 946/1027/3317 1159/1240/3318 1457/1538/3319
f 1159/1240/3320 1003/1084/3321 1456/1537/3322 1457/1538/3323
s 157
f 1364/1445/2974 896/976/2973 1460/1541/3324 1459/1540/3325
s off
f 1460/1541/3326 1008/1089/3327 1461/1542/3328 1459/1540/3329
f 1461/1542/3330 1007/1088/3331 1163/1244/3332 1459/1540/3333
f 1227/1308/3334 906/987/3335 1166/1247/3336 1462/1543/3337
f 1166/1247/3338 1009/1090/3339 1463/1544/3340 1462/1543/3341
f 1463/1544/3342 1007/1088/3343 1461/1542/3344 1462/1543/3345
f 1465/1546/3346 903/984/3347 1458/1539/3348 1464/1545/3349
f 1458/1539/3350 1006/1087/3351 1164/1245/3352 1464/1545/3353
f 1164/1245/3354 1007/1088/3355 1463/1544/3356 1464/1545/3357
f 1467/1548/3358 897/977/3359 1468/1549/3360 1466/1547/3361
f 1468/1549/3362 1012/1093/3363 1469/1550/3364 1466/1547/3365
f 1469/1550/3366 1010/1091/3367 1168/1249/3368 1466/1547/3369
f 1242/1323/3370 907/988/3371 1096/1177/3372 1470/1551/3373
f 1096/1177/3374 947/1028/3375 1471/1552/3376 1470/1551/3377
f 1471/1552/3378 1010/1091/3379 1469/1550/3380 1470/1551/3381
f 1343/1424/3382 903/984/3383 1465/1546/3384 1472/1553/3385
f 1465/1546/3386 1009/1090/3387 1169/1250/3388 1472/1553/3389
f 1169/1250/3390 1010/1091/3391 1471/1552/3392 1472/1553/3393
s 162
f 1474/1555/3394 895/966/3293 1452/1533/3292 1473/1554/3395
s 114
f 1452/1533/1902 1004/1085/1901 1475/1556/3396 1473/1554/3397
s off
f 1475/1556/3398 1013/1094/3399 1173/1254/3400 1473/1554/3401
s 142
f 1157/1238/2470 904/985/2469 1176/1257/3402 1476/1557/3403
s off
f 1176/1257/3404 1015/1096/3405 1477/1558/3406 1476/1557/3407
f 1477/1558/3408 1013/1094/3409 1475/1556/3410 1476/1557/3411
f 1479/1560/3412 908/989/3413 1351/1432/3414 1478/1559/3415
f 1351/1432/3416 951/1032/3417 1174/1255/3418 1478/1559/3419
f 1174/1255/3420 1013/1094/3421 1477/1558/3422 1478/1559/3423
s 154
f 1337/1418/2878 894/978/2877 1481/1562/3424 1480/1561/3425
s off
f 1481/1562/3426 1017/1098/3427 1482/1563/3428 1480/1561/3429
f 1482/1563/3430 1016/1097/3431 1178/1259/3432 1480/1561/3433
f 1257/1338/3434 910/991/3435 1181/1262/3436 1483/1564/3437
f 1181/1262/3438 1018/1099/3439 1484/1565/3440 1483/1564/3441
f 1484/1565/3442 1016/1097/3443 1482/1563/3444 1483/1564/3445
f 1486/1567/3446 908/989/3447 1479/1560/3448 1485/1566/3449
f 1479/1560/3450 1015/1096/3451 1179/1260/3452 1485/1566/3453
f 1179/1260/3454 1016/1097/3455 1484/1565/3456 1485/1566/3457
f 1488/1569/3458 899/979/3459 1489/1570/3460 1487/1568/3461
f 1489/1570/3462 1021/1102/3463 1490/1571/3464 1487/1568/3465
f 1490/1571/3466 1019/1100/3467 1183/1264/3468 1487/1568/3469
f 1272/1353/3470 911/992/3471 1101/1182/3472 1491/1572/3473
f 1101/1182/3474 952/1033/3475 1492/1573/3476 1491/1572/3477
f 1492/1573/3478 1019/1100/3479 1490/1571/3480 1491/1572/3481
f 1352/1433/3482 908/989/3483 1486/1567/3484 1493/1574/3485
f 1486/1567/3486 1018/1099/3487 1184/1265/3488 1493/1574/3489
f 1184/1265/3490 1019/1100/3491 1492/1573/3492 1493/1574/3493
s 162
f 1495/1576/3494 895/966/3293 1474/1555/3394 1494/1575/3495
s 117
f 1474/1555/1938 1014/1095/1937 1496/1577/3496 1494/1575/3497
s off
f 1496/1577/3498 1022/1103/3499 1188/1269/3500 1494/1575/3501
s 144
f 1172/1253/2502 909/990/2501 1191/1272/3502 1497/1578/3503
s off
f 1191/1272/3504 1024/1105/3505 1498/1579/3506 1497/1578/3507
f 1498/1579/3508 1022/1103/3509 1496/1577/3510 1497/1578/3511
f 1500/1581/3512 912/993/3513 1360/1441/3514 1499/1580/3515
f 1360/1441/3516 956/1037/3517 1189/1270/3518 1499/1580/3519
f 1189/1270/3520 1022/1103/3521 1498/1579/3522 1499/1580/3523
s 155
f 1346/1427/2910 898/980/2909 1502/1583/3524 1501/1582/3525
s off
f 1502/1583/3526 1026/1107/3527 1503/1584/3528 1501/1582/3529
f 1503/1584/3530 1025/1106/3531 1193/1274/3532 1501/1582/3533
f 1287/1368/3534 914/995/3535 1196/1277/3536 1504/1585/3537
f 1196/1277/3538 1027/1108/3539 1505/1586/3540 1504/1585/3541
f 1505/1586/3542 1025/1106/3543 1503/1584/3544 1504/1585/3545
f 1507/1588/3546 912/993/3547 1500/1581/3548 1506/1587/3549
f 1500/1581/3550 1024/1105/3551 1194/1275/3552 1506/1587/3553
f 1194/1275/3554 1025/1106/3555 1505/1586/3556 1506/1587/3557
f 1509/1590/3558 901/981/3559 1510/1591/3560 1508/1589/3561
f 1510/1591/3562 1030/1111/3563 1511/1592/3564 1508/1589/3565
f 1511/1592/3566 1028/1109/3567 1198/1279/3568 1508/1589/3569
f 1302/1383/3570 915/996/3571 1106/1187/3572 1512/1593/3573
f 1106/1187/3574 957/1038/3575 1513/1594/3576 1512/1593/3577
f 1513/1594/3578 1028/1109/3579 1511/1592/3580 1512/1593/3581
f 1361/1442/3582 912/993/3583 1507/1588/3584 1514/1595/3585
f 1507/1588/3586 1027/1108/3587 1199/1280/3588 1514/1595/3589
f 1199/1280/3590 1028/1109/3591 1513/1594/3592 1514/1595/3593
s 162
f 1453/1534/3294 895/966/3293 1495/1576/3494 1515/1596/3594
s 120
f 1495/1576/1974 1023/1104/1973 1516/1597/3595 1515/1596/3596
s off
f 1516/1597/3597 1031/1112/3598 1203/1284/3599 1515/1596/3600
s 146
f 1187/1268/2534 913/994/2533 1206/1287/3601 1517/1598/3602
s off
f 1206/1287/3603 1032/1113/3604 1518/1599/3605 1517/1598/3606
f 1518/1599/3607 1031/1112/3608 1516/1597/3609 1517/1598/3610
f 1520/1601/3611 916/997/3612 1369/1450/3613 1519/1600/3614
f 1369/1450/3615 961/1042/3616 1204/1285/3617 1519/1600/3618
f 1204/1285/3619 1031/1112/3620 1518/1599/3621 1519/1600/3622
s 156
f 1355/1436/2942 900/982/2941 1522/1603/3623 1521/1602/3624
s off
f 1522/1603/3625 1034/1115/3626 1523/1604/3627 1521/1602/3628
f 1523/1604/3629 1033/1114/3630 1208/1289/3631 1521/1602/3632
f 1317/1398/3633 917/998/3634 1211/1292/3635 1524/1605/3636
f 1211/1292/3637 1035/1116/3638 1525/1606/3639 1524/1605/3640
f 1525/1606/3641 1033/1114/3642 1523/1604/3643 1524/1605/3644
f 1527/1608/3645 916/997/3646 1520/1601/3647 1526/1607/3648
f 1520/1601/3649 1032/1113/3650 1209/1290/3651 1526/1607/3652
f 1209/1290/3653 1033/1114/3654 1525/1606/3655 1526/1607/3656
f 1529/1610/3657 902/983/3658 1530/1611/3659 1528/1609/3660
f 1530/1611/3661 1038/1119/3662 1531/1612/3663 1528/1609/3664
f 1531/1612/3665 1036/1117/3666 1213/1294/3667 1528/1609/3668
f 1332/1413/3669 918/999/3670 1111/1192/3671 1532/1613/3672
f 1111/1192/3673 962/1043/3674 1533/1614/3675 1532/1613/3676
f 1533/1614/3677 1036/1117/3678 1531/1612/3679 1532/1613/3680
f 1370/1451/3681 916/997/3682 1527/1608/3683 1534/1615/3684
f 1527/1608/3685 1035/1116/3686 1214/1295/3687 1534/1615/3688
f 1214/1295/3689 1036/1117/3690 1533/1614/3691 1534/1615/3692
f 1536/1617/3693 872/960/3694 1382/1463/3695 1535/1616/3696
f 1382/1463/3697 969/1050/3698 1537/1618/3699 1535/1616/3700
f 1537/1618/3701 1039/1120/3702 1218/1299/3703 1535/1616/3704
f 1122/1203/3705 921/1002/3706 1221/1302/3707 1538/1619/3708
f 1221/1302/3709 1041/1122/3710 1539/1620/3711 1538/1619/3712
f 1539/1620/3713 1039/1120/3714 1537/1618/3715 1538/1619/3716
f 1541/1622/3717 919/1000/3718 1379/1460/3719 1540/1621/3720
f 1379/1460/3721 966/1047/3722 1219/1300/3723 1540/1621/3724
f 1219/1300/3725 1039/1120/3726 1539/1620/3727 1540/1621/3728
f 1543/1624/3729 897/977/3730 1467/1548/3731 1542/1623/3732
f 1467/1548/3733 1011/1092/3734 1544/1625/3735 1542/1623/3736
f 1544/1625/3737 1042/1123/3738 1223/1304/3739 1542/1623/3740
f 1167/1248/3741 906/987/3742 1226/1307/3743 1545/1626/3744
f 1226/1307/3745 1044/1125/3746 1546/1627/3747 1545/1626/3748
f 1546/1627/3749 1042/1123/3750 1544/1625/3751 1545/1626/3752
f 1548/1629/3753 919/1000/3754 1541/1622/3755 1547/1628/3756
f 1541/1622/3757 1041/1122/3758 1224/1305/3759 1547/1628/3760
f 1224/1305/3761 1042/1123/3762 1546/1627/3763 1547/1628/3764
s 163
f 1460/1541/3765 896/976/3766 1550/1631/3767 1549/1630/3768
s 137
f 1550/1631/2310 1046/1127/2309 1551/1632/3769 1549/1630/3770
s off
f 1551/1632/3771 1045/1126/3772 1228/1309/3773 1549/1630/3774
s 153
f 1327/1408/2856 922/1003/2855 1116/1197/3775 1552/1633/3776
s off
f 1116/1197/3777 967/1048/3778 1553/1634/3779 1552/1633/3780
f 1553/1634/3781 1045/1126/3782 1551/1632/3783 1552/1633/3784
f 1380/1461/3785 919/1000/3786 1548/1629/3787 1554/1635/3788
f 1548/1629/3789 1044/1125/3790 1229/1310/3791 1554/1635/3792
f 1229/1310/3793 1045/1126/3794 1553/1634/3795 1554/1635/3796
s 159
f 1556/1637/3797 873/959/3077 1392/1473/3076 1555/1636/3798
s 111
f 1392/1473/1830 974/1055/1829 1557/1638/3799 1555/1636/3800
s off
f 1557/1638/3801 1047/1128/3802 1233/1314/3803 1555/1636/3804
s 139
f 1127/1208/2404 925/1006/2403 1236/1317/3805 1558/1639/3806
s off
f 1236/1317/3807 1049/1130/3808 1559/1640/3809 1558/1639/3810
f 1559/1640/3811 1047/1128/3812 1557/1638/3813 1558/1639/3814
f 1561/1642/3815 923/1004/3816 1389/1470/3817 1560/1641/3818
f 1389/1470/3819 971/1052/3820 1234/1315/3821 1560/1641/3822
f 1234/1315/3823 1047/1128/3824 1559/1640/3825 1560/1641/3826
s 164
f 1563/1644/3827 894/978/3828 1336/1417/3829 1562/1643/3830
s off
f 1336/1417/3831 944/1025/3832 1564/1645/3833 1562/1643/3834
f 1564/1645/3835 1050/1131/3836 1238/1319/3837 1562/1643/3838
f 1097/1178/3839 907/988/3840 1241/1322/3841 1565/1646/3842
f 1241/1322/3843 1052/1133/3844 1566/1647/3845 1565/1646/3846
f 1566/1647/3847 1050/1131/3848 1564/1645/3849 1565/1646/3850
f 1568/1649/3851 923/1004/3852 1561/1642/3853 1567/1648/3854
f 1561/1642/3855 1049/1130/3856 1239/1320/3857 1567/1648/3858
f 1239/1320/3859 1050/1131/3860 1566/1647/3861 1567/1648/3862
f 1468/1549/3863 897/977/3864 1543/1624/3865 1569/1650/3866
f 1543/1624/3867 1043/1124/3868 1570/1651/3869 1569/1650/3870
f 1570/1651/3871 1053/1134/3872 1243/1324/3873 1569/1650/3874
f 1222/1303/3875 921/1002/3876 1121/1202/3877 1571/1652/3878
f 1121/1202/3879 972/1053/3880 1572/1653/3881 1571/1652/3882
f 1572/1653/3883 1053/1134/3884 1570/1651/3885 1571/1652/3886
f 1390/1471/3887 923/1004/3888 1568/1649/3889 1573/1654/3890
f 1568/1649/3891 1052/1133/3892 1244/1325/3893 1573/1654/3894
f 1244/1325/3895 1053/1134/3896 1572/1653/3897 1573/1654/3898
f 1575/1656/3899 881/962/3900 1402/1483/3901 1574/1655/3902
f 1402/1483/3903 979/1060/3904 1576/1657/3905 1574/1655/3906
f 1576/1657/3907 1054/1135/3908 1248/1329/3909 1574/1655/3910
f 1132/1213/3911 928/1009/3912 1251/1332/3913 1577/1658/3914
f 1251/1332/3915 1056/1137/3916 1578/1659/3917 1577/1658/3918
f 1578/1659/3919 1054/1135/3920 1576/1657/3921 1577/1658/3922
f 1580/1661/3923 926/1007/3924 1399/1480/3925 1579/1660/3926
f 1399/1480/3927 976/1057/3928 1249/1330/3929 1579/1660/3930
f 1249/1330/3931 1054/1135/3932 1578/1659/3933 1579/1660/3934
f 1582/1663/3935 899/979/3936 1488/1569/3937 1581/1662/3938
f 1488/1569/3939 1020/1101/3940 1583/1664/3941 1581/1662/3942
f 1583/1664/3943 1057/1138/3944 1253/1334/3945 1581/1662/3946
f 1182/1263/3947 910/991/3948 1256/1337/3949 1584/1665/3950
f 1256/1337/3951 1059/1140/3952 1585/1666/3953 1584/1665/3954
f 1585/1666/3955 1057/1138/3956 1583/1664/3957 1584/1665/3958
f 1587/1668/3959 926/1007/3960 1580/1661/3961 1586/1667/3962
f 1580/1661/3963 1056/1137/3964 1254/1335/3965 1586/1667/3966
f 1254/1335/3967 1057/1138/3968 1585/1666/3969 1586/1667/3970
s 164
f 1481/1562/3971 894/978/3828 1563/1644/3827 1588/1669/3972
s 128
f 1563/1644/2094 1051/1132/2093 1589/1670/3973 1588/1669/3974
s off
f 1589/1670/3975 1060/1141/3976 1258/1339/3977 1588/1669/3978
s 150
f 1237/1318/2646 925/1006/2645 1126/1207/3979 1590/1671/3980
s off
f 1126/1207/3981 977/1058/3982 1591/1672/3983 1590/1671/3984
f 1591/1672/3985 1060/1141/3986 1589/1670/3987 1590/1671/3988
f 1400/1481/3989 926/1007/3990 1587/1668/3991 1592/1673/3992
f 1587/1668/3993 1059/1140/3994 1259/1340/3995 1592/1673/3996
f 1259/1340/3997 1060/1141/3998 1591/1672/3999 1592/1673/4000
s 160
f 1594/1675/4001 882/961/3149 1412/1493/3148 1593/1674/4002
s 112
f 1412/1493/1854 984/1065/1853 1595/1676/4003 1593/1674/4004
s off
f 1595/1676/4005 1061/1142/4006 1263/1344/4007 1593/1674/4008
s 140
f 1137/1218/2426 931/1012/2425 1266/1347/4009 1596/1677/4010
s off
f 1266/1347/4011 1063/1144/4012 1597/1678/4013 1596/1677/4014
f 1597/1678/4015 1061/1142/4016 1595/1676/4017 1596/1677/4018
f 1599/1680/4019 929/1010/4020 1409/1490/4021 1598/1679/4022
f 1409/1490/4023 981/1062/4024 1264/1345/4025 1598/1679/4026
f 1264/1345/4027 1061/1142/4028 1597/1678/4029 1598/1679/4030
s 165
f 1601/1682/4031 898/980/4032 1345/1426/4033 1600/1681/4034
s off
f 1345/1426/4035 949/1030/4036 1602/1683/4037 1600/1681/4038
f 1602/1683/4039 1064/1145/4040 1268/1349/4041 1600/1681/4042
f 1102/1183/4043 911/992/4044 1271/1352/4045 1603/1684/4046
f 1271/1352/4047 1066/1147/4048 1604/1685/4049 1603/1684/4050
f 1604/1685/4051 1064/1145/4052 1602/1683/4053 1603/1684/4054
f 1606/1687/4055 929/1010/4056 1599/1680/4057 1605/1686/4058
f 1599/1680/4059 1063/1144/4060 1269/1350/4061 1605/1686/4062
f 1269/1350/4063 1064/1145/4064 1604/1685/4065 1605/1686/4066
f 1489/1570/4067 899/979/4068 1582/1663/4069 1607/1688/4070
f 1582/1663/4071 1058/1139/4072 1608/1689/4073 1607/1688/4074
f 1608/1689/4075 1067/1148/4076 1273/1354/4077 1607/1688/4078
f 1252/1333/4079 928/1009/4080 1131/1212/4081 1609/1690/4082
f 1131/1212/4083 982/1063/4084 1610/1691/4085 1609/1690/4086
f 1610/1691/4087 1067/1148/4088 1608/1689/4089 1609/1690/4090
f 1410/1491/4091 929/1010/4092 1606/1687/4093 1611/1692/4094
f 1606/1687/4095 1066/1147/4096 1274/1355/4097 1611/1692/4098
f 1274/1355/4099 1067/1148/4100 1610/1691/4101 1611/1692/4102
f 1613/1694/4103 887/964/4104 1422/1503/4105 1612/1693/4106
f 1422/1503/4107 989/1070/4108 1614/1695/4109 1612/1693/4110
f 1614/1695/4111 1068/1149/4112 1278/1359/4113 1612/1693/4114
f 1142/1223/4115 934/1015/4116 1281/1362/4117 1615/1696/4118
f 1281/1362/4119 1070/1151/4120 1616/1697/4121 1615/1696/4122
f 1616/1697/4123 1068/1149/4124 1614/1695/4125 1615/1696/4126
f 1618/1699/4127 932/1013/4128 1419/1500/4129 1617/1698/4130
f 1419/1500/4131 986/1067/4132 1279/1360/4133 1617/1698/4134
f 1279/1360/4135 1068/1149/4136 1616/1697/4137 1617/1698/4138
f 1620/1701/4139 901/981/4140 1509/1590/4141 1619/1700/4142
f 1509/1590/4143 1029/1110/4144 1621/1702/4145 1619/1700/4146
f 1621/1702/4147 1071/1152/4148 1283/1364/4149 1619/1700/4150
f 1197/1278/4151 914/995/4152 1286/1367/4153 1622/1703/4154
f 1286/1367/4155 1073/1154/4156 1623/1704/4157 1622/1703/4158
f 1623/1704/4159 1071/1152/4160 1621/1702/4161 1622/1703/4162
f 1625/1706/4163 932/1013/4164 1618/1699/4165 1624/1705/4166
f 1618/1699/4167 1070/1151/4168 1284/1365/4169 1624/1705/4170
f 1284/1365/4171 1071/1152/4172 1623/1704/4173 1624/1705/4174
s 165
f 1502/1583/4175 898/980/4032 1601/1682/4031 1626/1707/4176
s 131
f 1601/1682/2166 1065/1146/2165 1627/1708/4177 1626/1707/4178
s off
f 1627/1708/4179 1074/1155/4180 1288/1369/4181 1626/1707/4182
s 151
f 1267/1348/2716 931/1012/2715 1136/1217/4183 1628/1709/4184
s off
f 1136/1217/4185 987/1068/4186 1629/1710/4187 1628/1709/4188
f 1629/1710/4189 1074/1155/4190 1627/1708/4191 1628/1709/4192
f 1420/1501/4193 932/1013/4194 1625/1706/4195 1630/1711/4196
f 1625/1706/4197 1073/1154/4198 1289/1370/4199 1630/1711/4200
f 1289/1370/4201 1074/1155/4202 1629/1710/4203 1630/1711/4204
s 161
f 1632/1713/4205 888/963/3221 1432/1513/3220 1631/1712/4206
s 113
f 1432/1513/1878 994/1075/1877 1633/1714/4207 1631/1712/4208
s off
f 1633/1714/4209 1075/1156/4210 1293/1374/4211 1631/1712/4212
s 141
f 1147/1228/2448 937/1018/2447 1296/1377/4213 1634/1715/4214
s off
f 1296/1377/4215 1077/1158/4216 1635/1716/4217 1634/1715/4218
f 1635/1716/4219 1075/1156/4220 1633/1714/4221 1634/1715/4222
f 1637/1718/4223 935/1016/4224 1429/1510/4225 1636/1717/4226
f 1429/1510/4227 991/1072/4228 1294/1375/4229 1636/1717/4230
f 1294/1375/4231 1075/1156/4232 1635/1716/4233 1636/1717/4234
s 166
f 1639/1720/4235 900/982/4236 1354/1435/4237 1638/1719/4238
s off
f 1354/1435/4239 954/1035/4240 1640/1721/4241 1638/1719/4242
f 1640/1721/4243 1078/1159/4244 1298/1379/4245 1638/1719/4246
f 1107/1188/4247 915/996/4248 1301/1382/4249 1641/1722/4250
f 1301/1382/4251 1080/1161/4252 1642/1723/4253 1641/1722/4254
f 1642/1723/4255 1078/1159/4256 1640/1721/4257 1641/1722/4258
f 1644/1725/4259 935/1016/4260 1637/1718/4261 1643/1724/4262
f 1637/1718/4263 1077/1158/4264 1299/1380/4265 1643/1724/4266
f 1299/1380/4267 1078/1159/4268 1642/1723/4269 1643/1724/4270
f 1510/1591/4271 901/981/4272 1620/1701/4273 1645/1726/4274
f 1620/1701/4275 1072/1153/4276 1646/1727/4277 1645/1726/4278
f 1646/1727/4279 1081/1162/4280 1303/1384/4281 1645/1726/4282
f 1282/1363/4283 934/1015/4284 1141/1222/4285 1647/1728/4286
f 1141/1222/4287 992/1073/4288 1648/1729/4289 1647/1728/4290
f 1648/1729/4291 1081/1162/4292 1646/1727/4293 1647/1728/4294
f 1430/1511/4295 935/1016/4296 1644/1725/4297 1649/1730/4298
f 1644/1725/4299 1080/1161/4300 1304/1385/4301 1649/1730/4302
f 1304/1385/4303 1081/1162/4304 1648/1729/4305 1649/1730/4306
f 1651/1732/4307 893/967/4308 1442/1523/4309 1650/1731/4310
f 1442/1523/4311 999/1080/4312 1652/1733/4313 1650/1731/4314
f 1652/1733/4315 1082/1163/4316 1308/1389/4317 1650/1731/4318
f 1152/1233/4319 940/1021/4320 1311/1392/4321 1653/1734/4322
f 1311/1392/4323 1084/1165/4324 1654/1735/4325 1653/1734/4326
f 1654/1735/4327 1082/1163/4328 1652/1733/4329 1653/1734/4330
f 1656/1737/4331 938/1019/4332 1439/1520/4333 1655/1736/4334
f 1439/1520/4335 996/1077/4336 1309/1390/4337 1655/1736/4338
f 1309/1390/4339 1082/1163/4340 1654/1735/4341 1655/1736/4342
f 1658/1739/4343 902/983/4344 1529/1610/4345 1657/1738/4346
f 1529/1610/4347 1037/1118/4348 1659/1740/4349 1657/1738/4350
f 1659/1740/4351 1085/1166/4352 1313/1394/4353 1657/1738/4354
f 1212/1293/4355 917/998/4356 1316/1397/4357 1660/1741/4358
f 1316/1397/4359 1087/1168/4360 1661/1742/4361 1660/1741/4362
f 1661/1742/4363 1085/1166/4364 1659/1740/4365 1660/1741/4366
f 1663/1744/4367 938/1019/4368 1656/1737/4369 1662/1743/4370
f 1656/1737/4371 1084/1165/4372 1314/1395/4373 1662/1743/4374
f 1314/1395/4375 1085/1166/4376 1661/1742/4377 1662/1743/4378
s 166
f 1522/1603/4379 900/982/4236 1639/1720/4235 1664/1745/4380
s 134
f 1639/1720/2238 1079/1160/2237 1665/1746/4381 1664/1745/4382
s off
f 1665/1746/4383 1088/1169/4384 1318/1399/4385 1664/1745/4386
s 152
f 1297/1378/2786 937/1018/2785 1146/1227/4387 1666/1747/4388
s off
f 1146/1227/4389 997/1078/4390 1667/1748/4391 1666/1747/4392
f 1667/1748/4393 1088/1169/4394 1665/1746/4395 1666/1747/4396
f 1440/1521/4397 938/1019/4398 1663/1744/4399 1668/1749/4400
f 1663/1744/4401 1087/1168/4402 1319/1400/4403 1668/1749/4404
f 1319/1400/4405 1088/1169/4406 1667/1748/4407 1668/1749/4408
s 158
f 1670/1751/4409 878/965/3005 1372/1453/3004 1669/1750/4410
s 110
f 1372/1453/1806 964/1045/1805 1671/1752/4411 1669/1750/4412
s off
f 1671/1752/4413 1089/1170/4414 1323/1404/4415 1669/1750/4416
s 138
f 1117/1198/2382 922/1003/2381 1326/1407/4417 1672/1753/4418
s off
f 1326/1407/4419 1091/1172/4420 1673/1754/4421 1672/1753/4422
f 1673/1754/4423 1089/1170/4424 1671/1752/4425 1672/1753/4426
f 1675/1756/4427 941/1022/4428 1449/1530/4429 1674/1755/4430
f 1449/1530/4431 1001/1082/4432 1324/1405/4433 1674/1755/4434
f 1324/1405/4435 1089/1170/4436 1673/1754/4437 1674/1755/4438
s 163
f 1550/1631/3767 896/976/3766 1363/1444/4439 1676/1757/4440
s off
f 1363/1444/4441 959/1040/4442 1677/1758/4443 1676/1757/4444
f 1677/1758/4445 1092/1173/4446 1328/1409/4447 1676/1757/4448
f 1112/1193/4449 918/999/4450 1331/1412/4451 1678/1759/4452
f 1331/1412/4453 1093/1174/4454 1679/1760/4455 1678/1759/4456
f 1679/1760/4457 1092/1173/4458 1677/1758/4459 1678/1759/4460
f 1681/1762/4461 941/1022/4462 1675/1756/4463 1680/1761/4464
f 1675/1756/4465 1091/1172/4466 1329/1410/4467 1680/1761/4468
f 1329/1410/4469 1092/1173/4470 1679/1760/4471 1680/1761/4472
f 1530/1611/4473 902/983/4474 1658/1739/4475 1682/1763/4476
f 1658/1739/4477 1086/1167/4478 1683/1764/4479 1682/1763/4480
f 1683/1764/4481 1094/1175/4482 1333/1414/4483 1682/1763/4484
f 1312/1393/4485 940/1021/4486 1151/1232/4487 1684/1765/4488
f 1151/1232/4489 1002/1083/4490 1685/1766/4491 1684/1765/4492
f 1685/1766/4493 1094/1175/4494 1683/1764/4495 1684/1765/4496
f 1450/1531/4497 941/1022/4498 1681/1762/4499 1686/1767/4500
f 1681/1762/4501 1093/1174/4502 1334/1415/4503 1686/1767/4504
f 1334/1415/4505 1094/1175/4506 1685/1766/4507 1686/1767/4508
s 85
f 1687/1768/4509 1688/1802/4510 1694/1769/4511 1693/1787/4512
s 69
f 1688/1770/4513 1687/1783/4514 1689/1785/4515 1690/1798/4516
f 1690/1798/4516 1689/1785/4515 1691/1771/4517 1692/1800/4518
s 72
f 1692/1772/4519 1691/1796/4520 1701/1773/4521 1702/1774/4522
s 85
f 1693/1775/4512 1694/1776/4511 1696/1777/4523 1695/1789/4524
s 71
f 1695/1778/4525 1696/1779/4526 1700/1806/4527 1699/1792/4528
s 72
f 1697/1780/4529 1698/1810/4530 1702/1781/4522 1701/1794/4521
s 71
f 1698/1782/4531 1697/1790/4532 1699/1792/4528 1700/1806/4527
s 69
f 366/1832/4533 367/1834/4534 1689/1785/4515 1687/1783/4514
f 367/1834/4534 368/1784/4535 1691/1771/4517 1689/1785/4515
s 85
f 369/1836/4536 366/1786/4537 1687/1768/4538 1693/1787/4512
f 370/1838/4539 369/1788/4536 1693/1775/4512 1695/1789/4524
s 71
f 371/1840/4540 372/1842/4541 1699/1792/4528 1697/1790/4532
f 372/1842/4541 370/1791/4542 1695/1778/4525 1699/1792/4528
s 72
f 373/1844/4543 371/1793/4544 1697/1780/4529 1701/1794/4521
f 368/1846/4545 373/1795/4543 1701/1773/4521 1691/1796/4520
s 69
f 1688/1797/4513 1690/1798/4516 1731/1880/4546 1732/1881/4547
f 1690/1798/4516 1692/1800/4518 1730/1878/4548 1731/1880/4546
s 85
f 1694/1769/4511 1688/1802/4510 1732/1882/4549 1733/1883/4550
f 1696/1777/4523 1694/1804/4511 1733/1884/4550 1734/1885/4551
s 71
f 1698/1782/4531 1700/1806/4527 1727/1873/4552 1728/1874/4553
f 1700/1806/4527 1696/1808/4526 1734/1886/4554 1727/1873/4552
s 72
f 1702/1781/4522 1698/1810/4530 1728/1875/4555 1729/1876/4556
f 1692/1812/4519 1702/1813/4522 1729/1877/4556 1730/1879/4557
s 37
f 310/311/618 311/1815/617 1706/1818/4558 1703/1816/4559
s 9
f 311/1815/620 312/1817/619 1709/1850/4560 1706/1818/4561
s 37
f 313/313/621 310/1819/618 1703/1847/4562 1712/1820/4563
s 10
f 314/314/623 313/1821/622 1712/1851/4564 1715/1822/4565
s 38
f 315/316/625 316/1823/624 1721/1826/4566 1718/1824/4567
s 10
f 316/1823/626 314/1825/623 1715/1853/4568 1721/1826/4569
s 38
f 317/318/627 315/1827/625 1718/1854/4570 1724/1828/4571
s 9
f 312/319/619 317/1829/628 1724/1858/4572 1709/1830/4573
s 37
f 1705/1849/4574 1708/1831/4575 367/1834/4576 366/1832/4577
s 9
f 1708/1831/4578 1711/1833/4579 368/1784/4580 367/1834/4581
s 37
f 1714/1848/4582 1705/1835/4583 366/1786/4584 369/1836/4585
s 10
f 1717/1852/4586 1714/1837/4587 369/1788/4588 370/1838/4589
s 38
f 1720/1856/4590 1723/1839/4591 372/1842/4592 371/1840/4593
s 10
f 1723/1839/4594 1717/1841/4595 370/1791/4596 372/1842/4597
s 38
f 1726/1855/4598 1720/1843/4599 371/1793/4600 373/1844/4601
s 9
f 1711/1857/4602 1726/1845/4603 373/1795/4604 368/1846/4605
s 37
f 1703/1847/4562 1704/1860/4606 1713/1865/4607 1712/1820/4563
f 1704/1860/4606 1705/1835/4583 1714/1848/4582 1713/1865/4607
f 1705/1849/4574 1704/1859/4608 1707/1861/4609 1708/1831/4575
f 1704/1859/4608 1703/1816/4559 1706/1818/4558 1707/1861/4609
s 9
f 1708/1831/4578 1707/1861/4610 1710/1863/4611 1711/1833/4579
f 1707/1861/4610 1706/1818/4561 1709/1850/4560 1710/1863/4611
s 10
f 1712/1851/4564 1713/1864/4612 1716/1867/4613 1715/1822/4565
f 1713/1864/4612 1714/1837/4587 1717/1852/4586 1716/1867/4613
f 1715/1853/4568 1716/1866/4614 1722/1870/4615 1721/1826/4569
f 1716/1866/4614 1717/1841/4595 1723/1839/4594 1722/1870/4615
s 38
f 1718/1854/4570 1719/1869/4616 1725/1872/4617 1724/1828/4571
f 1719/1869/4616 1720/1843/4599 1726/1855/4598 1725/1872/4617
f 1720/1856/4590 1719/1868/4618 1722/1870/4619 1723/1839/4591
f 1719/1868/4618 1718/1824/4567 1721/1826/4566 1722/1870/4619
s 9
f 1711/1857/4602 1710/1862/4620 1725/1871/4621 1726/1845/4603
f 1710/1862/4620 1709/1830/4573 1724/1858/4572 1725/1871/4621
s 71
f 1728/1874/4553 1727/1873/4552 472/1809/1020 469/1807/1026
s 72
f 1729/1876/4556 1728/1875/4555 469/528/1021 475/1811/1024
f 1730/1879/4557 1729/1877/4556 475/532/1024 460/1814/1028
s 69
f 1731/1880/4546 1730/1878/4548 460/524/1013 457/1801/1011
f 1732/1881/4547 1731/1880/4546 457/1801/1011 454/1799/1010
s 85
f 1733/1883/4550 1732/1882/4549 454/521/1001 463/1803/1004
f 1734/1885/4551 1733/1884/4550 463/525/1004 466/1805/1015
s 71
f 1727/1873/4552 1734/1886/4554 466/527/1017 472/1809/1020
s 87
f 669/2123/4622 660/2126/4623 1739/1888/4624 1735/1887/4625
f 660/2126/4626 668/2128/4627 1743/1889/4628 1739/1888/4629
f 668/2128/4627 658/2129/4630 1747/1890/4631 1743/1889/4628
f 658/2129/4632 666/2131/4633 1751/1891/4634 1747/1890/4635
f 666/2131/4633 659/2132/4636 1755/1892/4637 1751/1891/4634
f 659/2132/4638 667/2134/4639 1759/1893/4640 1755/1892/4641
f 667/2134/4639 661/2135/4642 1763/1894/4643 1759/1893/4640
f 661/2135/4644 669/2123/4622 1735/1887/4625 1763/1894/4645
s 88
f 665/2058/4646 651/2061/4647 1771/1896/4648 1767/1895/4649
f 651/2061/4650 663/2063/4651 1775/1897/4652 1771/1896/4653
f 663/2063/4651 653/2064/4654 1779/1898/4655 1775/1897/4652
f 653/2064/4656 662/2066/4657 1783/1899/4658 1779/1898/4659
f 662/2066/4657 652/2069/4660 1787/1900/4661 1783/1899/4658
f 652/2069/4662 664/2071/4663 1791/1901/4664 1787/1900/4665
f 664/2071/4663 650/2072/4666 1795/1902/4667 1791/1901/4664
f 650/2072/4668 665/2058/4646 1767/1895/4649 1795/1902/4669
s 89
f 677/2195/4670 655/2198/4671 1803/1904/4672 1799/1903/4673
f 655/2198/4674 674/2200/4675 1807/1905/4676 1803/1904/4677
f 674/2200/4675 657/2201/4678 1811/1906/4679 1807/1905/4676
f 657/2201/4680 675/2203/4681 1815/1907/4682 1811/1906/4683
f 675/2203/4681 656/2206/4684 1819/1908/4685 1815/1907/4682
f 656/2206/4686 676/2208/4687 1823/1909/4688 1819/1908/4689
f 676/2208/4687 654/2209/4690 1827/1910/4691 1823/1909/4688
f 654/2209/4692 677/2195/4670 1799/1903/4673 1827/1910/4693
s 90
f 673/2148/4694 646/2149/4695 1835/1912/4696 1831/1911/4697
f 646/2149/4698 670/2151/4699 1839/1913/4700 1835/1912/4701
f 670/2151/4699 647/2154/4702 1843/1914/4703 1839/1913/4700
f 647/2154/4704 671/2156/4705 1847/1915/4706 1843/1914/4707
f 671/2156/4705 649/2157/4708 1851/1916/4709 1847/1915/4706
f 649/2157/4710 672/2159/4711 1855/1917/4712 1851/1916/4713
f 672/2159/4711 648/2162/4714 1859/1918/4715 1855/1917/4712
f 648/2162/4716 673/2148/4694 1831/1911/4697 1859/1918/4717
s 87
usemtl standardSurface3SG
f 1738/1933/4718 1742/1919/4719 689/1922/1232 678/1920/1231
f 1742/1919/4720 1746/1921/4721 695/1924/1284 689/1922/1283
f 1746/1921/4721 1750/1923/4722 701/1926/1292 695/1924/1284
f 1750/1923/4723 1754/1925/4724 707/1928/1300 701/1926/1299
f 1754/1925/4724 1758/1927/4725 713/1930/1307 707/1928/1300
f 1758/1927/4726 1762/1929/4727 719/1932/1314 713/1930/1313
f 1762/1929/4727 1766/1931/4728 725/1934/1321 719/1932/1314
f 1766/1931/4729 1738/1933/4718 678/1920/1231 725/1934/1328
s 88
f 1770/1949/4730 1774/1935/4731 737/1938/1244 726/1936/1243
f 1774/1935/4732 1778/1937/4733 743/1940/1333 737/1938/1332
f 1778/1937/4733 1782/1939/4734 749/1942/1340 743/1940/1333
f 1782/1939/4735 1786/1941/4736 755/1944/1348 749/1942/1347
f 1786/1941/4736 1790/1943/4737 761/1946/1356 755/1944/1348
f 1790/1943/4738 1794/1945/4739 767/1948/1364 761/1946/1363
f 1794/1945/4739 1798/1947/4740 773/1950/1372 767/1948/1364
f 1798/1947/4741 1770/1949/4730 726/1936/1243 773/1950/1378
s 89
f 1802/1965/4742 1806/1951/4743 785/1954/1256 774/1952/1255
f 1806/1951/4744 1810/1953/4745 791/1956/1383 785/1954/1382
f 1810/1953/4745 1814/1955/4746 797/1958/1390 791/1956/1383
f 1814/1955/4747 1818/1957/4748 803/1960/1397 797/1958/1396
f 1818/1957/4748 1822/1959/4749 809/1962/1405 803/1960/1397
f 1822/1959/4750 1826/1961/4751 815/1964/1413 809/1962/1412
f 1826/1961/4751 1830/1963/4752 821/1966/1421 815/1964/1413
f 1830/1963/4753 1802/1965/4742 774/1952/1255 821/1966/1428
s 90
f 1834/1981/4754 1838/1967/4755 833/1970/1268 822/1968/1267
f 1838/1967/4756 1842/1969/4757 839/1972/1433 833/1970/1432
f 1842/1969/4757 1846/1971/4758 845/1974/1440 839/1972/1433
f 1846/1971/4759 1850/1973/4760 851/1976/1447 845/1974/1446
f 1850/1973/4760 1854/1975/4761 857/1978/1454 851/1976/1447
f 1854/1975/4762 1858/1977/4763 863/1980/1462 857/1978/1461
f 1858/1977/4763 1862/1979/4764 869/1982/1470 863/1980/1462
f 1862/1979/4765 1834/1981/4754 822/1968/1267 869/1982/1477
s 87
f 1737/1984/4766 1738/1933/4718 1766/1931/4729 1765/1998/4767
usemtl standardSurface2SG
f 1735/1887/4625 1736/1983/4768 1764/1997/4769 1763/1894/4645
usemtl standardSurface3SG
f 1736/1983/4768 1737/1984/4766 1765/1998/4767 1764/1997/4769
f 1738/1933/4718 1737/1984/4766 1741/1986/4770 1742/1919/4719
f 1737/1984/4766 1736/1983/4768 1740/1985/4771 1741/1986/4770
usemtl standardSurface2SG
f 1736/1983/4768 1735/1887/4625 1739/1888/4624 1740/1985/4771
usemtl standardSurface3SG
f 1742/1919/4720 1741/1986/4772 1745/1988/4773 1746/1921/4721
f 1741/1986/4772 1740/1985/4774 1744/1987/4775 1745/1988/4773
usemtl standardSurface2SG
f 1740/1985/4774 1739/1888/4629 1743/1889/4628 1744/1987/4775
usemtl standardSurface3SG
f 1746/1921/4721 1745/1988/4773 1749/1990/4776 1750/1923/4722
f 1745/1988/4773 1744/1987/4775 1748/1989/4777 1749/1990/4776
usemtl standardSurface2SG
f 1744/1987/4775 1743/1889/4628 1747/1890/4631 1748/1989/4777
usemtl standardSurface3SG
f 1750/1923/4723 1749/1990/4778 1753/1992/4779 1754/1925/4724
f 1749/1990/4778 1748/1989/4780 1752/1991/4781 1753/1992/4779
usemtl standardSurface2SG
f 1748/1989/4780 1747/1890/4635 1751/1891/4634 1752/1991/4781
usemtl standardSurface3SG
f 1754/1925/4724 1753/1992/4779 1757/1994/4782 1758/1927/4725
f 1753/1992/4779 1752/1991/4781 1756/1993/4783 1757/1994/4782
usemtl standardSurface2SG
f 1752/1991/4781 1751/1891/4634 1755/1892/4637 1756/1993/4783
usemtl standardSurface3SG
f 1758/1927/4726 1757/1994/4784 1761/1996/4785 1762/1929/4727
f 1757/1994/4784 1756/1993/4786 1760/1995/4787 1761/1996/4785
usemtl standardSurface2SG
f 1756/1993/4786 1755/1892/4641 1759/1893/4640 1760/1995/4787
usemtl standardSurface3SG
f 1762/1929/4727 1761/1996/4785 1765/1998/4788 1766/1931/4728
f 1761/1996/4785 1760/1995/4787 1764/1997/4789 1765/1998/4788
usemtl standardSurface2SG
f 1760/1995/4787 1759/1893/4640 1763/1894/4643 1764/1997/4789
s 88
usemtl standardSurface3SG
f 1769/2000/4790 1770/1949/4730 1798/1947/4741 1797/2014/4791
usemtl standardSurface2SG
f 1767/1895/4649 1768/1999/4792 1796/2013/4793 1795/1902/4669
usemtl standardSurface3SG
f 1768/1999/4792 1769/2000/4790 1797/2014/4791 1796/2013/4793
f 1770/1949/4730 1769/2000/4790 1773/2002/4794 1774/1935/4731
f 1769/2000/4790 1768/1999/4792 1772/2001/4795 1773/2002/4794
usemtl standardSurface2SG
f 1768/1999/4792 1767/1895/4649 1771/1896/4648 1772/2001/4795
usemtl standardSurface3SG
f 1774/1935/4732 1773/2002/4796 1777/2004/4797 1778/1937/4733
f 1773/2002/4796 1772/2001/4798 1776/2003/4799 1777/2004/4797
usemtl standardSurface2SG
f 1772/2001/4798 1771/1896/4653 1775/1897/4652 1776/2003/4799
usemtl standardSurface3SG
f 1778/1937/4733 1777/2004/4797 1781/2006/4800 1782/1939/4734
f 1777/2004/4797 1776/2003/4799 1780/2005/4801 1781/2006/4800
usemtl standardSurface2SG
f 1776/2003/4799 1775/1897/4652 1779/1898/4655 1780/2005/4801
usemtl standardSurface3SG
f 1782/1939/4735 1781/2006/4802 1785/2008/4803 1786/1941/4736
f 1781/2006/4802 1780/2005/4804 1784/2007/4805 1785/2008/4803
usemtl standardSurface2SG
f 1780/2005/4804 1779/1898/4659 1783/1899/4658 1784/2007/4805
usemtl standardSurface3SG
f 1786/1941/4736 1785/2008/4803 1789/2010/4806 1790/1943/4737
f 1785/2008/4803 1784/2007/4805 1788/2009/4807 1789/2010/4806
usemtl standardSurface2SG
f 1784/2007/4805 1783/1899/4658 1787/1900/4661 1788/2009/4807
usemtl standardSurface3SG
f 1790/1943/4738 1789/2010/4808 1793/2012/4809 1794/1945/4739
f 1789/2010/4808 1788/2009/4810 1792/2011/4811 1793/2012/4809
usemtl standardSurface2SG
f 1788/2009/4810 1787/1900/4665 1791/1901/4664 1792/2011/4811
usemtl standardSurface3SG
f 1794/1945/4739 1793/2012/4809 1797/2014/4812 1798/1947/4740
f 1793/2012/4809 1792/2011/4811 1796/2013/4813 1797/2014/4812
usemtl standardSurface2SG
f 1792/2011/4811 1791/1901/4664 1795/1902/4667 1796/2013/4813
s 89
usemtl standardSurface3SG
f 1801/2016/4814 1802/1965/4742 1830/1963/4753 1829/2030/4815
usemtl standardSurface2SG
f 1799/1903/4673 1800/2015/4816 1828/2029/4817 1827/1910/4693
usemtl standardSurface3SG
f 1800/2015/4816 1801/2016/4814 1829/2030/4815 1828/2029/4817
f 1802/1965/4742 1801/2016/4814 1805/2018/4818 1806/1951/4743
f 1801/2016/4814 1800/2015/4816 1804/2017/4819 1805/2018/4818
usemtl standardSurface2SG
f 1800/2015/4816 1799/1903/4673 1803/1904/4672 1804/2017/4819
usemtl standardSurface3SG
f 1806/1951/4744 1805/2018/4820 1809/2020/4821 1810/1953/4745
f 1805/2018/4820 1804/2017/4822 1808/2019/4823 1809/2020/4821
usemtl standardSurface2SG
f 1804/2017/4822 1803/1904/4677 1807/1905/4676 1808/2019/4823
usemtl standardSurface3SG
f 1810/1953/4745 1809/2020/4821 1813/2022/4824 1814/1955/4746
f 1809/2020/4821 1808/2019/4823 1812/2021/4825 1813/2022/4824
usemtl standardSurface2SG
f 1808/2019/4823 1807/1905/4676 1811/1906/4679 1812/2021/4825
usemtl standardSurface3SG
f 1814/1955/4747 1813/2022/4826 1817/2024/4827 1818/1957/4748
f 1813/2022/4826 1812/2021/4828 1816/2023/4829 1817/2024/4827
usemtl standardSurface2SG
f 1812/2021/4828 1811/1906/4683 1815/1907/4682 1816/2023/4829
usemtl standardSurface3SG
f 1818/1957/4748 1817/2024/4827 1821/2026/4830 1822/1959/4749
f 1817/2024/4827 1816/2023/4829 1820/2025/4831 1821/2026/4830
usemtl standardSurface2SG
f 1816/2023/4829 1815/1907/4682 1819/1908/4685 1820/2025/4831
usemtl standardSurface3SG
f 1822/1959/4750 1821/2026/4832 1825/2028/4833 1826/1961/4751
f 1821/2026/4832 1820/2025/4834 1824/2027/4835 1825/2028/4833
usemtl standardSurface2SG
f 1820/2025/4834 1819/1908/4689 1823/1909/4688 1824/2027/4835
usemtl standardSurface3SG
f 1826/1961/4751 1825/2028/4833 1829/2030/4836 1830/1963/4752
f 1825/2028/4833 1824/2027/4835 1828/2029/4837 1829/2030/4836
usemtl standardSurface2SG
f 1824/2027/4835 1823/1909/4688 1827/1910/4691 1828/2029/4837
s 90
usemtl standardSurface3SG
f 1833/2032/4838 1834/1981/4754 1862/1979/4765 1861/2046/4839
usemtl standardSurface2SG
f 1831/1911/4697 1832/2031/4840 1860/2045/4841 1859/1918/4717
usemtl standardSurface3SG
f 1832/2031/4840 1833/2032/4838 1861/2046/4839 1860/2045/4841
f 1834/1981/4754 1833/2032/4838 1837/2034/4842 1838/1967/4755
f 1833/2032/4838 1832/2031/4840 1836/2033/4843 1837/2034/4842
usemtl standardSurface2SG
f 1832/2031/4840 1831/1911/4697 1835/1912/4696 1836/2033/4843
usemtl standardSurface3SG
f 1838/1967/4756 1837/2034/4844 1841/2036/4845 1842/1969/4757
f 1837/2034/4844 1836/2033/4846 1840/2035/4847 1841/2036/4845
usemtl standardSurface2SG
f 1836/2033/4846 1835/1912/4701 1839/1913/4700 1840/2035/4847
usemtl standardSurface3SG
f 1842/1969/4757 1841/2036/4845 1845/2038/4848 1846/1971/4758
f 1841/2036/4845 1840/2035/4847 1844/2037/4849 1845/2038/4848
usemtl standardSurface2SG
f 1840/2035/4847 1839/1913/4700 1843/1914/4703 1844/2037/4849
usemtl standardSurface3SG
f 1846/1971/4759 1845/2038/4850 1849/2040/4851 1850/1973/4760
f 1845/2038/4850 1844/2037/4852 1848/2039/4853 1849/2040/4851
usemtl standardSurface2SG
f 1844/2037/4852 1843/1914/4707 1847/1915/4706 1848/2039/4853
usemtl standardSurface3SG
f 1850/1973/4760 1849/2040/4851 1853/2042/4854 1854/1975/4761
f 1849/2040/4851 1848/2039/4853 1852/2041/4855 1853/2042/4854
usemtl standardSurface2SG
f 1848/2039/4853 1847/1915/4706 1851/1916/4709 1852/2041/4855
usemtl standardSurface3SG
f 1854/1975/4762 1853/2042/4856 1857/2044/4857 1858/1977/4763
f 1853/2042/4856 1852/2041/4858 1856/2043/4859 1857/2044/4857
usemtl standardSurface2SG
f 1852/2041/4858 1851/1916/4713 1855/1917/4712 1856/2043/4859
usemtl standardSurface3SG
f 1858/1977/4763 1857/2044/4857 1861/2046/4860 1862/1979/4764
f 1857/2044/4857 1856/2043/4859 1860/2045/4861 1861/2046/4860
usemtl standardSurface2SG
f 1856/2043/4859 1855/1917/4712 1859/1918/4715 1860/2045/4861
s 195
f 1871/2059/4862 1870/2085/4863 1885/2101/4864 1884/2060/4865
s 196
f 1870/2087/4866 1869/2673/4867 1886/2047/4868 1885/2102/4869
s 197
f 1874/2048/4870 1873/2090/4871 1876/2093/4872 1875/2657/4873
s 195
f 1873/2089/4874 1872/2068/4875 1877/2067/4876 1876/2091/4877
f 1880/2062/4878 1879/2094/4879 1882/2098/4880 1881/2065/4881
s 199
f 1879/2096/4882 1878/2665/4883 1883/2049/4884 1882/2099/4885
s 57
f 576/706/1153 579/2050/1156 1963/2256/4886 1964/2258/4887
f 579/708/1156 582/2051/1158 1970/2270/4888 1963/2257/4886
s 74
f 585/705/1152 576/2052/1151 1964/2259/4889 1965/2260/4890
f 588/711/1160 585/2053/1152 1965/2261/4890 1966/2262/4891
s 59
f 591/716/1169 594/2054/1164 1967/2264/4892 1968/2266/4893
f 594/713/1164 588/2055/1163 1966/2263/4894 1967/2265/4892
s 60
f 597/715/1168 591/2056/1167 1968/2267/4895 1969/2268/4896
f 582/718/1171 597/2057/1168 1969/2269/4896 1970/2271/4897
s 200
f 651/2061/4898 665/2058/4899 1866/2073/4900 1871/2059/4901
s 201
f 1884/2060/4902 663/2063/4903 651/2061/4904 1871/2059/4905
f 1884/2060/4902 1880/2062/4906 653/2064/4907 663/2063/4903
s 202
f 662/2066/4908 653/2064/4909 1880/2062/4910 1881/2065/4911
f 652/2069/4912 662/2066/4908 1881/2065/4911 1877/2067/4913
s 203
f 1872/2068/4914 664/2071/4915 652/2069/4916 1877/2067/4917
f 1872/2068/4914 1863/2070/4918 650/2072/4919 664/2071/4915
s 200
f 665/2058/4899 650/2072/4920 1863/2070/4921 1866/2073/4900
s 195
f 1863/2070/4922 1864/2079/4923 1867/2083/4924 1866/2073/4925
s 204
f 1864/2081/4926 1865/2649/4927 1868/2074/4928 1867/2084/4929
s 195
f 1866/2073/4925 1867/2083/4924 1870/2085/4863 1871/2059/4862
s 204
f 1867/2082/4929 1868/2677/4928 1869/2075/4930 1870/2086/4931
s 197
f 1865/2076/4932 1864/2080/4933 1873/2088/4871 1874/2653/4870
s 195
f 1864/2079/4923 1863/2070/4922 1872/2068/4875 1873/2089/4874
s 199
f 1875/2077/4934 1876/2092/4935 1882/2097/4885 1883/2661/4884
s 195
f 1876/2091/4877 1877/2067/4876 1881/2065/4881 1882/2098/4880
s 196
f 1878/2078/4936 1879/2095/4937 1885/2100/4869 1886/2669/4868
s 195
f 1879/2094/4879 1880/2062/4878 1884/2060/4865 1885/2101/4864
s 205
f 2211/2743/4938 2212/2741/4939 2213/2742/4940 2214/2783/4941
f 2212/2741/4939 2211/2788/4938 2215/2744/4942 2216/2745/4943
f 2214/2747/4941 2213/2742/4940 2217/2746/4944 2218/2793/4945
f 2218/2750/4945 2217/2748/4944 2219/2749/4946 2220/2797/4947
f 2216/2745/4943 2215/2802/4942 2221/2751/4948 2222/2752/4949
f 2222/2755/4949 2221/2807/4948 2223/2753/4950 2224/2754/4951
f 2225/2756/4952 2226/2811/4953 2220/2797/4947 2219/2749/4946
f 2226/2759/4953 2225/2757/4952 2224/2758/4951 2223/2816/4950
s 65
f 624/2111/1201 627/2107/1204 1955/2244/4954 1956/2245/4955
f 627/2107/1204 630/2109/1206 1962/2254/4956 1955/2244/4954
s 82
f 633/2113/1200 624/2111/1199 1956/2245/4957 1957/2246/4958
f 636/735/1208 633/2113/1200 1957/2246/4958 1958/2247/4959
s 67
f 639/739/1217 642/2115/1212 1959/2249/4960 1960/2251/4961
f 642/737/1212 636/2117/1211 1958/2248/4962 1959/2250/4960
s 68
f 645/2121/1216 639/2119/1215 1960/2252/4963 1961/2253/4964
f 630/741/1219 645/2121/1216 1961/2253/4964 1962/2255/4965
s 206
f 660/2126/4966 669/2123/4967 1899/2136/4968 1896/2124/4969
s 207
f 1893/2125/4970 668/2128/4971 660/2126/4972 1896/2124/4973
f 1893/2125/4970 1887/2127/4974 658/2129/4975 668/2128/4971
s 208
f 666/2131/4976 658/2129/4977 1887/2127/4978 1889/2130/4979
f 659/2132/4980 666/2131/4976 1889/2130/4979 1892/2795/4981
s 209
f 1901/2809/4982 667/2134/4983 659/2132/4984 1892/2795/4985
f 1901/2809/4982 1898/2133/4986 661/2135/4987 667/2134/4983
s 206
f 669/2123/4967 661/2135/4988 1898/2133/4989 1899/2136/4968
s 210
f 1911/2152/4990 1910/2170/4991 1925/2184/4992 1924/2153/4993
s 211
f 1910/2171/4994 1909/2391/4995 1926/2137/4996 1925/2185/4997
s 212
f 1914/2138/4998 1913/2174/4999 1916/2177/5000 1915/2375/5001
s 210
f 1913/2173/5002 1912/2161/5003 1917/2160/5004 1916/2175/5005
f 1920/2155/5006 1919/2178/5007 1922/2182/5008 1921/2158/5009
s 214
f 1919/2180/5010 1918/2383/5011 1923/2379/5012 1922/2181/5013
s 69
f 552/694/1129 555/2139/1132 1979/2333/5014 1980/2287/5015
f 555/2139/1132 558/2140/1134 1986/2347/5016 1979/2333/5014
s 70
f 561/693/1128 552/2141/1127 1980/2335/5017 1981/2288/5018
f 564/697/1136 561/2142/1128 1981/2337/5018 1982/2289/5019
s 71
f 567/701/1145 570/2143/1140 1983/2341/5020 1984/2290/5021
f 570/2143/1140 564/2144/1139 1982/2339/5022 1983/2341/5020
s 72
f 573/700/1144 567/2145/1143 1984/2343/5023 1985/2291/5024
f 558/702/1147 573/2146/1144 1985/2345/5024 1986/2292/5025
s 215
f 1912/2161/5026 1903/2147/5027 646/2149/5028 673/2148/5029
s 216
f 670/2151/5030 646/2149/5031 1903/2147/5032 1906/2150/5033
f 647/2154/5034 670/2151/5030 1906/2150/5033 1911/2152/5035
s 217
f 1924/2153/5036 671/2156/5037 647/2154/5038 1911/2152/5039
f 1924/2153/5036 1920/2155/5040 649/2157/5041 671/2156/5037
s 218
f 672/2159/5042 649/2157/5043 1920/2155/5044 1921/2158/5045
f 648/2162/5046 672/2159/5042 1921/2158/5045 1917/2160/5047
s 215
f 1912/2161/5026 673/2148/5029 648/2162/5048 1917/2160/5049
s 210
f 1903/2147/5050 1904/2167/5051 1907/2169/5052 1906/2150/5053
s 219
f 1904/2167/5054 1905/2367/5055 1908/2395/5056 1907/2169/5057
s 210
f 1906/2150/5053 1907/2169/5052 1910/2170/4991 1911/2152/4990
s 219
f 1907/2169/5057 1908/2395/5056 1909/2163/5058 1910/2170/5059
s 212
f 1905/2164/5060 1904/2168/5061 1913/2172/4999 1914/2371/4998
s 210
f 1904/2167/5051 1903/2147/5050 1912/2161/5003 1913/2173/5002
s 214
f 1915/2165/5062 1916/2176/5063 1922/2181/5013 1923/2379/5012
s 210
f 1916/2175/5005 1917/2160/5004 1921/2158/5009 1922/2182/5008
s 211
f 1918/2166/5064 1919/2179/5065 1925/2183/4997 1926/2387/4996
s 210
f 1919/2178/5007 1920/2155/5006 1924/2153/4993 1925/2184/4992
s 220
f 1929/2186/5066 1928/2219/5067 1937/2228/5068 1936/2523/5069
s 221
f 1928/2218/5070 1927/2207/5071 1938/2205/5072 1937/2226/5073
s 61
f 600/722/1177 603/2187/1180 1971/2272/5074 1972/2274/5075
f 603/724/1180 606/2188/1182 1978/2285/5076 1971/2273/5074
s 78
f 609/721/1176 600/2189/1175 1972/2275/5077 1973/2276/5078
f 612/727/1184 609/2190/1176 1973/2277/5078 1974/2278/5079
s 63
f 615/731/1193 618/2191/1188 1975/2280/5080 1976/2282/5081
f 618/729/1188 612/2192/1187 1974/2279/5082 1975/2281/5080
s 64
f 621/2194/1192 615/2193/1191 1976/2283/5083 1977/2284/5084
f 606/733/1195 621/2194/1192 1977/2284/5084 1978/2286/5085
s 222
f 655/2198/5086 677/2195/5087 1932/2210/5088 1935/2196/5089
s 223
f 1950/2197/5090 674/2200/5091 655/2198/5092 1935/2196/5093
f 1950/2197/5090 1944/2199/5094 657/2201/5095 674/2200/5091
s 224
f 675/2203/5096 657/2201/5097 1944/2199/5098 1947/2202/5099
f 656/2206/5100 675/2203/5096 1947/2202/5099 1941/2204/5101
s 225
f 1938/2205/5102 676/2208/5103 656/2206/5104 1941/2204/5105
f 1938/2205/5102 1927/2207/5106 654/2209/5107 676/2208/5103
s 222
f 677/2195/5087 654/2209/5108 1927/2207/5109 1932/2210/5088
s 221
f 1927/2207/5071 1928/2218/5070 1931/2221/5110 1932/2210/5111
s 226
f 1928/2217/5112 1929/2519/5113 1930/2211/5114 1931/2222/5115
s 221
f 1932/2210/5111 1931/2221/5110 1934/2224/5116 1935/2196/5117
s 226
f 1931/2220/5115 1930/2547/5114 1933/2212/5118 1934/2225/5119
s 220
f 1936/2213/5069 1937/2227/5068 1940/2231/5120 1939/2527/5121
s 221
f 1937/2226/5073 1938/2205/5072 1941/2204/5122 1940/2229/5123
s 227
f 1939/2214/5124 1940/2230/5125 1946/2237/5126 1945/2531/5127
s 221
f 1940/2229/5123 1941/2204/5122 1947/2202/5128 1946/2235/5129
s 228
f 1942/2215/5130 1943/2234/5131 1949/2239/5132 1948/2539/5133
s 221
f 1943/2233/5134 1944/2199/5135 1950/2197/5136 1949/2238/5137
f 1944/2199/5135 1943/2233/5134 1946/2235/5129 1947/2202/5128
s 227
f 1943/2232/5138 1942/2535/5139 1945/2216/5127 1946/2236/5126
s 221
f 1935/2196/5117 1934/2224/5116 1949/2238/5137 1950/2197/5136
s 228
f 1934/2223/5140 1933/2543/5141 1948/2539/5133 1949/2239/5132
s 88
usemtl standardSurface3SG
f 1951/2240/1273 732/807/1236 738/808/1339 744/809/1345
f 762/812/1371 768/828/1274 1951/2240/1273 756/811/1361
f 1951/2240/1273 744/809/1345 750/810/1355 756/811/1361
s 87
f 1952/2241/1271 714/805/1270 720/827/1326 683/799/1221
f 1952/2241/1271 690/801/1291 696/802/1297 702/803/1272
f 1952/2241/1271 683/799/1221 684/800/1224 690/801/1291
s 90
f 827/820/1257 828/821/1260 834/822/1280 1953/2242/1279
f 858/826/1469 1953/2242/1279 846/824/1278 852/825/1459
f 827/820/1257 1953/2242/1279 858/826/1469 864/830/1475
s 89
f 804/818/1410 1954/2243/1275 792/816/1277 798/817/1404
f 816/829/1426 1954/2243/1275 804/818/1410 810/819/1420
f 779/813/1245 780/814/1248 1954/2243/1275 816/829/1426
s 65
usemtl standardSurface2SG
f 1956/2245/4955 1955/2244/4954 1890/2110/5142 1888/2108/5143
s 82
f 1957/2246/4958 1956/2245/4957 1888/2108/5144 1894/2112/5145
f 1958/2247/4959 1957/2246/4958 1894/2112/5145 1895/2114/5146
s 67
f 1959/2250/4960 1958/2248/4962 1895/2104/5147 1900/2118/5148
f 1960/2251/4961 1959/2249/4960 1900/2106/5148 1897/2116/5149
s 68
f 1961/2253/4964 1960/2252/4963 1897/2105/5150 1902/2120/5151
f 1962/2255/4965 1961/2253/4964 1902/2120/5151 1891/2122/5152
s 65
f 1955/2244/4954 1962/2254/4956 1891/2103/5153 1890/2110/5142
s 229
f 2148/2605/5154 2147/2606/5155 2149/2651/5156 2150/2607/5157
s 230
f 2151/2608/5158 2148/2609/5159 2150/2655/5160 2152/2610/5161
f 2153/2611/5162 2151/2612/5158 2152/2659/5161 2154/2613/5163
s 231
f 2155/2614/5164 2153/2615/5165 2154/2663/5166 2156/2616/5167
f 2157/2617/5168 2155/2618/5164 2156/2667/5167 2158/2619/5169
s 232
f 2159/2620/5170 2157/2621/5171 2158/2671/5172 2160/2622/5173
f 2161/2623/5174 2159/2624/5170 2160/2675/5173 2162/2625/5175
s 229
f 2147/2626/5155 2161/2627/5176 2162/2679/5177 2149/2628/5156
s 233
f 2084/2477/5178 2083/2478/5179 2085/2521/5180 2086/2479/5181
s 234
f 2087/2480/5182 2084/2481/5183 2086/2525/5184 2088/2482/5185
f 2089/2483/5186 2087/2484/5182 2088/2529/5185 2090/2485/5187
s 235
f 2091/2486/5188 2089/2487/5189 2090/2533/5190 2092/2488/5191
f 2093/2489/5192 2091/2490/5188 2092/2537/5191 2094/2491/5193
s 236
f 2095/2492/5194 2093/2493/5195 2094/2541/5196 2096/2545/5197
f 2097/2494/5198 2095/2492/5194 2096/2545/5197 2098/2495/5199
s 233
f 2083/2496/5179 2097/2497/5200 2098/2549/5201 2085/2498/5180
s 237
f 1987/2317/5202 1988/2348/5203 2015/2293/5204 2016/2331/5205
f 1988/2348/5203 1987/2317/5202 1990/2294/5206 1989/2334/5207
s 238
f 1989/2295/5208 1990/2319/5209 1996/2296/5210 1995/2336/5211
s 239
f 1991/2369/5212 1992/2332/5213 2017/2297/5214 2018/2397/5215
f 1992/2332/5213 1991/2369/5212 1994/2298/5216 1993/2318/5217
s 240
f 1993/2299/5218 1994/2373/5219 1998/2300/5220 1997/2320/5221
s 238
f 1995/2301/5211 1996/2321/5210 2000/2302/5222 1999/2338/5223
s 240
f 1997/2303/5221 1998/2377/5220 2002/2304/5224 2001/2322/5225
s 241
f 1999/2305/5226 2000/2323/5227 2004/2325/5228 2003/2340/5229
s 242
f 2001/2306/5230 2002/2381/5231 2006/2385/5232 2005/2324/5233
s 241
f 2003/2340/5229 2004/2325/5228 2008/2307/5234 2007/2342/5235
s 242
f 2005/2324/5233 2006/2385/5232 2010/2308/5236 2009/2326/5237
s 243
f 2007/2309/5238 2008/2327/5239 2012/2310/5240 2011/2344/5241
s 244
f 2009/2311/5242 2010/2389/5243 2014/2312/5244 2013/2328/5245
s 243
f 2011/2313/5241 2012/2329/5240 2016/2314/5246 2015/2346/5247
s 244
f 2013/2315/5245 2014/2393/5244 2018/2316/5248 2017/2330/5249
s 245
f 1990/2294/5250 1987/2317/5251 1992/2332/5252 1993/2318/5253
s 246
f 1996/2296/5254 1990/2319/5255 1993/2299/5256 1997/2320/5257
f 2000/2302/5258 1996/2321/5254 1997/2303/5257 2001/2322/5259
s 247
f 2004/2325/5260 2000/2323/5261 2001/2306/5262 2005/2324/5263
f 2008/2307/5264 2004/2325/5260 2005/2324/5263 2009/2326/5265
s 248
f 2012/2310/5266 2008/2327/5267 2009/2311/5268 2013/2328/5269
f 2016/2314/5270 2012/2329/5266 2013/2315/5269 2017/2330/5271
s 245
f 1987/2317/5251 2016/2331/5272 2017/2297/5273 1992/2332/5252
s 249
f 1980/2287/5274 1979/2333/5275 1988/2348/5276 1989/2334/5277
f 1981/2288/5278 1980/2335/5274 1989/2295/5277 1995/2336/5279
f 1982/2289/5280 1981/2337/5278 1995/2301/5279 1999/2338/5281
f 1983/2341/5282 1982/2339/5280 1999/2305/5281 2003/2340/5283
f 1984/2290/5284 1983/2341/5282 2003/2340/5283 2007/2342/5285
f 1985/2291/5286 1984/2343/5284 2007/2309/5285 2011/2344/5287
f 1986/2292/5288 1985/2345/5286 2011/2313/5287 2015/2346/5289
f 1979/2333/5275 1986/2347/5288 2015/2293/5289 1988/2348/5276
s 250
f 2022/2349/5290 2021/2424/5291 2024/2425/5292 2023/2368/5293
f 2021/2424/5291 2020/2422/5294 2025/2426/5295 2024/2425/5292
f 2020/2422/5294 2019/2351/5296 2026/2365/5297 2025/2426/5295
f 2030/2350/5298 2029/2430/5299 2032/2431/5300 2031/2352/5301
s 252
f 2029/2430/5302 2028/2428/5303 2033/2432/5304 2032/2431/5305
s 253
f 2028/2428/5306 2027/2370/5307 2034/2398/5308 2033/2432/5309
s 250
f 2026/2365/5297 2019/2351/5296 2030/2350/5298 2031/2352/5301
f 2019/2400/5296 2035/2353/5310 2042/2401/5311 2030/2354/5298
f 2035/2404/5310 2043/2355/5312 2050/2405/5313 2042/2356/5311
f 2043/2407/5312 2051/2357/5314 2058/2360/5315 2050/2358/5313
f 2051/2357/5314 2059/2359/5316 2066/2410/5317 2058/2360/5315
f 2059/2412/5316 2067/2361/5318 2074/2413/5319 2066/2362/5317
f 2067/2416/5318 2075/2363/5320 2082/2417/5321 2074/2364/5319
f 2075/2419/5320 2026/2365/5297 2031/2352/5301 2082/2366/5321
f 1908/2395/5322 1905/2367/5323 2022/2349/5290 2023/2368/5293
s 253
f 1994/2298/5324 1991/2369/5325 2034/2398/5308 2027/2370/5307
s 250
f 1905/2164/5326 1914/2371/5327 2038/2399/5328 2022/2372/5329
s 255
f 1998/2300/5330 1994/2373/5331 2027/2402/5332 2039/2374/5333
s 250
f 1914/2138/5327 1915/2375/5334 2046/2403/5335 2038/2376/5328
s 255
f 2002/2304/5336 1998/2377/5330 2039/2406/5333 2047/2378/5337
s 250
f 1915/2165/5338 1923/2379/5339 2054/2384/5340 2046/2380/5341
s 257
f 2006/2385/5342 2002/2381/5343 2047/2408/5344 2055/2382/5345
s 250
f 1923/2379/5339 1918/2383/5346 2062/2409/5347 2054/2384/5340
s 257
f 2010/2308/5348 2006/2385/5342 2055/2382/5345 2063/2386/5349
s 250
f 1918/2166/5350 1926/2387/5351 2070/2411/5352 2062/2388/5353
s 259
f 2014/2312/5354 2010/2389/5355 2063/2414/5356 2071/2390/5357
s 250
f 1926/2137/5351 1909/2391/5358 2078/2415/5359 2070/2392/5352
s 259
f 2018/2316/5360 2014/2393/5354 2071/2418/5357 2079/2394/5361
s 250
f 1909/2163/5362 1908/2395/5322 2023/2368/5293 2078/2396/5363
s 253
f 1991/2369/5325 2018/2397/5364 2079/2420/5365 2034/2398/5308
s 250
f 2021/2423/5366 2022/2372/5329 2038/2399/5328 2037/2436/5367
f 2019/2400/5296 2020/2421/5294 2036/2434/5368 2035/2353/5310
f 2020/2421/5294 2021/2423/5366 2037/2436/5367 2036/2434/5368
f 2029/2429/5299 2030/2354/5298 2042/2401/5311 2041/2440/5369
s 255
f 2027/2402/5332 2028/2427/5370 2040/2438/5371 2039/2374/5333
s 260
f 2028/2427/5372 2029/2429/5373 2041/2440/5374 2040/2438/5375
s 250
f 2037/2435/5367 2038/2376/5328 2046/2403/5335 2045/2444/5376
f 2035/2404/5310 2036/2433/5368 2044/2442/5377 2043/2355/5312
f 2036/2433/5368 2037/2435/5367 2045/2444/5376 2044/2442/5377
f 2041/2439/5369 2042/2356/5311 2050/2405/5313 2049/2448/5378
s 255
f 2039/2406/5333 2040/2437/5371 2048/2446/5379 2047/2378/5337
s 260
f 2040/2437/5375 2041/2439/5374 2049/2448/5380 2048/2446/5381
s 250
f 2045/2443/5382 2046/2380/5341 2054/2384/5340 2053/2450/5383
f 2043/2407/5312 2044/2441/5377 2052/2449/5384 2051/2357/5314
f 2044/2441/5377 2045/2443/5382 2053/2450/5383 2052/2449/5384
f 2049/2447/5378 2050/2358/5313 2058/2360/5315 2057/2452/5385
s 257
f 2047/2408/5344 2048/2445/5386 2056/2451/5387 2055/2382/5345
s 261
f 2048/2445/5388 2049/2447/5389 2057/2452/5390 2056/2451/5391
s 250
f 2053/2450/5383 2054/2384/5340 2062/2409/5347 2061/2456/5392
f 2051/2357/5314 2052/2449/5384 2060/2454/5393 2059/2359/5316
f 2052/2449/5384 2053/2450/5383 2061/2456/5392 2060/2454/5393
f 2057/2452/5385 2058/2360/5315 2066/2410/5317 2065/2460/5394
s 257
f 2055/2382/5345 2056/2451/5387 2064/2458/5395 2063/2386/5349
s 261
f 2056/2451/5391 2057/2452/5390 2065/2460/5396 2064/2458/5397
s 250
f 2061/2455/5398 2062/2388/5353 2070/2411/5352 2069/2464/5399
f 2059/2412/5316 2060/2453/5393 2068/2462/5400 2067/2361/5318
f 2060/2453/5393 2061/2455/5398 2069/2464/5399 2068/2462/5400
f 2065/2459/5394 2066/2362/5317 2074/2413/5319 2073/2468/5401
s 259
f 2063/2414/5356 2064/2457/5402 2072/2466/5403 2071/2390/5357
s 262
f 2064/2457/5404 2065/2459/5405 2073/2468/5406 2072/2466/5407
s 250
f 2069/2463/5399 2070/2392/5352 2078/2415/5359 2077/2472/5408
f 2067/2416/5318 2068/2461/5400 2076/2470/5409 2075/2363/5320
f 2068/2461/5400 2069/2463/5399 2077/2472/5408 2076/2470/5409
f 2073/2467/5401 2074/2364/5319 2082/2417/5321 2081/2476/5410
s 259
f 2071/2418/5357 2072/2465/5403 2080/2474/5411 2079/2394/5361
s 262
f 2072/2465/5407 2073/2467/5406 2081/2476/5412 2080/2474/5413
s 250
f 2023/2368/5293 2024/2425/5292 2077/2471/5414 2078/2396/5363
f 2024/2425/5292 2025/2426/5295 2076/2469/5409 2077/2471/5414
f 2025/2426/5295 2026/2365/5297 2075/2419/5320 2076/2469/5409
f 2031/2352/5301 2032/2431/5300 2081/2475/5410 2082/2366/5321
s 252
f 2032/2431/5305 2033/2432/5304 2080/2473/5415 2081/2475/5416
s 253
f 2033/2432/5309 2034/2398/5308 2079/2420/5365 2080/2473/5417
s off
f 1972/2274/5418 1971/2272/5419 2083/2478/5420 2084/2477/5421
f 1973/2276/5422 1972/2275/5423 2084/2481/5424 2087/2480/5425
f 1974/2278/5426 1973/2277/5427 2087/2484/5428 2089/2483/5429
f 1975/2281/5430 1974/2279/5431 2089/2487/5432 2091/2486/5433
f 1976/2282/5434 1975/2280/5435 2091/2490/5436 2093/2489/5437
f 1977/2284/5438 1976/2283/5439 2093/2493/5440 2095/2492/5441
f 1978/2286/5442 1977/2284/5443 2095/2492/5444 2097/2494/5445
f 1971/2273/5446 1978/2285/5447 2097/2497/5448 2083/2496/5449
s 263
f 2101/2499/5450 2100/2576/5451 2103/2578/5452 2102/2520/5453
s 264
f 2100/2576/5454 2099/2503/5455 2104/2500/5456 2103/2578/5457
f 2107/2501/5458 2106/2580/5459 2109/2582/5460 2108/2504/5461
s 233
f 2106/2580/5462 2105/2522/5463 2110/2502/5464 2109/2582/5465
s 264
f 2104/2500/5456 2099/2503/5455 2107/2501/5458 2108/2504/5461
f 2099/2551/5455 2111/2505/5466 2116/2554/5467 2107/2506/5458
f 2111/2555/5466 2117/2507/5468 2122/2558/5469 2116/2508/5467
f 2117/2559/5468 2123/2509/5470 2128/2562/5471 2122/2510/5469
f 2123/2563/5470 2129/2511/5472 2134/2566/5473 2128/2512/5471
f 2129/2567/5472 2135/2513/5474 2140/2516/5475 2134/2514/5473
f 2135/2513/5474 2141/2515/5476 2146/2570/5477 2140/2516/5475
f 2141/2572/5476 2104/2517/5456 2108/2573/5461 2146/2518/5477
s 263
f 1930/2211/5478 1929/2519/5479 2101/2499/5450 2102/2520/5453
s 233
f 2086/2479/5181 2085/2521/5180 2110/2502/5464 2105/2522/5463
s 266
f 1929/2186/5480 1936/2523/5481 2113/2552/5482 2101/2524/5483
s 234
f 2088/2482/5185 2086/2525/5184 2105/2553/5484 2114/2526/5485
s 266
f 1936/2213/5481 1939/2527/5486 2119/2556/5487 2113/2528/5482
s 234
f 2090/2485/5187 2088/2529/5185 2114/2557/5485 2120/2530/5488
s 267
f 1939/2214/5489 1945/2531/5490 2125/2560/5491 2119/2532/5492
s 235
f 2092/2488/5191 2090/2533/5190 2120/2561/5493 2126/2534/5494
s 267
f 1945/2216/5490 1942/2535/5495 2131/2564/5496 2125/2536/5491
s 235
f 2094/2491/5193 2092/2537/5191 2126/2565/5494 2132/2538/5497
s 268
f 1942/2215/5498 1948/2539/5499 2137/2544/5500 2131/2540/5501
s 236
f 2096/2545/5197 2094/2541/5196 2132/2568/5502 2138/2542/5503
s 268
f 1948/2539/5499 1933/2543/5504 2143/2569/5505 2137/2544/5500
s 236
f 2098/2495/5199 2096/2545/5197 2138/2542/5503 2144/2546/5506
s 263
f 1933/2212/5507 1930/2547/5478 2102/2571/5453 2143/2548/5508
s 233
f 2085/2498/5180 2098/2549/5201 2144/2574/5509 2110/2550/5464
s 264
f 2099/2551/5455 2100/2575/5454 2112/2584/5510 2111/2505/5466
s 266
f 2100/2575/5511 2101/2524/5483 2113/2552/5482 2112/2584/5512
s 234
f 2105/2553/5484 2106/2579/5513 2115/2586/5514 2114/2526/5485
s 264
f 2106/2579/5459 2107/2506/5458 2116/2554/5467 2115/2586/5515
f 2111/2555/5466 2112/2583/5510 2118/2588/5516 2117/2507/5468
s 266
f 2112/2583/5512 2113/2528/5482 2119/2556/5487 2118/2588/5517
s 234
f 2114/2557/5485 2115/2585/5514 2121/2590/5518 2120/2530/5488
s 264
f 2115/2585/5515 2116/2508/5467 2122/2558/5469 2121/2590/5519
f 2117/2559/5468 2118/2587/5516 2124/2592/5520 2123/2509/5470
s 267
f 2118/2587/5521 2119/2532/5492 2125/2560/5491 2124/2592/5522
s 235
f 2120/2561/5493 2121/2589/5523 2127/2594/5524 2126/2534/5494
s 264
f 2121/2589/5519 2122/2510/5469 2128/2562/5471 2127/2594/5525
f 2123/2563/5470 2124/2591/5520 2130/2596/5526 2129/2511/5472
s 267
f 2124/2591/5522 2125/2536/5491 2131/2564/5496 2130/2596/5527
s 235
f 2126/2565/5494 2127/2593/5524 2133/2598/5528 2132/2538/5497
s 264
f 2127/2593/5525 2128/2512/5471 2134/2566/5473 2133/2598/5529
f 2129/2567/5472 2130/2595/5526 2136/2599/5530 2135/2513/5474
s 268
f 2130/2595/5531 2131/2540/5501 2137/2544/5500 2136/2599/5532
s 236
f 2132/2568/5502 2133/2597/5533 2139/2600/5534 2138/2542/5503
s 264
f 2133/2597/5529 2134/2514/5473 2140/2516/5475 2139/2600/5535
f 2135/2513/5474 2136/2599/5530 2142/2602/5536 2141/2515/5476
s 268
f 2136/2599/5532 2137/2544/5500 2143/2569/5505 2142/2602/5537
s 236
f 2138/2542/5503 2139/2600/5534 2145/2604/5538 2144/2546/5506
s 264
f 2139/2600/5535 2140/2516/5475 2146/2570/5477 2145/2604/5539
s 263
f 2102/2571/5453 2103/2577/5452 2142/2601/5540 2143/2548/5508
s 264
f 2103/2577/5457 2104/2517/5456 2141/2572/5476 2142/2601/5536
f 2108/2573/5461 2109/2581/5460 2145/2603/5539 2146/2518/5477
s 233
f 2109/2581/5465 2110/2550/5464 2144/2574/5509 2145/2603/5541
s off
f 1964/2258/5542 1963/2256/5543 2147/2606/5544 2148/2605/5545
f 1965/2260/5546 1964/2259/5547 2148/2609/5548 2151/2608/5549
f 1966/2262/5550 1965/2261/5551 2151/2612/5552 2153/2611/5553
f 1967/2265/5554 1966/2263/5555 2153/2615/5556 2155/2614/5557
f 1968/2266/5558 1967/2264/5559 2155/2618/5560 2157/2617/5561
f 1969/2268/5562 1968/2267/5563 2157/2621/5564 2159/2620/5565
f 1970/2271/5566 1969/2269/5567 2159/2624/5568 2161/2623/5569
f 1963/2257/5570 1970/2270/5571 2161/2627/5572 2147/2626/5573
s 269
f 2165/2629/5574 2164/2710/5575 2167/2712/5576 2166/2650/5577
s 270
f 2164/2710/5578 2163/2633/5579 2168/2630/5580 2167/2712/5581
f 2171/2631/5582 2170/2714/5583 2173/2716/5584 2172/2634/5585
s 229
f 2170/2714/5586 2169/2652/5587 2174/2632/5588 2173/2716/5589
s 270
f 2168/2630/5580 2163/2633/5579 2171/2631/5582 2172/2634/5585
f 2163/2681/5579 2175/2635/5590 2180/2684/5591 2171/2636/5582
f 2175/2685/5590 2181/2637/5592 2186/2688/5593 2180/2638/5591
f 2181/2689/5592 2187/2639/5594 2192/2692/5595 2186/2640/5593
f 2187/2693/5594 2193/2641/5596 2198/2696/5597 2192/2642/5595
f 2193/2697/5596 2199/2643/5598 2204/2700/5599 2198/2644/5597
f 2199/2701/5598 2205/2645/5600 2210/2704/5601 2204/2646/5599
f 2205/2706/5600 2168/2647/5580 2172/2707/5585 2210/2648/5601
s 269
f 1868/2074/5602 1865/2649/5603 2165/2629/5574 2166/2650/5577
s 229
f 2150/2607/5157 2149/2651/5156 2174/2632/5588 2169/2652/5587
s 272
f 1865/2076/5604 1874/2653/5605 2177/2682/5606 2165/2654/5607
s 230
f 2152/2610/5161 2150/2655/5160 2169/2683/5608 2178/2656/5609
s 272
f 1874/2048/5605 1875/2657/5610 2183/2686/5611 2177/2658/5606
s 230
f 2154/2613/5163 2152/2659/5161 2178/2687/5609 2184/2660/5612
s 273
f 1875/2077/5613 1883/2661/5614 2189/2690/5615 2183/2662/5616
s 231
f 2156/2616/5167 2154/2663/5166 2184/2691/5617 2190/2664/5618
s 273
f 1883/2049/5614 1878/2665/5619 2195/2694/5620 2189/2666/5615
s 231
f 2158/2619/5169 2156/2667/5167 2190/2695/5618 2196/2668/5621
s 274
f 1878/2078/5622 1886/2669/5623 2201/2698/5624 2195/2670/5625
s 232
f 2160/2622/5173 2158/2671/5172 2196/2699/5626 2202/2672/5627
s 274
f 1886/2047/5623 1869/2673/5628 2207/2702/5629 2201/2674/5624
s 232
f 2162/2625/5175 2160/2675/5173 2202/2703/5627 2208/2676/5630
s 269
f 1869/2075/5631 1868/2677/5602 2166/2705/5577 2207/2678/5632
s 229
f 2149/2628/5156 2162/2679/5177 2208/2708/5633 2174/2680/5588
s 270
f 2163/2681/5579 2164/2709/5578 2176/2718/5634 2175/2635/5590
s 272
f 2164/2709/5635 2165/2654/5607 2177/2682/5606 2176/2718/5636
s 230
f 2169/2683/5608 2170/2713/5637 2179/2720/5638 2178/2656/5609
s 270
f 2170/2713/5583 2171/2636/5582 2180/2684/5591 2179/2720/5639
f 2175/2685/5590 2176/2717/5634 2182/2722/5640 2181/2637/5592
s 272
f 2176/2717/5636 2177/2658/5606 2183/2686/5611 2182/2722/5641
s 230
f 2178/2687/5609 2179/2719/5638 2185/2724/5642 2184/2660/5612
s 270
f 2179/2719/5639 2180/2638/5591 2186/2688/5593 2185/2724/5643
f 2181/2689/5592 2182/2721/5640 2188/2726/5644 2187/2639/5594
s 273
f 2182/2721/5645 2183/2662/5616 2189/2690/5615 2188/2726/5646
s 231
f 2184/2691/5617 2185/2723/5647 2191/2728/5648 2190/2664/5618
s 270
f 2185/2723/5643 2186/2640/5593 2192/2692/5595 2191/2728/5649
f 2187/2693/5594 2188/2725/5644 2194/2730/5650 2193/2641/5596
s 273
f 2188/2725/5646 2189/2666/5615 2195/2694/5620 2194/2730/5651
s 231
f 2190/2695/5618 2191/2727/5648 2197/2732/5652 2196/2668/5621
s 270
f 2191/2727/5649 2192/2642/5595 2198/2696/5597 2197/2732/5653
f 2193/2697/5596 2194/2729/5650 2200/2734/5654 2199/2643/5598
s 274
f 2194/2729/5655 2195/2670/5625 2201/2698/5624 2200/2734/5656
s 232
f 2196/2699/5626 2197/2731/5657 2203/2736/5658 2202/2672/5627
s 270
f 2197/2731/5653 2198/2644/5597 2204/2700/5599 2203/2736/5659
f 2199/2701/5598 2200/2733/5654 2206/2738/5660 2205/2645/5600
s 274
f 2200/2733/5656 2201/2674/5624 2207/2702/5629 2206/2738/5661
s 232
f 2202/2703/5627 2203/2735/5658 2209/2740/5662 2208/2676/5630
s 270
f 2203/2735/5659 2204/2646/5599 2210/2704/5601 2209/2740/5663
s 269
f 2166/2705/5577 2167/2711/5576 2206/2737/5664 2207/2678/5632
s 270
f 2167/2711/5581 2168/2647/5580 2205/2706/5600 2206/2737/5660
f 2172/2707/5585 2173/2715/5584 2209/2739/5663 2210/2648/5601
s 229
f 2173/2715/5589 2174/2680/5588 2208/2708/5633 2209/2739/5665
s off
f 1888/2108/5666 1890/2110/5667 2213/2742/5668 2212/2741/5669
f 1894/2112/5670 1888/2108/5671 2212/2741/5672 2216/2745/5673
f 1890/2110/5674 1891/2103/5675 2217/2746/5676 2213/2742/5677
f 1891/2122/5678 1902/2120/5679 2219/2749/5680 2217/2748/5681
f 1895/2114/5682 1894/2112/5683 2216/2745/5684 2222/2752/5685
f 1900/2118/5686 1895/2104/5687 2222/2755/5688 2224/2754/5689
f 1902/2120/5690 1897/2105/5691 2225/2756/5692 2219/2749/5693
f 1897/2116/5694 1900/2106/5695 2224/2758/5696 2225/2757/5697
s 275
f 2229/2760/5698 2228/2843/5699 2231/2845/5700 2230/2764/5701
s 276
f 2228/2843/5702 2227/2782/5703 2232/2761/5704 2231/2845/5705
s 275
f 2235/2762/5706 2234/2847/5707 2237/2849/5708 2236/2765/5709
s 278
f 2234/2847/5710 2233/2784/5711 2238/2763/5712 2237/2849/5713
s 275
f 2229/2760/5698 2230/2764/5701 2235/2762/5706 2236/2765/5709
f 2230/2820/5701 2239/2766/5714 2244/2823/5715 2235/2767/5706
f 2247/2819/5716 2229/2768/5698 2236/2824/5709 2248/2769/5717
f 2253/2776/5718 2247/2770/5716 2248/2831/5717 2254/2771/5719
f 2239/2826/5714 2257/2772/5720 2262/2829/5721 2244/2773/5715
f 2257/2834/5720 2263/2774/5722 2268/2837/5723 2262/2775/5721
f 2271/2832/5724 2253/2776/5718 2254/2771/5719 2272/2777/5725
f 2263/2838/5722 2271/2778/5724 2272/2841/5725 2268/2779/5723
s 276
f 1889/2780/5726 1887/2781/5727 2232/2761/5704 2227/2782/5703
s 278
f 2211/2743/5728 2214/2783/5729 2238/2763/5712 2233/2784/5711
s 279
f 1887/2785/5730 1893/2786/5731 2241/2821/5732 2232/2787/5733
s 280
f 2215/2744/5734 2211/2788/5735 2233/2822/5736 2242/2789/5737
s 276
f 1892/2790/5738 1889/2791/5726 2227/2818/5703 2245/2792/5739
s 278
f 2214/2747/5729 2218/2793/5740 2250/2825/5741 2238/2794/5712
s 281
f 1901/2809/5742 1892/2795/5743 2245/2830/5744 2251/2796/5745
s 282
f 2218/2750/5746 2220/2797/5747 2256/2812/5748 2250/2798/5749
s 279
f 1893/2799/5731 1896/2800/5750 2259/2827/5751 2241/2801/5732
s 280
f 2221/2751/5752 2215/2802/5734 2242/2828/5737 2260/2803/5753
s 283
f 1896/2804/5754 1899/2805/5755 2265/2835/5756 2259/2806/5757
s 284
f 2223/2753/5758 2221/2807/5759 2260/2836/5760 2266/2808/5761
s 281
f 1898/2133/5762 1901/2809/5742 2251/2796/5745 2269/2810/5763
s 282
f 2220/2797/5747 2226/2811/5764 2274/2833/5765 2256/2812/5748
s 283
f 1899/2813/5755 1898/2814/5766 2269/2839/5767 2265/2815/5756
s 284
f 2226/2759/5768 2223/2816/5758 2266/2840/5761 2274/2817/5769
s 276
f 2227/2818/5703 2228/2842/5702 2246/2855/5770 2245/2792/5739
s 275
f 2228/2842/5699 2229/2768/5698 2247/2819/5716 2246/2855/5771
f 2230/2820/5701 2231/2844/5700 2240/2851/5772 2239/2766/5714
s 279
f 2231/2844/5773 2232/2787/5733 2241/2821/5732 2240/2851/5774
s 280
f 2233/2822/5736 2234/2846/5775 2243/2853/5776 2242/2789/5737
s 275
f 2234/2846/5707 2235/2767/5706 2244/2823/5715 2243/2853/5777
f 2236/2824/5709 2237/2848/5708 2249/2857/5778 2248/2769/5717
s 278
f 2237/2848/5713 2238/2794/5712 2250/2825/5741 2249/2857/5779
s 275
f 2239/2826/5714 2240/2850/5772 2258/2861/5780 2257/2772/5720
s 279
f 2240/2850/5774 2241/2801/5732 2259/2827/5751 2258/2861/5781
s 280
f 2242/2828/5737 2243/2852/5776 2261/2863/5782 2260/2803/5753
s 275
f 2243/2852/5777 2244/2773/5715 2262/2829/5721 2261/2863/5783
s 281
f 2245/2830/5744 2246/2854/5784 2252/2858/5785 2251/2796/5745
s 275
f 2246/2854/5771 2247/2770/5716 2253/2776/5718 2252/2858/5786
f 2248/2831/5717 2249/2856/5778 2255/2859/5787 2254/2771/5719
s 282
f 2249/2856/5788 2250/2798/5749 2256/2812/5748 2255/2859/5789
s 281
f 2251/2796/5745 2252/2858/5785 2270/2869/5790 2269/2810/5763
s 275
f 2252/2858/5786 2253/2776/5718 2271/2832/5724 2270/2869/5791
f 2254/2771/5719 2255/2859/5787 2273/2871/5792 2272/2777/5725
s 282
f 2255/2859/5789 2256/2812/5748 2274/2833/5765 2273/2871/5793
s 275
f 2257/2834/5720 2258/2860/5780 2264/2865/5794 2263/2774/5722
s 283
f 2258/2860/5795 2259/2806/5757 2265/2835/5756 2264/2865/5796
s 284
f 2260/2836/5760 2261/2862/5797 2267/2867/5798 2266/2808/5761
s 275
f 2261/2862/5783 2262/2775/5721 2268/2837/5723 2267/2867/5799
f 2263/2838/5722 2264/2864/5794 2270/2868/5791 2271/2778/5724
s 283
f 2264/2864/5796 2265/2815/5756 2269/2839/5767 2270/2868/5800
s 284
f 2266/2840/5761 2267/2866/5798 2273/2870/5801 2274/2817/5769
s 275
f 2267/2866/5799 2268/2779/5723 2272/2841/5725 2273/2870/5792
s 105
f 2278/3172/5802 2277/3207/5803 2284/3212/5804 2283/3179/5805
f 2277/3207/5803 2276/3206/5806 2285/3213/5807 2284/3212/5804
f 2276/3206/5806 2275/3290/5808 2286/3281/5809 2285/3213/5807
f 2290/3174/5810 2289/3215/5811 2296/3218/5812 2295/3181/5813
f 2289/3215/5811 2288/3214/5814 2297/3219/5815 2296/3218/5812
f 2288/3214/5814 2287/3294/5816 2298/3279/5817 2297/3219/5815
f 2302/3186/5818 2301/3221/5819 2304/3222/5820 2303/3183/5821
f 2301/3221/5819 2300/3220/5822 2305/3223/5823 2304/3222/5820
f 2300/3220/5822 2299/3296/5824 2306/3306/5825 2305/3223/5823
f 2310/3190/5826 2309/3225/5827 2312/3227/5828 2311/3187/5829
f 2309/3225/5827 2308/3224/5830 2313/3229/5831 2312/3227/5828
f 2308/3224/5830 2307/3298/5832 2314/3170/5833 2313/3229/5831
f 2318/3176/5834 2317/3231/5835 2320/3232/5836 2319/3191/5837
f 2317/3231/5835 2316/3230/5838 2321/3233/5839 2320/3232/5836
f 2316/3230/5838 2315/3303/5840 2322/3283/5841 2321/3233/5839
f 2330/3178/5842 2329/3237/5843 2332/3238/5844 2331/3197/5845
f 2329/3237/5843 2328/3236/5846 2333/3239/5847 2332/3238/5844
f 2328/3236/5846 2327/3309/5848 2334/3285/5849 2333/3239/5847
f 22/3180/5850 12/3171/5851 2282/3203/5852 2278/3172/5802
f 37/3182/5853 7/3173/5854 2294/3193/5855 2290/3174/5810
f 51/3192/5856 10/3175/5857 2311/3205/5858 2318/3176/5834
f 53/3198/5859 8/3177/5860 2303/3183/5861 2330/3178/5842
f 2283/3179/5805 9/3189/5862 22/3180/5850 2278/3172/5802
f 2295/3181/5813 5/3185/5863 37/3182/5853 2290/3174/5810
f 2303/3183/5821 8/3177/5864 21/3184/5865 2302/3186/5818
f 21/3184/5865 5/3185/5863 2295/3181/5813 2302/3186/5818
f 2311/3187/5829 10/10/5866 38/3188/5867 2310/3190/5826
f 38/3188/5867 9/3189/5862 2283/3179/5805 2310/3190/5826
f 2319/3191/5837 16/3195/5868 51/3192/5856 2318/3176/5834
f 2294/3193/5869 7/3173/5870 31/3194/5871 2326/3196/5872
f 31/3194/5871 16/3195/5868 2319/3191/5837 2326/3196/5872
f 2331/3197/5845 17/3201/5873 53/3198/5859 2330/3178/5842
f 2282/3199/5874 12/18/5875 34/3200/5876 2338/3202/5877
f 34/3200/5876 17/3201/5873 2331/3197/5845 2338/3202/5877
f 2277/3207/5803 2278/3172/5802 2282/3203/5852 2281/3211/5878
f 2275/3290/5808 2276/3206/5806 2280/3209/5879 2279/3287/5880
f 2276/3206/5806 2277/3207/5803 2281/3211/5878 2280/3209/5879
f 2281/3210/5881 2282/3199/5874 2338/3202/5877 2337/3241/5882
f 2279/3204/5883 2280/3208/5884 2336/3240/5885 2335/3311/5886
f 2280/3208/5884 2281/3210/5881 2337/3241/5882 2336/3240/5885
f 2289/3215/5811 2290/3174/5810 2294/3193/5855 2293/3217/5887
f 2287/3294/5816 2288/3214/5814 2292/3216/5888 2291/3291/5889
f 2288/3214/5814 2289/3215/5811 2293/3217/5887 2292/3216/5888
f 2293/3217/5890 2294/3193/5869 2326/3196/5872 2325/3235/5891
f 2291/3291/5892 2292/3216/5893 2324/3234/5894 2323/3305/5895
f 2292/3216/5893 2293/3217/5890 2325/3235/5891 2324/3234/5894
f 2295/3181/5813 2296/3218/5812 2301/3221/5819 2302/3186/5818
f 2296/3218/5812 2297/3219/5815 2300/3220/5822 2301/3221/5819
f 2297/3219/5815 2298/3279/5817 2299/3296/5824 2300/3220/5822
f 2283/3179/5805 2284/3212/5804 2309/3225/5827 2310/3190/5826
f 2284/3212/5804 2285/3213/5807 2308/3224/5830 2309/3225/5827
f 2285/3213/5807 2286/3281/5809 2307/3298/5832 2308/3224/5830
f 2311/3205/5858 2312/3226/5896 2317/3231/5835 2318/3176/5834
f 2312/3226/5896 2313/3228/5897 2316/3230/5838 2317/3231/5835
f 2313/3228/5897 2314/3299/5898 2315/3303/5840 2316/3230/5838
f 2319/3191/5837 2320/3232/5836 2325/3235/5891 2326/3196/5872
f 2320/3232/5836 2321/3233/5839 2324/3234/5894 2325/3235/5891
f 2321/3233/5839 2322/3283/5841 2323/3305/5895 2324/3234/5894
f 2303/3183/5861 2304/3222/5899 2329/3237/5843 2330/3178/5842
f 2304/3222/5899 2305/3223/5900 2328/3236/5846 2329/3237/5843
f 2305/3223/5900 2306/3306/5901 2327/3309/5848 2328/3236/5846
f 2331/3197/5845 2332/3238/5844 2337/3241/5882 2338/3202/5877
f 2332/3238/5844 2333/3239/5847 2336/3240/5885 2337/3241/5882
f 2333/3239/5847 2334/3285/5849 2335/3311/5886 2336/3240/5885
f 2339/3242/5902 2340/3295/5903 2342/3280/5904 2341/3266/5905
f 2340/3295/5906 2339/3242/5902 2347/3259/5907 2348/3243/5908
f 2341/3266/5905 2342/3280/5904 2354/3293/5909 2353/3267/5910
f 2343/3246/5911 2344/3244/5912 2368/3245/5913 2367/3276/5914
f 2344/3244/5915 2343/3246/5911 2345/3265/5916 2346/3288/5917
f 2346/3288/5917 2345/3265/5916 2361/3274/5918 2362/3289/5919
f 2348/3247/5908 2347/3259/5907 2365/3277/5920 2366/3248/5921
f 2349/3250/5922 2350/3304/5923 2352/3249/5924 2351/3269/5925
f 2350/3304/5926 2349/3250/5922 2355/3261/5927 2356/3292/5928
f 2351/3269/5925 2352/3251/5924 2358/3252/5929 2357/3270/5930
f 2353/3267/5910 2354/3293/5909 2356/3292/5928 2355/3261/5927
f 2357/3270/5930 2358/3253/5929 2360/3254/5931 2359/3263/5932
f 2359/3263/5932 2360/3255/5931 2370/3297/5933 2369/3272/5934
f 2362/3289/5919 2361/3274/5918 2363/3273/5935 2364/3282/5936
f 2364/3282/5936 2363/3273/5935 2369/3272/5934 2370/3297/5937
f 2366/3256/5921 2365/3277/5920 2367/3276/5914 2368/3257/5913
f 876/3258/1537 2365/3277/5920 2347/3259/5907 870/3268/1535
f 875/3260/1492 2353/3267/5910 2355/3261/5927 879/3271/1563
f 884/3262/1505 2357/3270/5930 2359/3263/5932 885/3275/1571
f 890/3264/1518 2361/3274/5918 2345/3265/5916 891/3278/1579
f 2347/3259/5907 2339/3242/5902 2341/3266/5905 870/3268/5938
f 2341/3266/5905 2353/3267/5910 875/3260/1492 870/3268/1491
f 2355/3261/5927 2349/3250/5922 2351/3269/5925 879/3271/5939
f 2351/3269/5925 2357/3270/5930 884/3262/1505 879/3271/1504
f 2359/3263/5932 2369/3272/5934 2363/3273/5935 885/3275/5940
f 2363/3273/5935 2361/3274/5918 890/3264/1518 885/3275/1517
f 2345/3265/5916 2343/3246/5911 2367/3276/5914 891/3278/5941
f 2367/3276/5914 2365/3277/5920 876/3258/1537 891/3278/1547
f 2298/3279/5817 2354/3293/5909 2342/3280/5904 2299/3296/5824
f 2286/3281/5809 2362/3289/5919 2364/3282/5936 2307/3298/5832
f 2322/3283/5841 2358/3302/5929 2352/3284/5924 2323/3305/5895
f 2334/3285/5849 2366/3308/5921 2368/3286/5913 2335/3311/5886
f 2279/3287/5880 2344/3244/5942 2346/3288/5917 2275/3290/5808
f 2346/3288/5917 2362/3289/5919 2286/3281/5809 2275/3290/5808
f 2291/3291/5889 2350/3304/5943 2356/3292/5928 2287/3294/5816
f 2356/3292/5928 2354/3293/5909 2298/3279/5817 2287/3294/5816
f 2342/3280/5904 2340/3295/5944 2306/3306/5825 2299/3296/5824
f 2364/3282/5936 2370/3297/5945 2314/3170/5833 2307/3298/5832
f 2314/3299/5898 2370/3300/5946 2360/3301/5931 2315/3303/5840
f 2360/3301/5931 2358/3302/5929 2322/3283/5841 2315/3303/5840
f 2352/3284/5924 2350/3304/5947 2291/3291/5892 2323/3305/5895
f 2306/3306/5901 2340/3295/5948 2348/3307/5908 2327/3309/5848
f 2348/3307/5908 2366/3308/5921 2334/3285/5849 2327/3309/5848
f 2368/3286/5913 2344/3310/5949 2279/3204/5883 2335/3311/5886
